# Exact950 concrete NPC options; score prioritises useful interactions, curated boss identity then attack.
18806	0
18906	0
18908	0
21280	0
21288	0
21307	0
21315	0
21322	0
24577	0
24578	0
24581	0
24586	0
26749	0
19447	0
19938	0
19947	0
19989	0
20012	0
20062	0
20063	0
19977	0
20025	0
20043	0
18350	0
19339	0
19962	0
20027	0
20076	0
19940	0
19991	0
20080	0
19829	0
19830	0
19952	0
19961	0
19978	0
20022	0
20028	0
20034	0
20053	0
20090	0
20094	0
19981	0
19997	0
18577	0
18588	0
21269	0
18583	0
18584	0
17547	0
19932	0
20020	0
20095	0
21275	0
19959	0
19980	0
20031	0
20035	0
20046	0
20071	0
18901	0
21293	0
21294	0
21317	0
17750	0
18905	0
18898	0
18900	0
18909	0
18899	0
18897	0
18907	0
21248	0
21613	0
17940	0
17958	0
17966	0
19337	0
19345	0
22765	0
17856	0
17858	0
23745	0
21253	0
17814	0
17747	0
17817	0
17930	0
17623	0
17916	0
21313	0
17823	0
17824	0
17825	0
17830	0
17904	0
17908	0
20406	0
20414	0
19928	0
20006	0
20061	0
21573	0
21601	0
21609	0
21290	0
21305	0
17879	0
17883	0
17881	0
17837	0
17855	0
17867	0
23746	0
17702	0
17726	0
17920	0
17917	0
17919	0
17921	0
17923	0
17924	0
21285	0
17765	0
19835	0
19946	0
19976	0
19987	0
20018	0
21268	0
21578	0
21603	0
21608	0
23744	0
18352	0
19451	0
19453	0
17903	0
17912	0
17980	0
18581	0
17896	0
21249	0
19948	0
20013	0
20056	0
21255	0
17777	0
21267	0
19936	0
19995	0
20069	0
19971	0
20015	0
20089	0
19934	0
19935	0
19942	0
19955	0
19958	0
19966	0
19968	0
19973	0
19984	0
19993	0
19998	0
20008	0
20011	0
20016	0
20021	0
20037	0
20039	0
20041	0
20048	0
20049	0
20052	0
20054	0
20057	0
20065	0
20077	0
20092	0
19929	0
19941	0
19949	0
19957	0
19985	0
19994	0
19996	0
20000	0
20042	0
20067	0
20072	0
20085	0
17729	0
17746	0
17842	0
17870	0
17878	0
19930	0
20029	0
20086	0
18348	0
18331	0
18334	0
18337	0
18339	0
18340	0
18344	0
18345	0
18351	0
18325	0
18322	0
17848	0
17861	0
17663	0
17749	0
17757	0
17771	0
21261	0
21265	0
21279	0
21286	0
21291	0
17752	0
17755	0
17947	0
17948	0
17949	0
17959	0
17960	0
17962	0
17963	0
17965	0
24584	0
18417	0
19449	0
19444	0
19448	0
24582	0
17762	0
17849	0
17872	0
17753	0
17665	0
17672	0
17695	0
17725	0
17760	0
17779	0
17756	0
17853	0
17671	0
17754	0
17891	0
21264	0
21272	0
17674	0
17735	0
17744	0
17766	0
21260	0
21277	0
21282	0
21284	0
21300	0
21302	0
19346	0
17866	0
17882	0
17900	0
21281	0
17933	0
17935	0
17941	0
17946	0
17844	0
17871	0
17876	0
22270	0
22278	0
22763	0
17639	0
17657	0
17713	0
17899	0
17841	0
17843	0
17863	0
17873	0
17884	0
17886	0
17852	0
17864	0
17875	0
18333	0
18353	0
18411	0
18414	0
18416	0
18418	0
18419	0
17890	0
17892	0
17894	0
17898	0
17901	0
17895	0
17992	0
17993	0
17996	0
17999	0
18002	0
18005	0
18007	0
19845	0
19931	0
19933	0
20019	0
20030	0
20044	0
20059	0
20070	0
20074	0
20081	0
21259	0
19837	0
19964	0
20033	0
20073	0
19967	0
20004	0
20084	0
19944	0
20014	0
20075	0
19956	0
20009	0
20055	0
17736	0
21572	0
21595	0
21607	0
20752	0
23751	0
21301	0
17738	0
17742	0
17850	0
17865	0
17880	0
24589	0
17889	0
21271	0
21252	0
17798	0
17800	0
17801	0
21278	0
24579	0
20761	0
23753	0
19836	0
19848	0
19849	0
19953	0
19982	0
20001	0
20010	0
20060	0
20064	0
17906	0
17910	0
17907	0
17911	0
17670	0
17731	0
17732	0
17745	0
21292	0
21298	0
21295	0
21296	0
18578	0
18585	0
19514	0
22755	0
19951	0
19970	0
20007	0
20023	0
20050	0
20079	0
17620	0
17769	0
17808	0
17815	0
17827	0
17922	0
17931	0
19515	0
20758	0
20759	0
23754	0
19974	0
19992	0
20082	0
19341	0
17818	0
17927	0
19446	0
19851	0
19983	0
19988	0
20040	0
22272	0
22275	0
17743	0
21276	0
20751	0
21266	0
17847	0
17874	0
21247	0
17854	0
17860	0
17885	0
22757	0
17832	0
23750	0
18321	0
19445	0
19452	0
20410	0
20412	0
18408	0
19450	0
19972	0
20017	0
20066	0
21574	0
21599	0
21614	0
21577	0
21596	0
21617	0
17813	0
17926	0
21579	0
21605	0
21615	0
19954	0
20003	0
20058	0
21569	0
21594	0
21616	0
24587	0
21262	0
17928	0
20215	10
22762	0
19943	0
20032	0
20091	0
21568	0
21604	0
21610	0
19979	0
20024	0
20068	0
21576	0
21597	0
21618	0
20757	0
19950	0
20005	0
20045	0
21580	0
21606	0
21619	0
19342	0
17678	0
17694	0
17721	0
17733	0
22764	0
17902	0
17991	0
18010	0
22758	0
17829	0
19965	0
19986	0
20093	0
24583	0
24590	0
24580	0
24576	0
24588	0
17819	0
17820	0
18225	0
18234	0
20755	0
17638	0
17651	0
17661	0
17691	0
17699	0
17706	0
17724	0
17730	0
18574	0
18587	0
17619	0
17621	0
17622	0
17626	0
17627	0
17636	0
17641	0
17647	0
17648	0
17649	0
17654	0
17655	0
17667	0
17675	0
17682	0
17683	0
17690	0
17692	0
17696	0
17700	0
17701	0
17703	0
17708	0
17710	0
17716	0
17718	0
17722	0
17723	0
17727	0
18335	0
18343	0
17944	0
17945	0
17897	0
19340	0
17857	0
17859	0
21274	0
20749	0
22271	0
22276	0
17973	0
18229	0
18244	0
18338	0
18412	0
18902	0
18903	0
18904	0
19429	0
17763	0
21256	0
17893	0
17640	0
17644	0
17659	0
17669	0
17687	0
17704	0
17712	0
17719	0
17778	0
17816	0
17918	0
17925	0
17698	0
17717	0
17751	0
21257	0
17643	0
17656	0
17707	0
18336	0
17834	0
17676	0
17748	0
17773	0
17774	0
20407	0
20411	0
21287	0
17543	0
17803	0
17822	0
17839	0
17877	0
17982	0
19423	0
20409	0
20413	0
20753	0
21251	0
21270	0
21311	0
21575	0
21602	0
21611	0
22269	0
22274	0
22759	0
23749	0
23877	0
24575	0
25314	0
17979	0
17981	0
17983	0
17994	0
17995	0
17997	0
18000	0
18001	0
18003	0
18004	0
18006	0
18008	0
18009	0
18011	0
18013	0
17776	0
17929	0
19343	0
17805	0
17809	0
17835	0
17938	0
17953	0
21242	0
25313	0
17905	0
17909	0
19844	0
19969	0
19990	0
20051	0
18330	0
21246	0
17851	0
17967	0
17971	0
18221	0
18247	0
18226	0
18246	0
18224	0
18235	0
18213	0
18220	0
18231	0
18232	0
18223	0
18237	0
18218	0
18249	0
18217	0
18238	0
17984	0
18012	0
21570	0
21571	0
21598	0
21600	0
21612	0
17764	0
17768	0
19338	0
25315	0
17952	0
17939	0
17943	0
17955	0
17961	0
17951	0
17810	0
17811	0
17812	0
17833	0
17838	0
20754	0
22756	0
22760	0
23878	0
17637	0
17646	0
17650	0
17652	0
17660	0
17666	0
17679	0
17685	0
17686	0
17689	0
17697	0
17705	0
17709	0
17714	0
17715	0
17737	0
17759	0
17970	0
17978	0
17974	0
17977	0
17972	0
17975	0
17680	0
18332	0
17968	0
21243	0
21245	0
17836	0
19335	0
19344	0
25318	0
17840	0
17869	0
17887	0
18890	0
17985	0
17986	0
18889	0
17987	0
20595	0
17934	0
17936	0
17954	0
17956	0
17957	0
20596	0
17988	0
17989	0
17804	0
17806	0
17807	0
20597	0
18888	0
17990	0
21254	0
17624	0
17625	0
17653	0
17681	0
17688	0
18410	0
18413	0
18415	0
19846	0
19847	0
22766	0
19937	0
20036	0
20078	0
19945	0
19960	0
19963	0
20026	0
20038	0
20087	0
20088	0
17728	0
17740	0
17741	0
17799	0
17828	0
21244	0
21250	0
17932	0
17937	0
17950	0
17846	0
17868	0
17888	0
22761	0
21304	0
24585	0
17845	0
17862	0
23725	0
23755	0
27526	10
27527	10
17761	0
17662	0
17664	0
17734	0
17767	0
17772	0
17914	0
21310	0
17821	0
17913	0
21314	0
17915	0
21316	0
21308	0
21309	0
21312	0
17758	0
17998	0
17673	0
17775	0
20408	0
20415	0
21303	0
18219	0
18250	0
20750	0
23733	0
23743	0
23748	0
23757	0
18212	0
18236	0
18211	0
18214	0
18215	0
18228	0
18230	0
18233	0
18239	0
18242	0
18241	0
18210	0
18248	0
18216	0
18243	0
18227	0
18240	0
17826	0
17831	0
23747	0
20756	0
23752	0
17969	0
17976	0
25316	0
18575	0
18576	0
31545	10
31693	10
31722	10
31732	10
32092	10
24489	10
24531	0
4554	10
4541	10
4553	10
4544	10
5898	1030
5589	20
30960	10
30963	0
5587	10
5588	0
21591	10
21592	0
4542	10
20881	10
5591	20
21683	10
21663	10
21664	0
4556	10
21655	10
21656	0
5590	20
30186	10
30187	30
30188	30
31311	0
4545	10
21698	10
21692	10
22983	210
13603	5100
13604	5100
13605	5100
13606	5100
13607	5100
25377	0
25378	0
25379	0
25380	0
25381	0
32667	10
32668	10
4557	10
5592	20
11248	20
11254	20
5585	10
5586	0
21673	10
21647	10
21648	0
2577	220
29443	0
7825	10
4349	10
6700	0
25365	10
25366	10
18727	0
18409	0
18702	0
18896	0
18328	0
18701	0
18895	0
18699	0
18703	0
18700	0
18715	0
18716	0
18717	0
18723	0
18722	0
18718	0
18719	0
18724	0
18726	0
18721	0
18720	0
18725	0
24246	100
15872	10
3452	0
3453	0
3454	0
3455	0
3456	0
3457	0
3458	0
3459	0
3460	0
3461	0
8729	0
21767	10
22506	20
26547	10
26591	0
27993	0
28489	0
30072	10
30418	0
31145	0
32307	0
32681	0
15781	0
15782	0
5906	5100
14540	100
15298	100
23309	0
4746	10
4747	10
4748	10
4749	10
4750	10
4751	10
4752	10
4753	10
4754	10
4755	10
23323	10
23333	10
2800	0
24786	0
9684	10
959	20
28682	10
25551	20
28180	20
28837	20
28181	20
14630	10
14632	0
801	10
130	0
6635	0
6648	20
6649	30
6650	30
6651	30
27001	0
1432	10
1604	5100
1605	5100
1606	5100
1607	5100
7801	5100
7802	5100
7803	5100
7804	5100
24728	100
8987	5100
4919	0
13982	10
24331	100
24332	100
24299	100
24300	100
24313	100
24314	100
24227	100
24228	100
24269	100
24270	100
24243	100
24244	100
24239	100
24240	100
24337	100
24338	100
24295	100
24296	100
24207	100
24208	100
24217	100
24218	100
24273	100
24274	100
21206	0
21207	0
32490	20
27192	0
20379	10
28781	100
29096	10
29097	10
29175	0
29351	100
1615	5100
4230	0
9086	0
21502	5100
22496	5100
26790	0
26869	10
26870	110
29174	0
29342	100
29183	120
29184	120
29185	120
2264	5100
24373	10
24374	0
24364	0
28439	0
28440	0
28441	0
24361	20
2263	5100
28783	100
29177	0
29353	100
6820	20
6821	120
8624	20
9245	0
6818	20
6819	120
26756	10
26757	0
26763	0
27867	100
28782	100
29085	10
29086	10
29087	10
29088	10
29089	10
29090	10
29091	10
29092	10
29093	10
29094	10
29095	10
29176	0
29352	100
28914	10
28784	100
7349	20
7350	120
2265	5100
21877	10
21399	20
21398	20
22242	10
22243	10
23198	20
23199	0
29512	20
29513	0
29983	20
29984	0
31047	10
31048	0
24517	10
22007	5100
29343	100
796	10
29181	10
8465	230
19470	0
8185	0
8186	0
8187	0
8188	0
8189	0
8190	0
8191	0
8192	0
8193	0
8194	0
8195	0
8196	0
8197	0
8198	0
8199	0
8200	0
12253	0
12254	0
12255	0
12256	0
12257	0
12258	0
12259	0
12260	0
26930	10
26931	20
20510	10
32671	0
32684	10
8945	10
8946	10
8969	10
21135	100
21202	100
6861	10
6862	110
2558	0
31251	0
4631	10
4632	10
6310	10
6313	10
6615	10
6616	10
6617	10
6618	10
6619	10
6620	10
6621	10
11122	10
11123	110
11222	10
11223	110
11162	20
11163	120
11182	10
11183	110
11142	10
11143	110
11202	20
11203	120
96	5100
24714	10
28806	10
28852	10
28862	10
29144	10
29314	10
29322	10
29435	10
29674	10
29676	10
29738	0
29788	10
29789	10
29675	10
11296	40
1512	10
4960	0
24727	0
25255	10
29142	0
29143	0
29328	0
29329	0
29330	0
29331	0
29332	0
29333	0
29334	0
29335	0
29336	0
29337	0
29338	0
29796	0
29797	0
29798	0
29799	0
30046	0
30047	0
30048	0
30049	0
30050	0
30051	0
30052	0
30053	0
30054	0
30055	0
30056	0
30057	0
30058	0
30059	0
30060	0
30061	0
30062	0
30063	0
30064	0
30065	0
30885	0
30886	0
30887	0
31245	0
31246	0
31492	0
31502	0
31503	0
31794	0
31795	0
31796	0
31797	0
31798	0
31799	0
31800	0
31801	0
31802	0
31803	0
31804	0
31805	0
31806	0
32512	0
32513	0
32514	0
6307	0
3119	10
3120	30
19520	0
19522	10
590	210
4710	10
20109	40
1257	110
1258	110
1261	110
1262	110
1253	10
1251	10
968	10
28685	10
1554	10
5954	0
5955	0
27246	10
922	20
8207	10
8082	10
1661	10
5447	10
22928	10
1663	0
1664	10
2161	210
1305	20
9124	0
21217	0
19323	0
19332	100
19333	0
19334	0
2919	5100
14502	0
14503	100
17308	100
20834	10
20885	100
3493	5100
14543	0
14544	100
17297	100
2692	10
25622	5100
22725	10
22726	0
2025	5100
8080	0
14263	0
18475	10
18538	5100
18539	5100
19069	10
19070	10
22347	10
23836	0
31013	100
18532	10
18554	20
23501	0
27045	100
27059	100
1021	5100
15273	0
15403	20
2712	5100
18621	5100
18622	5100
21344	100
21345	100
21346	100
21347	100
21834	0
21835	0
21051	100
21055	100
21053	100
21052	100
21054	100
4288	10
22342	10
1688	210
29027	10
29028	0
8338	10
14253	0
8081	0
14295	0
14297	5100
14298	5100
14299	5100
14300	5100
18481	10
22445	100
25136	0
31019	10
5469	0
6663	10
6664	10
3141	10
3142	10
3149	0
14275	0
14289	0
16895	0
16968	10
18482	10
23625	10
23626	10
23654	10
28266	20
28267	20
18	5110
31191	10
31192	10
31193	0
31194	0
31195	0
32196	0
32197	0
32209	0
832	10
2809	10
8933	20
2339	220
25065	10
25697	110
4345	5100
6847	20
6848	120
9472	0
3099	10
23369	210
5110	210
31043	10
31044	0
32407	0
6036	5110
20310	220
793	210
28568	0
14862	210
22768	10
21170	20
21172	10
21174	10
21175	0
21176	20
21177	20
7785	10
1862	210
2961	0
31154	10
31205	10
7447	10
7469	10
14251	10
14330	10
27916	10
11642	10
11643	10
8259	0
2307	210
5212	0
2814	10
5202	10
5203	10
5205	0
16711	30
15812	0
12381	10
26449	10
31063	10
31064	0
24399	20
8835	10
304	10
2732	210
2733	210
15586	10
15587	110
26427	10
7604	10
710	10
3210	10
3211	10
1381	5110
9053	0
31659	0
850	10
3933	10
2860	220
21940	10
21941	0
31540	0
32065	10
32068	10
32069	0
32241	0
32245	0
17206	20
17207	20
18879	100
20502	100
20503	0
32060	100
32217	20
32218	20
32219	0
32220	0
26814	10
5863	10
4582	10
4580	10
15911	10
24567	10
24659	10
24660	0
4581	10
26097	10
26098	0
26070	20
26071	0
15106	10
3608	10
27945	10
27946	0
26262	10
24434	10
23007	0
19862	30
20336	10
20337	0
20338	10
20339	0
20340	10
20341	0
20342	10
20343	0
13130	0
13792	0
14900	20
7123	0
24698	10
822	10
823	10
23243	0
23073	100
23074	100
25585	5110
28672	10
23435	10
23379	10
23443	10
20193	0
20194	10
21827	10
21828	10
21826	10
13459	5100
21492	100
22500	5100
24020	0
1484	0
29471	0
29472	0
13457	100
21491	100
22499	5100
24401	10
24403	10
29468	0
13456	5100
21490	100
22498	5100
26473	10
26474	10
26476	10
26477	10
26479	10
26480	10
26482	10
26483	10
26448	20
7957	0
30226	10
7674	10
7676	10
7679	0
22617	0
440	10
1723	0
24981	10
24124	0
22790	10
22791	0
20249	0
9703	10
29469	0
24394	0
24395	0
24396	0
8865	10
21634	40
21635	30
27937	20
28856	10
29180	10
259	10
749	5100
3645	100
3664	100
31783	0
3647	100
3662	100
4940	100
3648	100
3663	100
14045	100
14685	100
3646	100
3661	100
4789	100
4790	100
25256	10
30204	10
30251	0
5169	10
5170	10
24703	10
23371	210
24371	10
24372	0
25526	100
25522	10
22918	5100
31636	20
31637	0
22919	0
24379	10
24380	0
24385	10
24386	0
24383	10
24384	0
24387	10
24388	0
24389	10
24390	0
24391	10
24392	0
4283	5100
4281	5100
10744	5110
10745	110
10746	110
10747	110
10748	110
10749	110
10750	110
10751	110
10752	110
10753	110
20817	100
25668	110
4278	5100
4279	5100
4282	5100
10168	5110
10169	110
10170	110
10171	110
10172	110
10173	110
10174	110
10175	110
10176	110
10177	110
4284	5100
5414	5100
4280	5100
5382	100
14432	100
24381	10
24382	0
24377	10
24378	0
672	10
24375	10
24376	0
2684	120
22703	10
4381	5100
4382	5100
4383	5100
10736	5110
10737	110
10738	110
10739	110
10740	110
10741	110
10742	110
10743	110
21433	5100
29372	100
30427	100
2996	10
814	10
6178	10
6180	10
5837	10
29378	10
29616	10
29704	10
29753	0
5512	10
27538	10
27020	10
27021	0
27536	10
29755	0
4477	0
25123	10
27986	10
27987	10
26730	20
13641	10
4295	210
24407	20
12166	10
12168	10
12170	0
12172	10
32678	10
32679	10
32680	10
32682	0
22640	10
22641	20
22660	0
31450	10
31451	10
31452	10
31453	10
18203	10
15803	0
15804	10
15829	100
15878	0
15879	10
17221	0
17222	100
19296	0
20424	100
13232	0
13234	0
32070	10
32071	10
32073	10
32135	0
2008	100
21088	0
638	10
20827	10
28961	30
16916	0
1510	10
5532	20
31185	0
31215	10
14906	210
5026	10
4904	20
3235	10
22863	10
9172	5100
21499	5100
24684	100
13142	0
13794	0
14897	20
19464	100
21001	0
19457	100
19462	100
19463	100
20998	0
20999	0
21000	0
19465	100
19466	100
19467	100
25818	20
14117	10
14118	10
14855	20
26430	0
14851	20
14857	20
14858	20
14856	20
31076	0
31077	0
26753	0
27795	100
28239	0
28240	0
28241	100
28244	0
28351	20
28353	0
11089	0
11099	10
26969	10
7871	10
17496	10
17497	10
26329	0
26331	0
26333	0
26391	0
26555	10
26862	10
26863	10
26907	0
26908	0
26909	10
26910	10
26911	0
26912	0
26913	10
26914	10
26915	10
26916	10
26917	0
26918	0
30563	10
30564	0
31580	0
31582	0
27220	0
17505	10
29644	10
27	100
1073	10
1074	10
1075	10
12178	20
12213	20
13701	0
15088	0
15089	0
15090	10
15091	10
15092	10
15093	10
15105	10
15121	10
32433	10
24906	10
20933	0
27008	20
29544	20
29545	0
30015	20
30016	0
30581	10
30904	10
30905	10
27642	10
11601	0
16142	10
16143	10
16184	20
16185	20
18840	10
21164	10
25836	20
6839	10
6840	110
7169	110
32210	0
8661	0
8907	10
23075	100
23076	100
25586	5110
25630	5100
563	210
7821	30
7836	30
7901	20
13929	10
13930	10
13941	10
13942	10
13944	10
13946	10
16106	10
16107	10
16108	0
16109	0
16110	0
16111	0
16112	0
16113	10
16114	10
16115	10
16116	10
16158	10
16159	10
16163	0
16164	10
16165	10
16166	10
16167	10
20398	10
20400	0
20402	10
20403	10
26624	10
26657	10
26658	10
26826	10
27439	10
27576	10
27578	10
27579	0
27697	10
27720	10
28037	10
28078	10
29761	0
28263	20
28264	20
1202	10
8913	10
8914	10
8950	10
8966	10
19557	10
19565	10
19811	20
19812	30
19838	0
19896	10
21535	10
23894	0
28257	20
28258	20
26827	10
26828	10
26829	10
26830	10
26831	40
24637	10
24781	10
25233	0
17057	10
18505	10
18754	0
20700	0
23812	0
23820	10
23900	0
26357	0
27695	10
27817	10
28082	10
28749	10
28900	10
29149	10
29196	0
21126	0
21127	0
6595	20
29467	0
18728	0
18768	100
18769	100
18788	100
18789	100
17077	100
18790	100
18791	100
18633	10
18634	10
18635	10
18636	10
18637	10
18638	10
18639	10
18640	10
18641	10
18786	100
18787	100
21436	100
21437	100
21438	100
21439	100
21440	100
21441	100
21442	100
18623	10
18624	20
18629	10
18630	20
18631	10
18632	20
18642	10
18643	10
18644	10
18645	10
18755	0
18756	0
18757	0
18758	0
18759	0
18760	0
18761	0
18762	0
18748	100
18798	0
18799	0
18800	0
21443	100
18766	10
18767	10
18765	10
17075	100
18764	20
18805	30
18763	10
17074	100
25158	100
17076	100
21434	100
21435	100
13194	10
15548	10
3930	10
9354	0
682	210
26412	200
5986	100
6048	100
30023	100
30024	100
30025	100
30042	0
30164	100
8149	5100
8150	5100
8151	5100
8152	5100
8153	5100
8154	0
8155	0
8156	0
8157	0
8158	0
8159	5100
8160	5100
8161	5100
8162	5100
8163	5100
8164	5100
9162	0
9163	0
9165	0
14278	100
14279	100
14280	100
14281	100
14339	5100
17009	100
17010	100
17265	100
20744	100
20745	100
20893	100
20894	100
20895	100
20896	100
20924	100
20925	100
20926	100
20927	100
23042	100
23043	100
23044	100
23045	100
26170	5110
26171	110
26172	110
26173	110
29829	100
21379	30
5448	10
3824	1220
1361	10
21857	10
8168	0
8169	10
9160	10
9161	110
14347	10
14433	0
14434	100
17338	100
20837	10
20838	10
20839	10
20840	10
20841	10
20842	10
20843	0
21324	100
21325	100
11457	10
1555	10
1556	5100
14452	0
14453	100
17341	100
5930	20
27494	20
27495	0
28490	0
3779	10
15747	10
25647	0
22345	20
5109	210
13928	10
2365	20
1856	100
1857	5100
1858	5100
14528	0
14529	100
17301	100
1853	100
1854	5100
1855	5100
1850	100
1851	5100
1852	5100
1859	10
14418	10
26434	0
26690	20
26691	20
26692	20
26688	20
26693	20
1918	10
29731	10
1100	0
21050	10
21416	10
1366	10
13455	1030
1295	10
2439	10
7389	10
7401	10
9319	10
28888	100
28889	100
28887	100
3081	0
8422	100
8423	100
9044	10
29951	100
29952	10
2166	10
7726	0
13236	10
6787	10
27390	10
5054	40
24788	20
5056	40
24406	10
5055	40
26891	0
26892	0
5053	40
5057	40
27391	10
27392	10
27292	10
26893	0
26894	0
26382	0
9965	100
9966	100
9967	100
9968	100
9969	100
9970	100
9971	100
9972	100
9973	100
9974	100
9975	100
9976	100
9977	100
9978	100
9979	100
9980	100
9981	100
9982	100
9983	100
9984	100
9985	100
9986	100
9987	100
9988	100
9989	100
9990	100
9991	100
9992	100
9993	100
9994	100
9995	100
9996	100
9997	100
9998	100
9999	100
10000	100
10001	100
10002	100
10003	100
10004	100
10005	100
10006	100
10007	100
10008	100
10009	100
10010	100
10011	100
10012	100
10013	100
10014	100
10015	100
10016	100
10017	100
10018	100
10019	100
10020	100
10021	100
25653	100
30969	100
29808	20
29809	30
29824	10
29915	10
30109	10
30543	0
30546	0
30551	10
30552	10
30583	10
30594	10
30699	10
13104	20
13105	10
15670	10
15686	10
15411	20
22221	10
9311	0
9313	0
21074	10
21431	20
1248	5100
1247	100
14053	5100
15297	100
27755	20
13593	10
27550	20
27551	20
27552	20
27553	20
27554	20
27555	20
30476	40
30477	30
30478	40
30479	30
30480	40
30481	30
5913	220
14746	10
20777	210
25107	10
27443	10
8086	0
8087	0
2201	10
29104	20
5049	40
5050	20
5051	20
5052	20
28635	10
28636	0
3541	210
22443	10
23662	10
23707	10
23708	10
23714	0
23716	0
23722	0
19864	20
30350	210
232	10
6628	0
6629	10
6630	10
6631	10
6632	10
6633	0
22474	100
22475	100
22476	100
26617	0
22477	5100
16905	5100
16908	100
16956	0
16957	0
16983	100
16986	100
16907	5100
16910	100
16954	0
16955	0
16985	100
16988	100
16906	5100
16909	100
16958	0
16959	0
16984	100
16987	100
5533	0
5534	0
5535	0
5536	0
5537	0
5538	0
5198	220
22511	20
22516	0
27764	10
27776	0
13826	10
13827	10
13883	20
13933	0
663	20
22316	0
22453	5100
28097	10
28185	100
29417	100
29418	10
31000	100
21939	100
25317	0
31105	0
8597	5100
8614	0
8596	5100
8615	0
26363	0
32489	20
32497	0
6232	5100
6233	5100
6234	5100
6235	5100
6236	5100
6237	5100
6238	5100
6239	5100
6240	5100
6241	5100
6242	5100
6243	5100
6244	5100
6245	5100
6246	5100
23547	10
23563	0
1448	10
3396	0
3397	0
3040	10
28708	10
30391	0
28963	10
30826	10
15748	220
31156	10
31222	10
14864	210
13218	0
13219	5100
13220	0
14601	0
14605	100
17292	100
23384	10
23529	20
24762	230
16125	0
16128	0
16137	0
25734	20
23546	10
23562	0
19442	100
32764	10
1971	10
9047	10
9048	0
14277	0
16965	10
18483	10
19156	10
19158	10
23627	10
23655	10
23693	0
23710	10
23718	0
23735	0
23811	0
26288	10
26967	0
27574	10
27575	10
27577	10
27652	10
27656	0
27690	10
27698	10
27816	10
27932	0
27933	0
27934	10
28079	20
28746	10
28821	10
28899	10
28902	10
29148	10
29197	0
29316	10
28251	20
28252	20
14291	0
31773	0
4513	210
9093	10
9094	10
9146	10
9324	10
9326	10
9330	10
9339	10
9341	10
9347	210
21226	0
8204	10
15852	10
15636	10
14853	20
26689	20
14861	20
30947	0
30952	10
30953	0
8621	20
9248	0
3376	5100
25748	20
52	5100
4665	5100
4666	5100
25746	20
14871	20
6922	20
6924	20
6926	20
6928	20
6930	20
6932	20
6934	20
6936	20
6938	20
6940	20
28015	0
28016	0
28017	0
28018	0
28019	0
28020	0
28021	0
28022	0
28023	0
28024	0
25729	20
14880	20
30949	0
30954	10
30955	0
30945	100
6901	20
6903	20
6905	20
6907	20
9208	0
9209	0
9210	0
9211	0
14888	20
6915	20
6917	0
7277	20
7278	20
7279	20
7280	20
7285	0
7286	0
7287	0
7288	0
28354	0
28356	0
28358	0
28360	0
28362	0
6947	20
7293	20
7295	20
7297	20
7299	20
18207	20
25747	20
7713	10
7736	0
1028	10
6055	10
14898	20
8622	20
9249	0
26695	20
18938	100
6942	20
6944	0
7210	20
7212	20
7214	20
7216	20
7218	20
7220	20
7222	20
7224	20
7226	20
7228	0
7229	0
7230	0
7231	0
7232	0
7233	0
7234	0
7235	0
7236	0
26677	20
30964	20
30965	0
31402	20
31405	0
26683	20
30951	0
30956	10
30957	0
6908	20
7313	20
7316	20
28758	0
28759	0
28760	0
7018	20
7019	20
7020	20
7024	0
7025	0
7026	0
6913	20
6997	0
7271	20
7273	20
7275	0
7276	0
28012	0
28013	0
28014	0
1589	5100
3588	100
4667	5100
4668	5100
25745	20
4971	5100
25749	20
26706	0
26707	20
8016	10
26701	20
8947	20
25129	20
25130	0
26714	20
6919	20
6921	0
7301	20
7303	20
7305	20
7307	20
7309	0
7310	0
7311	0
7312	0
14224	0
14225	0
14226	0
3319	100
3320	100
14846	20
14848	10
14993	0
16004	10
16005	0
16006	0
19087	0
26720	20
23178	20
23179	0
29492	20
29493	0
29963	20
29964	0
25828	10
17351	0
17352	0
17353	0
17354	0
17355	0
17356	0
17357	0
17358	0
17360	0
17362	0
17364	0
17366	0
17367	0
17368	0
17369	0
17370	0
8685	10
32634	100
32701	10
32702	0
1872	20
20493	20
27799	20
27802	0
14863	20
14867	20
14868	20
14865	20
26432	0
27219	0
14859	20
695	10
13763	10
11008	0
571	210
32545	210
32576	210
10128	5100
10129	100
10130	100
10131	100
10132	100
10133	100
10134	100
10135	100
10136	100
10137	100
10138	100
10139	100
10140	100
10141	100
12845	0
8281	5100
8282	5100
8283	5100
8284	0
8285	0
8546	10
14462	0
14463	0
14464	100
14465	100
14466	100
17335	100
17336	100
17337	100
23971	10
23972	10
23973	10
6208	5100
13828	20
13829	10
13830	30
17212	0
17213	0
17214	0
32468	0
32469	0
32470	0
11450	50
11451	50
13694	10
13695	20
2275	10
2276	10
2277	10
2278	10
14232	10
14233	10
14234	10
14235	10
14735	10
14736	10
14737	10
14738	10
16876	0
16877	0
16878	0
16879	0
25955	0
25956	0
25959	0
25960	0
25953	0
25954	0
25957	0
25958	0
3473	0
3474	0
3475	0
7047	10
7087	0
22767	30
24711	10
13183	10
17516	0
13191	210
29109	20
1880	120
1881	140
1926	5120
1927	10
1928	10
1929	10
1930	10
1931	5120
7399	110
7427	110
7428	110
15818	10
15819	10
15820	10
15821	10
15822	10
15824	100
15825	100
15826	100
15827	100
15828	100
32211	0
32212	0
32213	0
195	100
23157	100
23158	100
1885	5100
15817	10
15823	100
1878	10
7492	100
7493	100
7494	100
7495	100
7496	100
1917	210
18506	10
18770	0
20701	0
26360	0
31012	10
2541	0
4540	5100
5460	10
5461	10
19354	10
18774	0
6592	20
29466	0
18784	100
18785	100
18794	100
18795	100
25721	20
18796	100
18797	100
18652	10
18653	10
18654	10
18655	10
18656	10
18657	10
18658	10
18659	10
18660	10
18792	100
18793	100
21444	100
21445	100
21446	100
21447	100
21448	100
21449	100
21450	100
21451	100
21452	100
16684	100
18646	10
18647	20
18648	10
18649	20
18650	10
18651	20
18781	10
18661	10
18662	10
18663	10
18664	10
18771	0
18772	0
18773	0
18775	0
18776	0
18777	0
18778	0
18749	100
18801	0
18802	0
18803	0
21453	100
22198	100
18782	10
18783	10
17080	100
16688	100
16692	100
18780	20
17079	100
18804	30
18779	10
16696	100
17081	100
17078	100
25159	100
8917	20
8918	20
15534	210
31255	0
2574	10
15843	10
44	1030
45	1030
494	1030
495	1030
496	1030
497	1030
498	1030
499	1030
553	1030
909	1030
953	10
1036	1030
1360	1030
2163	1030
2164	1030
2354	1030
2355	1030
2568	1010
2569	1010
2570	1010
2718	1030
2759	1030
3198	1030
3199	1030
3293	1030
3416	1030
3418	1030
4456	1030
4457	1030
4458	1030
4459	1030
4907	1030
5258	1030
5260	1030
5776	1030
5777	1030
6200	1030
7605	1030
10197	1030
14923	1030
14924	1030
14925	1030
15527	0
15528	0
15839	10
15840	10
15841	10
15842	10
19916	1030
19917	1030
19918	1030
22783	0
22886	0
23223	1030
23224	1030
24362	1030
24543	1030
24544	1030
24545	1030
24546	1030
24855	1030
24856	1030
25284	1000
26638	0
29780	0
31186	0
31187	0
31216	10
31217	10
32533	1030
23407	1020
23408	1020
17141	0
8995	30
8996	30
8997	30
8998	30
8999	30
9002	30
9003	30
9004	30
9005	30
9006	30
9007	30
9008	30
9009	30
9012	30
9013	30
9014	30
9015	30
9016	30
9017	30
9018	30
9019	30
9022	30
9023	30
9024	30
9025	30
9026	30
9027	30
9028	30
9029	30
9032	30
9033	30
1612	5100
8986	5100
7793	5100
7794	100
24873	0
547	10
20795	10
5088	0
3246	110
3247	110
3248	110
3249	110
3250	110
3251	110
3252	110
3253	110
3255	110
3256	110
3257	110
3258	110
3259	110
3260	110
3261	110
3262	110
3263	110
5909	110
12230	10
384	10
6742	10
3509	30
6669	0
2879	110
9105	10
3331	10
5963	10
5959	10
5960	10
5961	10
5962	10
1231	100
1039	210
6889	10
6890	110
9482	0
32606	10
5828	10
2178	10
13442	0
24884	0
849	210
2179	10
3000	10
24885	10
5932	30
20869	10
13576	0
16098	10
8104	10
11072	10
11073	20
11074	0
11075	10
11686	10
15455	10
21089	10
25056	0
5666	5100
6696	0
14513	0
14514	100
14563	100
20418	100
25325	0
25326	100
25369	10
25370	10
25371	10
25372	0
25373	10
6712	100
13577	0
13579	0
24201	0
1532	20
1533	10
1534	20
1535	10
8600	100
8601	100
8618	100
21998	0
22523	0
20535	20
20561	0
26011	10
26012	10
16612	10
18855	10
27399	10
30386	210
5778	10
731	10
732	10
733	10
735	10
737	10
738	10
739	10
1921	210
11676	0
11706	10
11707	10
20828	10
22812	10
22813	10
22814	10
24553	20
27549	10
30568	0
32524	210
30482	40
30483	30
10198	210
1616	5100
1617	5100
4228	0
7799	5100
29189	120
29190	120
29191	120
412	5100
8208	0
10906	5110
10907	5110
10908	110
10909	110
16759	100
16760	100
16761	100
16762	100
21769	10
27086	0
27087	0
27088	0
27089	0
27090	0
27091	0
31544	10
31692	10
31721	10
31731	10
32091	10
24488	10
24530	0
8982	0
22284	0
22285	0
912	5100
913	5100
914	5100
5981	0
13834	40
22871	10
22872	10
30044	10
30045	0
32081	0
14740	10
21549	10
28442	10
28707	10
15661	30
21154	10
21155	10
14874	20
27212	0
31412	0
30832	0
32567	20
1326	5100
1327	100
1483	0
18293	0
21335	100
22855	10
30970	100
32221	100
14379	10
6808	20
9475	0
31786	0
2254	10
833	210
1239	110
834	10
4547	10
8649	10
32237	10
32232	10
32236	10
246	210
16840	10
31790	10
32229	10
18354	0
18356	0
16841	0
8650	0
252	10
16838	0
11243	0
3931	10
12430	10
27779	0
2942	10
32488	20
5151	10
32527	10
32706	10
32707	0
5854	0
22549	10
3570	10
22936	0
5925	10
8514	10
20772	10
30404	10
16611	10
18854	10
27398	10
2192	10
7414	0
2580	10
23656	10
23659	0
23190	20
23191	0
29504	20
29505	0
29975	20
29976	0
14680	10
14687	0
1127	5100
1129	5110
29300	110
751	5100
16896	10
16897	20
24519	10
20165	10
24408	20
31695	10
23770	10
13106	210
583	210
8750	10
9395	10
27375	10
31531	10
29929	10
30088	10
30195	0
31314	0
7416	0
9695	10
15531	10
15563	10
27168	0
228	10
1829	5100
6299	10
6217	10
6301	10
13326	0
13425	10
18316	0
3484	5100
23356	20
23358	20
21776	10
141	5100
6046	5100
7005	5100
23357	20
23359	20
28777	0
27593	10
27592	10
29227	0
28778	0
28897	0
20396	0
20369	100
42	10
5152	10
19480	20
19486	0
21306	10
29806	230
29821	10
29822	10
29948	10
30545	0
30548	0
30555	10
30584	10
30595	10
30700	10
30710	10
31150	10
31151	10
32412	0
8722	20
30549	0
30550	0
30566	0
3155	10
3156	10
3158	20
3159	10
6682	0
6716	10
6717	20
7855	10
25303	20
25307	10
25308	0
25339	10
25340	10
25382	10
25404	0
1093	0
4932	5100
4935	5100
723	10
2586	0
14352	0
15363	0
15364	10
15365	0
15366	10
20698	10
23634	10
23635	10
29146	10
29396	10
29726	10
29741	0
29742	0
30730	0
30909	0
1475	100
1476	100
23610	0
23611	0
26072	20
26073	0
31533	20
1284	10
25892	20
25893	0
106	5100
25598	110
25599	110
25600	110
84	5100
677	5100
4702	5100
4703	5100
4704	5100
4705	5100
10722	5110
10723	110
10724	110
10725	110
16729	0
16730	5100
17139	100
20582	100
20583	100
20584	100
20585	100
20586	100
29349	100
54	100
4673	100
4674	100
4675	100
4676	100
10219	110
10220	110
10221	110
10222	110
10223	110
10224	110
25676	110
25677	110
25678	110
25679	110
25680	110
25753	20
29367	100
25758	20
25798	20
3026	5100
14594	0
14597	100
17311	100
2130	110
2131	110
2132	110
2133	110
3276	100
3277	100
3278	100
3279	100
8752	0
8768	10
8769	10
8772	5100
8773	100
8774	100
13304	0
13305	0
13306	0
13307	0
13308	0
13309	0
13345	0
13346	0
13347	0
13348	0
13366	10
13409	0
13419	0
15959	0
18285	0
18286	0
18287	0
18288	0
18311	0
18312	0
18313	0
18314	0
2134	5110
2135	5110
2136	5110
2232	0
8783	5100
8784	5100
8781	5100
8782	5100
18308	1010
25403	0
25663	110
25932	10
25933	10
25934	10
25935	10
26069	0
202	5110
178	5100
179	5100
2698	5100
2751	0
2777	100
3325	0
6189	5100
12319	10
12320	10
12322	0
14446	0
17171	10
18014	100
18015	100
18016	100
18017	100
18054	0
18055	0
18056	0
18057	0
18058	0
18061	0
18062	0
18063	0
18064	0
18071	100
18072	100
18073	100
18074	10
18075	10
18076	10
20703	10
20704	10
20705	10
20706	10
20708	0
20709	0
21880	100
21881	100
21882	100
21883	100
21884	100
21885	100
21910	100
21911	100
21912	100
21913	100
21914	100
21915	100
22488	5100
22489	5100
25081	0
26039	0
26040	0
26041	0
28613	0
29214	0
29215	0
29216	0
31660	0
21886	100
21916	100
22494	5100
23891	0
11690	0
11692	0
11685	0
11696	5100
11697	5100
14454	0
14455	100
17305	100
28614	10
22949	10
221	5110
14435	0
14436	5100
17302	100
22785	0
22787	100
22880	10
22881	10
22882	100
22888	110
18089	100
18090	100
25796	20
32643	0
25805	20
18349	0
19454	0
5116	0
26710	20
15762	10
25662	100
27159	100
30971	100
26214	110
133	5100
5082	10
8211	0
2548	210
26341	0
18969	10
18982	10
19152	5100
23689	0
28883	100
19458	5100
3115	10
29341	20
24421	20
2321	20
2940	10
14185	230
2141	10
2553	10
20987	10
5191	10
5194	20
16661	20
16670	0
16662	20
16671	0
16660	20
16669	0
14829	0
17242	0
20473	10
978	100
4941	100
977	100
25519	100
25521	100
25530	10
25531	0
12865	5100
12866	100
12867	100
12868	100
12869	100
12870	100
12871	100
12872	100
12873	100
12874	100
12875	100
12876	100
12877	100
12878	100
12879	0
32270	10
32324	10
20266	100
6843	10
6844	110
26057	110
1014	0
13024	20
13029	20
13034	20
13039	20
13044	20
24006	100
1228	5100
1233	5100
24016	100
19024	10
19025	10
15415	20
22003	5100
14939	100
14940	100
14954	10
14957	5110
19141	100
19145	100
19146	5100
31269	0
13458	5100
22501	5100
24009	5100
26871	10
26872	110
21758	10
3632	0
3633	0
14156	0
14157	10
14158	0
27994	100
22605	0
22606	0
16667	20
16676	0
16668	20
16677	0
16666	20
16675	0
1618	5100
1619	5100
6215	5100
17022	0
22486	5100
14182	0
14183	100
20452	100
14105	10
2031	5100
31270	0
25164	10
25165	0
13025	20
13030	20
13035	20
13040	20
13045	20
25224	10
55	100
4681	100
4682	100
4683	100
4684	100
5178	0
25751	20
29368	100
25756	20
12167	10
12369	0
23536	0
13833	10
13837	100
13840	100
13843	100
13846	100
13849	100
4371	0
2101	10
2221	0
13428	10
13434	0
2094	10
13867	100
13870	100
13873	100
13876	100
13879	100
15639	0
15566	10
15759	10
12424	10
32769	10
16154	100
13852	100
13855	100
13858	100
13861	100
13864	100
24847	10
25455	0
848	10
29099	10
4770	0
16559	0
16560	0
16561	0
16562	0
16563	0
16564	0
16581	0
519	220
815	10
2635	10
2636	10
5058	0
13936	0
14359	10
14360	10
16710	10
17452	0
27433	0
29758	0
6524	30
17040	30
2587	0
15408	20
29677	0
29678	10
29679	0
29680	10
29681	0
29682	10
19413	0
26204	110
26221	110
28992	0
4472	220
14753	10
28639	10
28640	0
471	210
2343	220
6304	0
6548	10
6549	10
6551	10
6553	10
28247	100
21338	10
20461	30
20462	0
31020	30
5580	10
15317	0
15318	0
16720	0
25899	0
32774	210
3129	20
3140	10
2945	10
3674	0
14163	20
14842	20
14843	20
14844	20
14845	20
17140	0
15739	10
22987	30
1468	10
225	20
16209	0
20443	10
665	10
8881	0
32286	10
32333	10
925	10
926	10
15916	0
15918	0
32432	0
730	10
4233	10
6026	5110
3611	20
16610	10
18853	10
27397	10
7133	7100
7134	5100
19393	10
5477	20
1307	5120
21218	0
26206	110
26138	110
7849	10
22950	10
22951	10
26045	10
11458	10
939	10
986	10
2453	0
2886	0
3708	10
5140	10
6606	10
9670	0
9671	0
13091	10
13092	0
16948	0
16949	0
28903	10
28904	10
28905	10
28906	10
28907	10
28908	10
28909	10
28910	10
28911	10
28912	10
28969	0
30093	20
32651	0
32650	100
269	5100
5564	100
5565	100
14247	0
14482	0
14483	5100
14555	100
15696	10
15874	10
17274	0
18924	100
30020	100
30021	100
30022	100
30033	100
30034	100
13636	10
4526	10
21233	0
683	210
31021	10
15057	10
18986	10
5807	10
5808	10
11116	10
11117	110
11216	10
11217	110
11156	20
11157	120
11176	10
11177	110
11136	10
11137	110
11196	20
11197	120
23188	20
23189	0
29502	20
29503	0
29973	20
29974	0
4576	10
21636	10
3641	10
22220	10
9312	0
9314	0
32403	0
6698	0
7854	10
7857	10
25311	0
25341	10
19287	0
23866	0
27441	10
11114	10
11115	110
11214	10
11215	110
11154	20
11155	120
11174	10
11175	110
11134	10
11135	110
11194	20
11195	120
711	10
3212	10
3772	5100
3773	5100
3774	5100
3775	5100
3776	5100
11531	0
12326	100
31814	10
6252	5100
21097	30
6560	10
18252	10
18435	10
19655	10
1084	10
2851	10
2852	10
2853	10
2854	10
2855	10
2856	10
2857	10
2858	10
25374	10
25375	10
25376	10
28048	10
28049	0
22923	10
22924	0
20106	220
559	210
1860	210
14706	30
8556	10
21410	0
6174	120
6388	140
18741	10
18740	10
28619	10
4604	10
18176	10
31275	10
18142	10
18153	10
13611	0
13612	0
25543	10
25544	10
18138	10
18188	10
31281	10
18148	10
18165	10
171	20
4610	0
3707	5100
8491	20
9188	10
1390	5110
15953	100
6596	30
6593	30
1908	10
32738	10
6566	30
6569	30
6572	30
6575	30
6578	30
6590	30
32723	10
6599	30
6602	30
13297	30
21987	30
21990	30
6584	30
32733	10
11437	0
10972	0
10973	0
10974	0
12116	0
12962	0
6581	30
32728	10
6587	30
19627	20
1590	100
21198	100
6853	10
6854	110
2498	0
2499	5100
2500	0
2501	5100
2502	0
2503	5100
2588	10
7719	0
7718	0
7724	10
954	10
22089	10
22115	10
280	10
16725	10
8052	10
8053	20
15962	40
802	10
223	10
4878	10
4879	10
13773	10
13774	10
279	10
15961	40
18458	10
18459	10
22747	0
5616	20
5617	20
5618	10
6689	0
6690	0
2106	10
2226	0
13431	10
13437	0
2098	10
25568	10
26468	10
6522	10
18199	10
1230	5100
1235	5100
18255	10
1294	10
7394	10
7395	10
9118	10
9135	10
9139	10
9315	10
9323	10
9331	10
13284	10
17059	10
21215	0
27677	10
29647	20
8789	0
5362	100
10797	5110
10798	110
10799	110
10800	110
10801	110
10802	110
10803	110
10804	110
10805	110
10806	110
10807	110
10808	110
10809	110
10810	110
10811	110
10812	110
10813	110
10814	110
11441	110
11442	110
11443	110
11444	110
11445	110
11446	110
11447	110
11448	110
11449	110
12863	0
12864	0
12932	110
12933	110
12934	110
12935	110
12936	110
12937	110
12938	110
12939	110
12940	110
13740	100
15310	100
15322	0
14873	20
26560	100
27211	0
14869	20
20964	100
14889	20
23125	200
25616	10
25632	10
25685	10
26046	10
26047	0
22077	10
25274	10
24828	10
7415	0
23192	20
23193	0
25269	10
29506	20
29507	0
29977	20
29978	0
27947	10
27948	0
24196	0
27084	10
27085	0
26813	10
17197	0
17198	0
30752	20
1012	10
30838	0
5864	10
5865	10
5866	10
5867	10
15041	0
15042	0
15043	0
18738	10
26637	0
18527	20
18526	20
18523	20
18525	20
18524	20
24831	5100
5584	100
25739	20
30873	100
6867	20
6868	120
6897	0
6968	20
7257	20
7258	20
9205	10
9206	10
9207	10
6969	20
7259	20
7260	20
3335	0
3336	0
10073	5100
10074	100
10075	100
10076	100
10077	100
10078	100
10079	100
10080	100
10081	100
10082	100
10083	100
10084	100
10085	100
10086	100
10087	100
10088	100
10089	100
10090	100
10091	100
10092	100
10093	100
10094	100
10095	100
10096	100
10097	100
10098	100
10099	100
10100	100
10101	100
10102	100
10103	100
10104	100
10105	100
10106	100
23431	10
23439	10
1415	10
1416	0
1423	10
1789	0
1320	100
1321	5100
7198	10
7199	10
25790	20
26263	0
27031	0
30840	10
6813	10
6814	110
13682	100
13683	100
4601	10
1151	10
19383	10
14913	10
14914	10
14915	10
14916	10
17436	0
8105	10
8106	10
15456	10
2489	5100
2490	5100
22495	5100
4241	1010
11306	10
25705	0
15608	10
15609	20
15610	10
15584	10
153	0
154	0
155	0
156	0
157	0
1280	0
4449	0
4450	0
23913	0
23914	0
23915	0
27034	0
27035	0
27036	0
27098	0
27099	0
27100	0
27101	0
27102	0
27103	0
27104	0
27105	0
27106	0
27107	0
27108	0
27109	0
27110	0
27111	0
27112	0
27113	0
27114	0
27115	0
27116	0
27117	0
27118	0
27119	0
27120	0
27121	0
27122	0
27123	0
27124	0
27125	0
27126	0
27127	0
27128	0
27129	0
27130	0
27131	0
27132	0
27133	0
27134	0
27135	0
27136	0
27137	0
27138	0
27139	0
27140	0
27141	0
27142	0
27143	0
27144	0
27145	0
32630	0
32631	0
32632	0
32633	0
16886	20
24100	10
32234	10
32228	10
32233	10
32235	10
17514	0
22807	0
22808	0
22809	0
22810	0
22836	10
24174	10
27012	0
29959	10
21455	100
19434	20
24819	20
19283	0
16520	230
23160	10
25157	100
21456	100
4539	10
6085	10
6086	0
14895	20
8107	10
15457	10
19855	20
19857	30
19818	100
19819	0
19820	100
19821	0
21477	100
21478	100
20303	20
19814	100
19815	0
19816	100
19817	0
19822	0
19823	0
19824	0
19825	0
19826	0
19827	0
19839	0
19840	0
19841	0
19842	0
19843	0
21475	100
21476	100
19831	0
19832	0
19833	0
19834	0
20145	10
20146	0
20147	10
20148	0
20149	10
20150	0
20151	10
20152	0
5934	10
4900	20
27949	10
27950	0
27018	20
27019	0
27533	10
27534	10
27535	10
29754	0
6005	0
17539	0
17540	0
17542	0
17548	0
3084	10
31445	10
31446	10
31447	10
31448	10
9626	5100
9627	10
9638	0
15929	0
32763	10
5815	10
5816	10
666	20
2310	100
30874	100
21522	10
8111	20
8943	20
28794	20
28795	20
28796	20
28797	0
28798	0
28799	0
25245	10
24159	10
25247	10
2812	10
80	10
18999	10
19000	10
31223	0
5977	0
22001	100
13801	0
14909	20
26446	0
26575	0
1814	5110
1815	5110
1816	5110
1817	5110
1818	110
30484	40
30485	30
1834	10
20176	0
562	210
32547	210
19051	10
19052	10
14166	10
14167	10
13155	0
13797	0
14904	20
23380	10
2308	10
16842	10
23010	10
23013	100
23027	0
23121	10
437	20
6699	0
7852	10
25312	0
25342	10
17146	5100
22260	100
22295	100
5922	10
15131	20
15132	20
15133	20
15359	0
16273	20
16274	20
16275	20
16276	20
16277	20
16278	20
16279	20
16280	20
16281	20
16282	20
16283	20
16284	20
16285	20
16286	20
16287	20
16288	20
16289	20
16290	20
16291	20
16292	20
16293	20
16294	20
16295	20
16296	20
16297	20
16298	20
16299	20
16300	20
16301	20
16302	20
16303	20
16304	20
16305	20
16306	20
16307	20
16308	20
16309	20
16310	20
16311	20
16312	20
16313	20
16314	20
16315	20
16316	20
16317	20
16318	20
16319	20
16320	20
16321	20
16322	20
16323	20
16324	20
16325	20
16326	20
16327	20
16328	20
16329	20
16330	20
16331	20
16332	20
16333	20
16334	20
16335	20
16336	20
16337	20
16338	20
16339	20
16340	20
16341	20
16342	20
16343	20
16344	20
16345	20
16346	20
16347	20
16348	20
16349	20
16350	20
16351	20
16352	20
16353	20
16354	20
16355	20
16356	20
16357	20
16358	20
16359	20
16360	20
16361	20
16362	20
16363	20
16364	20
16365	20
16366	20
16367	20
16368	20
16369	20
16370	20
16371	20
16372	20
16373	20
16374	20
16375	20
16376	20
16377	20
16378	20
16379	20
16380	20
16381	20
16382	20
16383	20
16384	20
16385	20
16386	20
16387	20
16388	20
16389	20
16390	20
16391	20
16392	20
16393	20
16394	20
16395	20
16396	20
16397	20
16398	20
16399	20
16400	20
16401	20
16402	20
16403	20
16404	20
16405	20
16406	20
16407	20
16408	20
16409	20
16410	20
16411	20
16412	20
16413	20
16414	20
16415	20
16416	20
16417	20
16418	20
16419	20
16420	20
16421	20
16422	20
16423	20
16424	20
16425	20
16426	20
16427	20
16428	20
16429	20
16430	20
16431	20
16432	20
16433	20
16434	20
16435	20
16436	20
16437	20
16438	20
16439	20
16440	20
16441	20
16442	10
16443	10
16444	10
16445	10
16446	10
16447	10
16448	10
16449	10
16450	10
16451	10
16452	10
16453	10
16454	10
16455	10
16456	10
16457	10
16458	10
16459	10
16460	10
16461	10
16462	10
16463	10
16464	10
16465	10
16466	10
16467	10
16468	10
16469	10
16470	10
16471	10
16472	10
16473	10
16474	10
16475	10
16476	10
16477	10
16478	10
16479	10
16480	10
16481	10
16482	10
16483	10
16484	10
16485	10
16486	10
16487	10
16488	10
16489	10
16490	10
16491	10
16492	10
16493	10
16494	10
16495	10
16496	10
16497	10
4962	10
4974	20
6563	20
407	10
408	20
3810	20
2827	10
6678	0
25338	10
25363	10
5030	20
23419	10
23420	0
23422	100
4595	10
3809	20
23975	40
23976	0
25241	10
4350	10
6679	0
25368	10
5249	10
17125	10
17126	10
12195	20
12315	10
24689	10
705	20
22864	10
28609	10
13697	40
13698	10
13699	20
3812	20
6361	10
7000	0
7900	10
11648	10
11649	0
11683	10
12262	10
12263	0
4596	10
208	10
26621	20
32523	20
32665	10
32666	20
7583	10
7584	10
27253	0
20299	20
6084	0
4594	10
13618	10
13633	20
6701	0
7847	0
884	10
20847	0
22574	10
22575	10
518	10
831	10
376	20
11700	20
2986	0
30223	10
14676	10
11495	10
11510	10
422	10
426	10
427	10
428	0
429	0
430	0
14141	10
14142	110
14144	10
14145	110
14147	10
14148	110
14150	10
14151	110
14153	10
14154	110
1417	10
1418	0
5147	10
5154	0
23679	0
23721	0
19605	0
19613	0
19637	10
5163	10
5168	10
7940	110
7941	0
15215	10
15216	10
15217	0
15218	0
5080	100
25731	20
816	10
696	10
1981	210
5289	0
3916	20
25057	0
15560	10
24904	0
24905	0
13154	0
13796	0
14903	20
31789	10
18263	10
4979	10
2180	10
2181	10
2182	10
2183	10
2184	10
2185	10
2186	10
2409	10
2427	0
27545	10
28999	20
14872	20
577	210
29776	0
25387	10
29223	0
29224	0
768	30
769	30
770	30
771	30
772	30
773	30
4768	10
4769	10
8214	30
9272	10
9273	10
9274	10
9275	10
9276	10
9277	10
9279	10
15924	0
20489	20
23523	0
23524	0
24787	20
4397	100
4398	100
4399	100
20380	0
21519	10
28411	10
7118	10
21753	10
20873	10
7782	10
24416	20
13762	10
1832	5100
5750	5100
1833	0
1600	5100
1601	5100
1602	5100
1603	5100
7787	5100
10695	5110
1822	5110
1823	5110
1824	5110
1825	5110
5752	20
5753	20
5755	20
5756	20
5757	20
5758	20
5759	20
5761	20
5764	20
5765	20
5766	20
5767	20
5768	20
5783	10
5785	10
5873	10
5874	10
5875	10
5876	10
5877	10
5878	10
8451	10
22199	0
22200	0
2073	5110
2074	5110
2069	110
2070	110
2071	110
2072	110
2075	110
2076	110
2077	110
2078	110
4355	100
21432	100
6369	5100
656	10
15597	10
3337	0
3338	0
3339	0
1831	5100
10696	5110
15598	100
15599	100
8841	10
26998	10
4358	10
14660	10
29002	10
19109	100
19110	0
25681	110
23572	20
4438	10
4439	10
18553	0
1089	10
7711	5100
15256	0
27082	10
27083	0
29302	110
885	10
2953	0
5074	0
23531	20
5161	10
5162	10
971	210
1598	230
16941	10
16942	0
16943	0
19279	100
22681	100
6738	0
8984	0
13288	0
13289	0
13290	0
20177	0
20225	0
20226	0
15780	30
19726	30
24763	30
904	210
6923	20
6925	20
6927	20
6929	20
6931	20
6933	20
6935	20
6937	20
6939	20
6941	20
9262	0
9263	0
9264	0
9265	0
9266	0
9267	0
9268	0
9269	0
9270	0
9271	0
12225	20
12228	20
22493	5100
338	10
339	10
30452	40
30453	30
30454	40
30455	30
30456	40
30457	30
25086	100
29411	100
29421	0
29312	110
181	5100
2547	5100
7105	5100
7966	5100
193	5100
119	5100
2423	0
8778	5100
8779	5100
8788	0
8791	0
8792	0
8793	0
13349	0
13350	0
13351	0
13352	0
13353	0
17232	100
17233	100
18281	10
18369	0
18391	100
18392	100
18395	0
22490	5100
22491	5100
18361	10
8776	5100
8777	5100
8799	5100
8800	5100
13354	0
13355	0
17234	100
18393	100
18427	100
18428	100
18424	100
18425	100
18426	100
8771	5100
13356	0
18429	100
3200	100
21007	0
22818	10
15410	20
27041	100
27055	100
18373	100
17226	0
17227	100
17228	100
17229	100
18387	100
18388	100
18389	100
20437	100
17230	0
17231	100
18390	100
20438	100
29415	0
29416	0
29288	110
29413	100
29287	110
25650	110
29295	110
29291	110
29289	110
29290	110
31264	0
18399	10
14887	10
14813	0
14814	0
14815	10
14816	100
14817	100
14830	10
14831	20
16966	10
17235	0
17236	0
17237	100
17238	100
19160	10
20423	100
23674	0
23872	0
27913	0
21343	100
21836	0
7053	10
7054	210
7089	0
2258	30
3161	210
673	10
5138	10
8846	10
16621	10
18864	10
27408	10
794	10
9681	20
9686	10
641	10
20796	10
3104	10
3105	10
3106	10
3107	10
17082	0
23139	10
24688	10
26321	10
26322	0
26323	0
27160	10
27161	0
27181	0
27202	10
27207	20
27268	0
27345	10
27736	10
29760	0
28260	20
28261	20
4663	0
13608	0
636	0
17515	0
27010	0
27011	0
367	10
23451	10
24848	0
27324	10
30822	10
15271	10
25719	20
27033	0
30870	100
31765	0
31766	0
31767	0
31768	0
31769	0
20530	20
20556	0
41	5100
288	0
951	100
1017	5100
1401	5100
1402	5100
2313	5100
2314	5100
2315	5100
11256	0
11257	0
13825	0
14217	100
14218	100
14219	100
14376	0
15051	100
15052	100
15053	100
15054	100
20966	100
22101	100
22102	0
23237	100
24178	10
25283	100
27032	0
27833	0
28481	0
28482	0
28483	0
30867	100
30868	100
31750	0
31751	0
31752	0
31753	0
31754	0
31755	0
31756	0
31757	0
31758	0
31759	0
32401	0
25718	0
25726	0
25727	0
25728	0
4245	10
7051	20
7088	0
7955	10
11280	20
7581	10
2877	10
2878	10
3089	0
355	10
356	10
6334	10
6335	10
6336	10
6337	10
6338	10
6339	10
6340	10
6341	10
6342	10
6343	10
6345	10
7967	0
8007	0
8077	0
13182	10
13199	20
3605	110
3606	110
5079	100
26598	0
26783	0
29831	10
29832	0
29833	10
29834	0
29835	10
29836	0
28661	20
28662	30
28663	20
28664	30
7201	10
15259	10
15260	10
15261	10
31791	10
31792	0
15270	10
22346	10
25742	20
3686	10
3687	0
24157	10
24158	100
21849	10
21850	0
21851	10
21852	0
7074	10
15252	10
28677	20
28678	0
28679	20
28680	0
1016	10
1550	100
25053	1000
23763	100
23764	100
26019	100
26020	100
31493	0
32030	0
32031	0
18204	10
18205	10
22426	0
22427	0
22428	0
22429	0
22430	30
22431	0
667	5100
14549	0
14550	100
17342	100
8678	30
8679	10
12188	20
15675	10
32224	10
32225	0
28701	10
13882	10
14646	0
14647	0
14648	0
14649	0
14650	0
14651	0
14653	0
7554	10
29784	0
29785	0
29786	0
29787	0
862	110
785	10
786	10
787	10
32179	0
32180	0
32181	0
32182	0
32183	0
32184	0
32185	0
32186	0
32187	0
32188	0
32189	0
32190	0
32191	0
32192	0
32198	0
32199	0
32200	0
32201	0
32202	0
32203	0
32204	0
32205	0
29114	20
22840	10
31298	0
31299	0
31300	0
31301	0
25645	0
25646	0
31293	0
31294	0
31295	0
31296	0
31297	0
31383	10
31384	10
31385	10
31386	10
31387	10
31635	30
13634	20
31762	0
25050	10
23217	20
2989	0
15627	10
15628	10
21156	100
22856	10
31672	100
31082	20
31083	0
8240	20
8241	120
8242	20
8243	120
8244	20
8245	120
8246	20
8247	120
8248	20
8249	120
1910	10
2927	10
2928	10
6785	10
5916	0
30747	20
18065	0
18066	0
713	10
11461	10
24425	10
12921	110
13244	110
13245	110
13381	110
13410	110
13635	110
13644	110
13646	110
15112	110
15113	110
15114	110
20486	20
28046	10
28047	0
26471	10
7185	10
7188	10
8174	10
893	10
13301	0
25612	5100
25613	5100
26175	5110
26176	110
25099	10
3598	20
5605	0
5607	0
8736	10
25098	10
25100	10
16830	0
24965	10
27459	10
27769	10
27770	0
28033	0
6130	10
26087	10
13649	10
24836	10
24837	0
3302	10
2562	0
31249	0
30765	0
25732	20
19440	100
1620	5100
4227	0
7206	0
7158	5100
7160	5100
7159	5100
30825	10
30844	10
30845	10
23552	10
23568	0
19472	0
20467	20
20468	30
5278	0
24559	10
24666	20
31547	10
31548	0
31099	100
4872	10
4873	10
23322	0
30775	10
31831	10
6597	30
6594	30
6567	30
6570	30
6573	30
6576	30
6579	30
6591	30
6600	30
6603	30
13298	30
21988	30
21991	30
6585	30
6582	30
6588	30
8814	10
8818	10
13337	10
13359	0
18310	0
2415	0
2416	0
8797	0
13420	10
13421	100
13422	100
13423	0
18262	0
18304	0
18367	0
18382	10
18383	110
18406	10
18421	0
18430	0
18431	10
18384	100
878	5110
28431	0
28432	10
28433	10
28434	0
28435	10
28436	10
28425	0
28426	10
28427	10
28428	0
28429	10
28430	10
26941	0
26940	0
26942	0
26943	0
26091	110
26092	110
26093	110
24826	110
944	10
25278	10
3956	0
3957	10
3958	10
3959	10
3960	10
3961	10
3962	10
3963	10
3964	10
3965	10
3966	10
3967	10
3968	10
3969	10
3970	10
3971	10
3972	10
3973	10
3974	10
3975	10
3976	10
3977	10
3978	10
3979	10
3980	10
3981	10
3982	10
3983	10
3984	10
3985	10
3986	10
3987	10
3988	10
3989	10
3990	10
3991	10
3992	10
3993	10
3994	10
3995	10
3996	10
3997	10
3998	10
3999	10
4000	10
4001	10
4002	10
4003	10
4004	10
4005	10
4006	10
4007	10
4008	10
4009	10
4010	10
4011	10
4012	10
4013	10
4014	10
4015	10
4016	10
4017	10
4018	10
4019	10
4020	10
4096	0
4097	10
4098	10
4099	10
4100	10
4101	10
4102	10
4103	10
4104	10
4105	10
4106	10
4107	10
4108	10
4109	10
4110	10
4111	10
4112	10
4113	10
4114	10
4115	10
4116	10
4117	10
4118	10
4119	10
4120	10
4121	10
4122	10
4123	10
4124	10
4125	10
4126	10
4127	10
4128	10
4129	10
4130	10
4131	10
4132	10
4133	10
4134	10
4135	10
4136	10
4137	10
4138	10
4139	10
4140	10
4141	10
4142	10
4143	10
4144	10
4145	10
4146	10
4147	10
4148	10
4149	10
4150	10
4151	10
4152	10
4153	10
4154	10
4155	10
4156	10
4157	10
4158	10
4159	10
4160	10
4161	0
4162	10
4163	10
4164	10
4165	10
4166	10
4167	10
4168	10
4169	10
4170	10
4171	10
4172	10
4173	10
4174	10
4175	10
4176	10
4177	10
4178	10
4179	10
4180	10
4181	10
4182	10
4183	10
4184	10
4185	10
4186	10
4187	10
4188	10
4189	10
4190	10
4191	10
4192	10
4193	10
4194	10
4195	10
4196	10
4197	10
4198	10
4199	10
4200	10
4201	10
4202	10
4203	10
4204	10
4205	10
4206	10
4207	10
4208	10
4209	10
4210	10
4211	10
4212	10
4213	10
4214	10
4215	10
4216	10
4217	10
4218	10
4219	10
4220	10
4221	10
4222	10
4223	10
4224	10
4225	10
9040	10
27038	100
27052	100
31543	10
31691	10
31704	10
31720	10
31730	10
32090	10
24490	10
24532	0
12312	10
5029	30
1060	10
22742	0
11506	10
11507	10
11508	10
11549	10
20533	20
20559	0
470	10
18627	0
18628	0
27277	10
27278	0
2228	0
8754	10
8757	10
8758	0
8759	10
8761	10
8762	10
8767	0
8812	0
8821	10
15960	10
6247	100
14340	0
16921	0
17084	100
17085	100
18470	10
21075	0
22851	10
23779	0
23883	0
26284	10
27883	20
28086	20
28617	10
28807	10
28812	10
29315	10
29751	0
2216	0
2239	0
2358	0
2432	0
2433	0
2434	0
2598	0
2599	0
2604	0
2613	0
2649	0
2650	0
2719	0
2720	0
2721	0
3092	0
3131	0
3224	0
3297	0
3379	0
3417	0
3462	0
3468	0
3480	0
3668	10
3669	10
11493	10
11498	10
11539	0
11548	10
11511	10
11682	10
12274	10
12275	10
12277	0
25793	20
26609	0
14891	20
13119	0
13791	0
14902	20
26443	0
25720	20
30446	40
30447	30
30448	40
30449	30
30450	40
30451	30
29406	10
8523	10
8524	20
6871	20
6872	120
9473	0
6510	0
28554	100
23329	10
20197	0
20198	10
29167	10
5364	5100
31784	0
3650	100
3651	100
3652	100
3653	100
3654	100
3666	100
18381	0
18404	0
18398	10
21418	40
16834	0
13427	10
13433	0
18403	0
278	10
1135	0
1136	0
1137	0
4239	1010
5910	10
5911	10
7936	10
9367	10
9405	10
9418	10
11305	10
26648	0
27424	10
30567	0
1430	10
8500	20
9038	20
28993	0
26258	10
26257	10
2579	220
24121	0
14826	0
17239	0
26207	110
16678	20
16679	0
5076	0
2555	0
31247	0
29815	1020
30705	10
30712	10
23167	0
23168	0
27800	20
27803	0
14883	20
14885	20
14884	20
14882	20
26435	0
4899	20
25563	10
23684	10
23685	10
15511	20
15515	10
15551	10
3085	10
21389	100
147	0
1180	0
9718	0
17113	20
3568	10
3569	10
20766	20
20767	0
29736	0
14922	210
14988	10
14989	10
14990	10
14995	10
14996	10
8133	100
30972	100
20538	20
20564	0
1538	0
15374	0
15375	0
15376	0
15377	0
15378	0
15379	0
15380	0
15381	0
15382	0
15385	0
15386	0
15387	0
29076	10
29077	10
29078	10
7923	5100
7924	5100
7925	5100
7926	5100
7927	5100
7928	5100
9607	5100
9608	5100
9609	5100
26056	110
9612	5100
9613	5100
9614	5100
9615	5100
9616	5100
9617	5100
9618	5100
9619	5100
9620	5100
9621	5100
7914	5100
25816	20
22895	0
22898	0
22901	0
22904	0
22913	10
22916	10
22906	5100
22910	100
31642	20
31643	0
30495	10
30496	10
30497	10
24491	0
24783	0
24595	100
24596	5100
24597	5100
24594	5100
24593	5100
32145	100
32165	0
31096	100
24592	5100
24770	100
24598	5100
9455	5100
32446	20
32449	0
11288	40
11290	40
11292	40
4419	10
26850	10
26851	0
26856	0
15409	20
14399	0
14400	0
14401	0
14402	0
14403	0
14404	0
31285	20
31291	20
16978	10
1287	10
289	10
2954	0
23348	10
25961	30
9356	5100
9357	5100
14495	0
14496	100
17321	100
27453	10
12365	10
26750	20
9685	10
6181	0
11462	0
81	5100
3309	5110
14997	100
14998	100
14999	100
15645	0
20934	0
20967	110
20968	100
20969	110
20970	110
20971	110
20974	110
20975	100
20980	110
20981	100
30871	100
30872	100
32644	100
20978	100
20979	100
25744	20
5210	0
15933	0
27777	0
5097	100
6049	100
1886	10
15740	10
2706	0
3421	5100
3424	5100
4346	0
11249	0
32608	110
32609	110
32610	110
32616	110
32617	110
32618	110
32655	0
32656	0
32657	0
23206	20
23207	0
29520	20
29521	0
29991	20
29992	0
8934	0
24463	0
26256	10
26255	10
7954	10
28869	10
22099	10
25393	0
26050	5100
26051	100
26052	0
30973	100
25588	5110
26063	110
9071	100
19312	100
19313	100
23037	100
25356	100
25357	100
25605	110
26147	110
26148	110
26149	5110
26154	110
26155	110
26156	110
26157	110
9070	100
19314	0
19315	0
19316	0
19317	0
19318	0
19319	0
19320	0
19321	0
19322	100
23036	100
25354	100
25355	100
25604	5110
26144	5110
26145	110
26146	110
8059	10
8060	20
8108	10
15458	10
21235	20
5784	10
25639	20
25640	0
7916	5100
7917	5100
7918	5100
7919	5100
1648	5100
1649	5100
1650	5100
1651	5100
1652	5100
1653	5100
1654	5100
1655	5100
1656	5100
1657	5100
4226	0
10694	5110
14202	0
15304	100
6129	10
26600	0
26785	0
22862	10
24840	0
8619	20
28364	0
16951	10
16952	0
16953	0
20204	0
25555	20
17034	20
17035	10
24134	10
24135	0
23554	10
23570	0
25735	20
19443	100
32768	10
5073	0
22884	0
22802	10
22803	10
22804	10
22805	10
22883	0
24069	10
1993	110
6779	110
32129	0
32130	0
24602	5100
28392	0
28393	10
30974	0
24615	10
32078	10
2010	100
217	10
1754	0
1755	0
1756	0
2252	0
4570	0
4571	0
14398	0
32361	10
32572	0
32348	10
22829	10
22957	0
22958	0
27726	20
27731	10
27732	0
30342	30
13453	5100
24011	5100
28091	10
5456	0
5457	0
5458	0
5459	0
3133	10
25648	10
25649	0
27723	0
27724	0
27757	10
27811	0
28050	0
28052	0
28054	0
28056	0
28058	0
28060	0
28062	0
28063	0
28067	0
28102	0
28103	0
28104	0
28105	0
28106	0
28107	0
28108	0
28109	0
28110	0
28111	0
28112	0
28113	0
28114	0
28115	0
28116	0
28117	0
28118	0
28119	0
28120	0
28121	0
28122	0
28123	0
28124	0
28125	0
28448	0
28566	0
28567	0
29032	0
29639	10
29640	10
19858	30
20137	10
20138	0
20139	10
20140	0
20141	10
20142	0
20143	10
20144	0
2032	5100
2034	5100
25736	20
8958	10
8960	10
8961	10
8962	10
8963	10
8965	10
20102	10
20103	10
23127	20
23128	0
21629	0
21630	5100
21631	5100
21632	5100
28859	0
28860	0
28861	0
24807	100
8956	10
8957	10
26055	0
11106	10
11107	110
11206	10
11207	110
11146	20
11147	120
7949	10
11166	10
11167	110
11126	10
11127	110
11186	20
11187	120
3237	5120
3387	0
3400	0
3485	0
3486	0
3487	0
3488	0
3489	0
3490	0
3491	5100
3492	0
14515	0
14516	100
17315	100
19506	100
19507	100
19508	100
19509	100
19510	0
19511	0
19512	0
29121	0
29122	0
29123	0
29124	0
29125	0
29126	0
29127	0
29128	0
29129	0
29130	0
646	20
20829	20
27540	10
5059	0
22642	10
31169	0
31170	0
31171	0
31172	0
31173	0
31174	0
31175	0
31176	0
22775	10
22776	10
2167	10
2168	10
11645	10
11647	10
380	20
6673	0
6674	0
7837	5100
7838	5100
7839	0
7830	10
7831	10
4614	0
4617	0
4620	0
4623	0
4626	0
4629	0
6311	0
27173	10
29016	0
29018	0
29017	0
23542	10
23558	0
31257	0
116	5100
4291	5100
4292	5100
6078	5100
6079	5100
6080	5100
6081	5100
6269	5100
6270	5100
17001	0
17002	0
17633	0
23469	10
23470	10
23471	10
23472	10
23473	0
23474	0
23475	0
23476	0
24557	10
23016	0
23017	0
23018	100
23019	100
23540	10
23556	0
3478	5100
1567	10
14006	10
29080	10
432	0
433	0
434	0
5893	20
5894	20
5895	20
5896	20
5897	20
8279	10
8304	0
8305	0
13443	0
13444	0
13445	0
14536	0
14537	0
30322	10
22439	5100
28183	100
22311	0
22312	0
27616	10
27617	10
27273	10
27274	0
336	10
337	10
1125	5110
14517	0
14518	100
17306	100
19389	10
25837	20
1821	10
1996	20
20230	10
26897	10
1434	210
27043	100
27057	100
27044	100
27058	100
27042	100
27056	100
1338	100
1339	100
1340	100
1341	100
1342	100
1343	100
1344	0
1345	0
1346	0
1347	100
2455	100
2456	100
2887	100
2888	100
3591	100
9097	100
9098	100
9103	100
9128	100
9129	100
9132	100
9133	100
9344	0
9345	0
9346	0
2880	100
9092	5100
1348	0
1349	0
1350	0
1351	5100
1352	5100
1353	5100
1354	5100
1355	5100
1356	5100
9106	10
9107	100
9108	100
9109	100
9112	100
9113	100
9114	100
9115	100
9116	100
9117	0
9343	10
14504	0
14505	100
14506	100
14507	100
14508	100
14509	100
14510	100
14511	100
14512	100
14613	0
14614	100
14615	100
14616	100
14617	100
14618	100
14619	100
17283	100
17284	100
17285	100
17286	100
17287	100
17288	100
17289	100
2882	7100
30976	100
2883	7100
30977	100
9089	5100
14467	0
14468	100
17327	100
2454	5100
2881	7100
30975	100
26955	10
26956	10
7137	100
7138	5100
7139	5100
7140	5100
29220	0
29221	0
29222	0
29082	10
27191	0
22418	10
5840	10
967	10
32532	230
4588	10
2356	210
6896	0
6965	20
7250	20
7252	20
9199	10
9200	10
9201	10
6964	20
7249	20
7251	20
1909	10
11002	10
11003	10
11004	10
1974	100
1975	100
14582	0
14583	0
14587	100
14588	100
17322	100
17323	100
20258	0
18077	10
18078	10
4584	10
12396	0
12397	0
12398	0
12399	0
12400	0
14654	10
14655	10
14656	0
14657	0
22875	0
22876	0
22877	0
15360	0
18297	10
18298	10
18299	10
25009	20
25010	0
24705	10
2324	230
24709	10
27196	0
14382	10
31256	0
2783	5100
21498	5100
24639	100
26243	100
29346	100
29455	10
29456	0
29943	10
29944	0
8126	0
8127	5100
5099	10
19553	100
19555	10
28872	100
19554	0
1001	10
2262	20
31651	0
31121	10
31122	0
31124	10
31116	20
31118	0
17014	100
20743	100
31605	0
31630	20
31631	20
31632	20
31633	20
31634	20
7001	0
8441	10
32342	10
32341	10
25664	0
172	5100
174	5100
3242	5100
3243	5100
3244	5100
3245	100
8871	5100
8872	5100
8873	5100
8874	5100
16919	0
16920	0
17027	0
17028	0
17029	0
17030	0
29292	110
31662	0
29293	110
6511	0
29294	110
31661	0
24859	10
14165	210
14164	210
21978	10
21979	40
29113	20
1781	1220
25061	10
11274	10
4314	20
25501	0
25502	0
5826	10
8450	10
8453	10
5100	10
19475	20
19481	0
24175	10
2829	10
25367	10
817	10
6179	10
27702	10
588	210
7104	10
17244	0
17245	100
18079	10
18080	10
18081	10
18082	10
18083	100
18084	10
18085	10
18570	0
18571	0
20426	100
23395	10
26736	20
23238	0
28732	10
8970	0
29131	0
29132	0
29133	0
32690	10
6719	10
6720	10
6721	10
18596	10
30112	0
30114	0
29063	10
29064	10
29065	10
29066	10
17477	10
17478	10
17479	10
17480	10
28404	10
28405	10
3077	10
13210	10
27781	0
15032	10
14026	10
14027	10
14028	10
28402	10
28403	10
28406	10
28407	10
31648	0
31870	0
31871	0
31872	0
31873	0
31874	0
63	5100
11475	210
14011	210
14012	210
14057	210
14058	210
30410	10
5122	0
6384	0
8867	50
14385	10
14386	20
14387	0
16927	10
16928	0
16929	0
18454	0
18455	0
18513	0
18514	0
18516	10
18517	0
20164	20
20699	10
21928	20
22206	10
22217	0
22263	0
22267	10
22292	10
23318	0
23816	0
23908	10
24964	20
25904	30
25905	30
25918	0
27302	10
27304	20
28026	10
28027	10
29137	10
30252	10
30253	10
30288	10
31378	10
23335	10
15414	20
16548	10
16549	10
23065	100
23066	100
25614	5100
25615	5100
1614	5100
10703	5110
79	5100
27329	20
25693	110
19567	10
30419	10
28412	0
9437	5100
14493	0
14494	100
17290	100
28413	0
28414	10
28415	10
28416	0
28417	10
28418	10
17015	100
17264	100
28419	0
28420	10
28421	10
28422	0
28423	10
28424	10
15577	100
15973	100
8921	20
8922	20
8923	20
29713	10
29714	0
29706	0
29716	10
29717	0
29719	10
29720	0
29709	0
29722	0
29723	0
25596	5110
25597	5110
27877	0
27878	0
27879	0
27880	0
11464	10
21756	10
30500	10
3762	100
3763	100
3764	100
3765	100
3766	100
3767	100
3768	100
3769	100
3770	100
3771	100
11536	0
11537	0
12328	0
12334	110
26602	0
22654	0
5563	10
442	10
1724	0
18530	10
19573	0
3227	20
8948	10
14577	0
14578	100
16724	100
20419	100
20832	10
27455	10
32720	230
3593	100
16731	0
16732	5100
4243	1010
11307	10
29562	20
28791	120
28792	120
28793	120
27999	0
28000	0
28001	0
28002	0
28003	0
28004	0
28005	0
28006	0
20174	10
1439	10
2904	10
2905	10
16722	0
29309	110
16617	10
18860	10
27404	10
28982	0
15299	100
1849	10
1848	10
1376	10
30801	10
5130	0
2804	5110
2805	5110
2806	5110
24426	10
1911	10
19011	10
19012	10
1874	5100
9465	100
19008	10
19009	10
22053	0
839	100
6050	100
6051	100
6831	10
6832	110
9470	0
29303	110
3496	5100
14424	0
14425	100
17298	100
1914	5100
1915	5100
14580	0
14581	0
14586	100
17296	100
26565	100
3825	10
24034	40
24035	40
24036	40
24037	40
24039	20
24040	0
24059	10
29800	10
22689	100
22690	100
22675	0
22676	0
22677	0
22678	0
22922	1010
22727	10
22738	10
18533	10
18555	20
23502	0
27046	100
27060	100
2026	5100
14264	0
18476	10
18540	5100
19072	10
19073	10
22351	10
23837	0
25465	0
31014	100
28688	10
970	230
14381	230
15838	10
18878	230
23765	10
31443	10
31684	10
19716	0
24811	0
18099	20
18113	0
25870	0
25872	20
25873	0
25874	20
25875	0
25876	20
25877	0
25878	20
25879	0
25880	20
25881	0
25882	20
25883	0
25884	20
25885	0
32066	20
32067	0
4564	10
4565	10
23575	0
23576	0
613	20
9049	10
18608	10
19348	10
8171	10
8172	10
11607	0
11608	0
11609	0
11610	0
11611	0
11612	0
26852	10
26853	0
26854	0
15550	10
31777	0
1198	100
32741	10
32726	10
32736	10
32731	10
13580	10
13581	10
13582	10
13583	10
13584	10
13585	10
13586	10
13587	10
13588	10
1002	5110
31594	0
32109	0
13802	0
14908	20
26447	0
26574	0
7039	0
26385	10
22208	0
27228	10
24521	10
23912	10
27298	10
14932	10
14933	10
10058	10
17793	10
17794	10
24187	0
25327	100
25895	0
26105	0
26106	0
26107	0
26108	0
26109	0
26110	0
26111	0
26112	0
26113	0
26114	0
26115	0
26116	0
26117	0
26118	0
26119	0
28986	0
28987	0
28988	0
28989	0
30766	0
30767	0
30768	0
30769	0
31078	0
31079	0
31080	0
31081	0
31481	0
31482	0
31483	0
31484	0
32438	0
32439	0
32440	0
32441	0
32442	0
32443	0
32444	0
31670	0
31671	0
32251	0
31084	0
31085	0
31086	0
31087	0
31677	0
31678	0
31679	0
31680	0
22152	10
22153	220
25106	10
21071	10
30352	10
290	10
11298	220
98	0
26016	0
26017	0
26593	0
26778	0
23176	20
23177	0
29490	20
29491	0
29961	20
29962	0
32398	10
30807	0
30809	0
30808	0
30749	0
31772	0
14419	20
15227	20
14420	20
15228	20
14421	20
15229	20
14422	20
15230	20
14417	10
21999	0
20431	100
30348	10
545	210
31182	0
31212	10
3938	10
13362	0
1837	10
1838	20
1839	0
2238	10
7931	10
3087	10
203	5110
806	10
999	5100
3777	20
7930	10
17433	0
2441	0
2442	0
2444	0
2445	0
2447	0
2448	0
2440	10
2443	10
2446	10
6769	10
24685	10
24732	10
32176	0
27229	20
616	10
284	10
15946	10
26276	10
27688	10
26735	20
3381	10
25035	10
25066	10
11005	10
8057	10
8058	20
1175	10
2647	10
2651	10
2863	0
20884	0
13823	10
5144	100
5145	100
25161	100
25162	100
25482	10
25483	10
25487	0
20490	20
25702	0
25703	0
25704	0
614	20
20494	20
22059	20
22060	0
32399	0
32400	0
23518	0
23508	20
1670	20
6694	0
23526	0
756	10
20825	10
20826	10
2540	10
8642	0
8643	10
9046	10
20815	0
26966	30
27815	10
23517	0
27009	20
13131	0
13793	0
14901	20
9622	5100
9641	5100
23296	0
7943	0
7944	0
7946	0
7947	0
7948	0
8858	100
8859	100
8860	100
8861	100
15593	0
15594	0
15595	0
15596	0
5979	0
8425	10
8426	0
8427	0
6054	10
6064	10
6743	10
23769	10
28785	120
28786	120
28787	120
16734	20
16737	0
16735	20
16738	0
25689	110
4664	20
16736	0
17251	0
17254	100
19120	100
20435	100
17250	0
17253	100
19119	100
20434	100
17249	0
17252	100
19118	100
20433	100
2641	0
14351	10
21234	0
21997	0
22739	10
24170	100
25682	110
29365	100
5991	10
13620	30
6114	100
334	10
28770	0
28771	10
28772	0
28193	10
28194	0
28197	10
28198	0
19092	0
19093	0
655	100
14551	0
14552	100
17307	100
32411	0
6825	10
6826	110
12848	5100
12849	100
12850	100
12851	100
12852	100
12853	100
12854	100
12855	100
12856	100
12857	100
12858	100
12859	100
12860	100
12861	100
12862	100
30101	100
30099	100
30100	100
15480	0
15481	0
15483	0
15484	0
2335	220
26933	10
31788	0
7690	10
7707	10
22578	0
22579	0
6761	5100
6762	5100
6763	5100
14852	10
2937	0
2938	10
579	210
30852	0
11090	0
11100	10
11080	10
2169	10
2140	10
2939	10
7720	0
7723	20
22158	20
6972	100
6973	100
6974	100
6975	100
6976	100
6977	100
6978	100
6979	100
6980	100
8444	0
8446	0
15115	0
15116	0
15117	0
16945	10
16946	10
16976	10
17170	10
17435	0
20937	10
20938	10
23953	10
23954	10
23955	10
24177	20
26642	0
28166	10
28167	10
28470	10
28471	10
28472	10
28473	0
28474	0
28475	0
28476	0
28477	0
28478	0
28479	0
28480	0
28569	0
28570	0
28571	0
28572	0
28573	0
28574	0
28575	0
29637	10
29638	10
8447	0
8456	0
8457	10
8458	0
8459	10
6981	100
6982	100
6983	100
6984	100
6985	100
6986	100
6987	100
15118	0
15119	0
15120	0
16944	10
16947	1030
16974	10
16975	10
16979	10
26641	0
8719	20
8720	20
377	10
956	10
2203	10
2204	10
2429	0
3837	10
15932	0
24886	0
24887	0
26592	10
27544	10
4969	10
3222	5120
8715	20
7116	10
7117	20
32566	10
29939	10
29940	0
46	5100
2693	5100
6113	5100
29958	10
31846	100
31847	100
31848	100
31849	100
31850	100
31851	100
31865	0
31866	0
32696	10
32697	0
32698	0
32699	0
22885	0
2694	100
6112	100
31807	0
31809	10
31825	10
31834	20
31835	0
31852	100
31853	100
31854	100
31855	100
31867	0
31868	0
31869	0
31813	10
31824	10
31812	10
31823	10
31820	0
1429	10
1442	5100
20484	20
29930	10
29931	0
29932	0
29933	10
741	10
2088	0
7933	10
17413	0
17441	0
21167	10
29145	10
23646	10
1488	0
1489	0
1490	0
1491	0
1492	0
1493	0
1494	0
1495	0
1496	0
1497	0
1498	0
1499	0
1500	0
1501	0
1502	0
1503	0
1504	0
1505	0
1506	0
1507	0
6134	0
24068	10
28658	40
1099	0
15814	10
15815	10
15816	10
88	5100
224	5100
4928	5100
4929	5100
4936	5100
4937	5100
9382	5100
10496	5110
10497	110
10498	110
10499	110
10500	110
10501	110
10502	110
10503	110
10504	110
10505	110
29600	100
29643	10
11228	0
12186	0
11227	0
12185	0
11229	0
12187	0
9712	30
1082	10
21361	100
8275	220
8310	0
8466	230
30319	10
5794	10
22771	0
22772	0
22773	0
22774	100
18572	0
18573	0
31885	0
23544	10
23560	0
1624	5100
21503	5100
31669	40
56	0
65	0
118	5100
120	100
121	100
382	10
582	210
3219	100
3220	100
3221	100
3268	100
3269	100
3270	100
3271	100
3272	100
3273	100
3274	100
3275	100
3294	10
4316	10
5880	10
5881	10
5882	10
5883	10
5884	10
5885	10
6655	10
6656	10
8897	0
19566	10
24176	20
30854	0
18374	0
18380	0
18377	10
1795	5110
1796	5110
1797	5110
6744	10
8937	0
869	10
1846	20
2206	20
16902	10
20516	100
20517	10
1840	10
20950	10
1843	20
1844	20
2207	0
2209	0
2210	0
2211	0
2213	0
2214	0
2215	0
2217	0
2218	0
2550	0
2551	10
2552	0
6518	10
6520	10
8968	10
15947	0
15948	0
15949	0
15950	0
15951	0
23573	0
23574	0
15941	10
15943	10
15945	10
31435	10
31436	0
13713	110
13714	110
13715	110
13716	110
13717	110
13718	110
13719	110
13720	110
1072	10
880	10
5120	0
5133	10
27281	10
27282	0
1020	5100
4910	5100
15276	0
15406	20
1031	10
6058	10
7013	0
124	5100
10178	5110
10179	110
10180	110
10181	110
10182	110
10183	110
10184	110
10185	110
10186	5110
10187	110
21495	5100
3057	5100
2711	5100
29692	10
9689	10
7417	10
7418	10
7419	10
9696	10
32055	0
1835	10
3688	0
7197	10
9687	10
13651	10
20947	10
22415	10
24173	20
26270	30
27016	20
27017	0
30816	10
7410	10
7411	10
7412	10
30866	10
27023	0
27024	0
27025	0
7420	10
25610	5100
25611	5100
16582	0
16583	0
16584	0
16585	0
16586	0
16587	0
16588	0
16589	0
16590	0
16591	0
16592	0
16593	0
23057	100
23058	100
26934	10
9363	0
9371	10
1923	20
1925	20
940	10
19274	10
19275	10
19276	10
17255	0
17256	100
19112	10
19113	100
19114	10
20436	100
28070	100
28076	100
28940	10
30989	100
19277	10
23937	10
1033	10
6060	10
28492	10
28499	0
30294	30
30295	20
5964	10
26383	10
29106	20
20292	0
20293	0
12380	10
31827	0
31230	20
31231	20
31232	0
31233	0
10704	5110
20290	100
20291	100
714	10
1785	1220
6031	5110
615	10
27524	10
1782	1220
32409	0
28637	10
28638	0
4591	10
6506	0
8985	10
26999	10
31287	20
32290	10
32335	10
3384	0
22595	10
22596	10
22597	0
22598	0
22599	0
5578	10
5579	0
27230	10
27233	10
27231	10
27232	10
25456	20
25457	0
2449	0
2450	0
2451	0
3682	0
3683	0
3684	0
3685	0
3689	0
3690	0
3691	0
3692	0
3693	0
3694	0
8061	10
8062	20
5028	0
25660	10
25658	10
25659	10
27013	0
20953	0
20954	0
20955	0
25444	10
25445	0
129	0
6634	0
6643	20
6644	30
6645	30
6646	30
27348	30
29781	0
31584	20
31590	0
32105	0
20108	220
20471	10
1380	110
6658	30
6659	30
9318	10
9321	10
9322	10
18893	10
18894	10
25701	30
25011	40
20110	40
25950	10
28941	10
13613	10
14778	10
15746	10
19137	10
19138	10
19139	10
19140	10
1461	10
1462	10
27438	100
8919	20
8920	20
13616	10
23941	10
23942	10
23943	10
13614	10
1285	10
25226	10
25225	10
25695	110
4021	20
4022	20
4023	20
4024	20
4025	20
4026	20
4027	20
4028	20
4029	20
4030	20
4031	20
4032	20
4033	20
4034	20
4035	20
4036	20
4037	20
4038	20
4039	20
4040	20
4041	20
4042	20
4043	20
4044	20
4045	20
4046	20
4047	20
4048	20
4049	20
4050	20
4051	20
4052	20
4053	20
4054	20
4055	20
4056	20
4057	20
4058	20
4059	20
4060	20
4061	20
4062	20
4063	20
4064	20
4065	20
4066	20
4067	20
4068	20
4069	20
4070	20
4071	20
4072	20
4073	20
4074	20
4075	20
4076	20
4077	20
4078	20
4079	20
4080	20
4081	20
4082	20
4083	20
4084	20
4085	20
4086	20
4087	20
4088	20
4089	20
4090	20
4091	20
4092	20
4093	20
4094	20
4095	20
9432	0
30434	40
30435	30
30436	40
30437	30
30438	40
30439	30
4911	10
19785	210
19786	210
19787	210
19788	210
19789	210
19790	210
19791	210
19792	210
19793	210
19794	210
19795	210
19796	210
19797	210
19798	210
19799	210
19800	210
19801	210
19802	210
19803	210
19804	210
19805	210
19806	210
19807	210
19808	210
19809	210
19810	210
24816	210
26860	210
30162	210
3209	10
3215	10
19609	0
19612	10
18202	10
19622	100
19893	0
19894	0
19519	10
8723	20
1199	10
1183	5100
1184	5100
1201	10
2359	100
2360	100
2361	100
2362	100
27711	0
27712	0
27844	0
27845	0
27861	0
27862	0
27905	0
27906	0
2578	220
5604	0
17347	10
17348	20
17349	0
17350	10
27436	10
24899	10
3540	10
1912	10
8324	5100
8325	5100
8326	5100
8327	5100
8328	0
8329	10
8330	10
18059	0
18060	0
18070	0
8320	5100
8321	5100
8322	5100
8323	5100
9458	0
9459	0
8316	5100
8317	5100
8318	5100
8319	5100
9457	0
8312	5100
8313	5100
8314	5100
8315	5100
9456	0
31663	0
6344	5100
14450	100
8437	5100
8438	5100
8439	5100
8440	5100
14248	100
14249	100
14250	100
31601	100
21138	100
21139	100
21142	100
21143	100
25583	5110
25584	5110
27869	100
25573	5110
25574	5110
25575	5110
25576	5110
25577	5110
25578	5110
25579	5110
25580	5110
25581	5110
25582	5110
20746	100
31667	0
8856	10
26429	10
818	10
27384	10
5179	10
5182	20
2581	10
8175	10
8179	0
20846	10
29819	0
29916	10
29917	0
30085	10
30554	10
30696	10
2331	220
20537	20
20563	0
31055	10
31056	0
2824	20
31179	0
31209	10
2810	10
6070	230
6653	40
27002	0
24072	10
24079	0
24092	10
5912	10
2323	230
404	10
2376	10
21532	10
21533	10
742	100
6087	0
14547	0
14548	100
14554	100
18923	100
27457	10
26816	10
1185	10
28219	0
28220	0
28221	0
28222	0
28223	0
28224	0
28225	0
28226	0
28227	0
28228	0
28229	0
28230	0
28231	0
28232	0
28233	0
28234	0
28235	0
28236	0
28237	0
28238	0
28268	0
28269	0
28270	0
28271	0
28272	0
28273	0
28274	0
28275	0
28276	0
28277	0
28278	0
28279	0
28280	0
28281	0
28282	0
28283	0
28284	0
28285	0
28286	0
28287	0
28288	0
28289	0
28290	0
28291	0
28292	0
28293	0
28294	0
28295	0
28296	0
28297	0
28298	0
28299	0
28300	0
28301	0
28302	0
28303	0
28304	0
28305	0
28306	0
28307	0
28308	0
28309	0
28310	0
28311	0
28312	0
28313	0
28314	0
28315	0
28316	0
28317	0
28318	0
28319	0
28320	0
28321	0
28322	0
28323	0
28324	0
28325	0
28326	0
28327	0
28328	0
28329	0
28330	0
28331	0
28332	0
28333	0
28334	0
28335	0
28336	0
28337	0
28338	0
28339	0
28340	0
28341	0
28342	0
28343	0
28344	0
28345	0
28346	0
28347	0
28449	0
28652	10
28653	0
18820	0
18821	0
5817	10
5818	10
20213	10
20216	0
20217	10
1980	210
5288	0
23398	10
25696	110
14707	1030
21517	10
22613	10
736	10
29774	0
15811	10
15913	10
31718	10
20311	40
21807	20
14777	10
14802	10
14803	10
31592	0
32107	0
24070	20
24077	0
24088	10
30677	100
11672	10
25978	0
14003	0
3137	10
3138	0
3148	0
14274	0
14288	0
16894	0
17026	100
17260	0
17261	100
18485	10
20427	100
20680	10
20684	20
20685	0
20737	0
23629	10
23741	0
29398	10
29729	0
29748	0
28254	20
28255	20
20729	100
4521	0
4522	0
4523	0
4524	0
4525	0
3100	10
870	5110
14304	5100
28826	100
17042	10
17133	20
12182	110
12214	110
12181	110
12226	110
12163	110
12204	110
12164	110
12209	110
12184	110
12222	110
12183	110
12218	110
12162	110
12199	110
28409	10
18666	10
29168	10
18665	0
3282	0
3280	0
3281	0
12568	0
12569	0
12570	0
12571	0
25698	110
22691	10
23175	10
14257	5100
17278	100
11011	20
6362	1020
26193	110
26194	110
26195	110
26196	110
26197	110
26198	110
26199	110
26200	110
26201	110
26202	110
32494	20
32496	0
20201	0
20202	10
750	5100
28885	100
28882	100
28879	100
31785	10
18177	10
18154	10
18189	10
18166	10
13627	10
13615	10
18672	10
18671	0
18175	10
18152	10
18183	10
18160	10
18179	10
18156	10
18195	10
18172	10
18193	10
18170	10
18187	10
18164	10
18191	10
18168	10
18181	10
18158	10
18185	10
18162	10
24756	0
24757	0
6108	100
3097	10
22841	10
22842	10
22843	10
22844	10
22845	10
1080	10
13700	0
2368	10
29042	10
25525	100
2906	10
2907	10
5499	10
32405	0
7989	10
8115	10
8116	10
8136	10
7462	10
7463	10
7464	10
7465	10
7466	10
7467	0
4592	10
287	0
12232	10
2414	10
20856	10
22838	10
23163	20
13221	0
13222	5100
13223	5100
13224	0
14600	0
14603	100
14604	100
17291	100
826	10
24518	10
1032	10
6059	10
23236	0
29311	0
15532	10
8990	0
23862	0
1187	10
20296	10
4247	40
6715	10
20105	40
20511	10
32672	0
32686	10
3670	10
9714	0
29310	110
4504	10
15487	0
15489	0
15491	0
15493	0
4507	10
4506	10
4502	10
4501	10
33	10
135	10
4503	10
4505	10
28681	10
2352	210
27068	10
27069	0
13738	20
13739	20
13757	10
13768	10
26384	10
26587	10
26614	10
26809	10
27655	0
28611	10
23532	20
2478	0
2479	10
16850	0
16851	10
24203	0
3375	100
8644	10
14521	0
14522	100
14559	100
15262	10
15263	10
15264	10
20307	100
20430	100
4615	100
4618	100
4621	100
4624	100
4627	100
4630	100
6302	100
6312	100
2909	10
2910	10
3378	10
3394	0
20830	10
25034	10
26738	20
25042	10
25046	10
23353	30
20599	30
23352	30
18838	30
2849	5100
16733	0
6833	20
6834	120
18447	0
7844	20
9212	0
618	10
4566	10
4567	10
26335	0
16705	100
16706	5100
17156	100
16704	100
16707	100
16708	100
30986	100
30987	100
16703	100
16700	100
16702	0
1676	100
1677	100
1678	100
23509	100
5993	5100
9444	0
7969	20
13295	10
9443	10
22683	110
11322	0
26218	110
13736	20
13737	20
13755	10
13767	10
13788	20
4856	20
7184	10
26937	20
24341	100
24342	100
24229	100
24230	100
24261	100
24262	100
24245	100
24353	100
24354	100
24311	100
24312	100
24255	100
24256	100
24293	100
24294	100
24357	100
24358	100
24297	100
24298	100
24281	100
24282	100
24729	0
25131	10
26084	0
26085	0
26086	0
31144	0
31143	0
30943	0
29339	0
31514	0
2171	10
2172	10
2173	10
2174	10
2175	10
2426	0
25540	10
29383	0
958	1220
17792	0
17795	0
32487	20
57	10
567	10
4443	10
4444	10
4445	10
4446	10
5165	10
11427	10
11428	10
11429	10
11430	10
11431	10
11432	10
11433	10
11434	10
23944	10
23945	10
23946	10
6072	10
3322	10
11369	0
26225	0
26226	0
4455	210
3304	10
4433	20
11323	0
11324	100
11325	100
11326	100
11327	100
11328	10
11346	0
11347	0
3303	10
4434	10
653	10
4437	10
11380	10
11381	10
11436	10
535	210
534	210
11367	0
11368	0
11370	0
11366	0
17507	10
17508	10
17509	10
4442	10
11435	10
26839	10
24719	10
18197	10
4460	0
30776	10
22482	5100
22483	5100
22484	5100
435	20
436	20
23579	40
21073	0
25802	20
25809	20
24317	100
24318	100
24235	100
24236	100
24301	100
24302	100
24213	100
24214	100
24271	100
24272	100
24355	100
24356	100
24309	100
24310	100
24347	100
24348	100
24329	100
24330	100
24219	100
24220	100
24285	100
24286	100
24359	100
25901	100
24360	100
17257	100
17258	100
17259	100
19115	100
19116	100
19117	100
24247	100
24248	100
24277	100
24278	100
14392	10
22143	20
23974	10
29627	10
25911	10
25916	0
25920	0
26993	10
27307	10
31376	10
476	100
1622	100
2675	100
12436	100
12437	100
12438	100
12439	100
12440	100
12441	100
12442	100
12443	100
12444	100
12445	100
12446	100
12447	100
12572	100
12573	100
12574	100
12575	100
12576	100
12577	100
12578	100
12579	100
12580	100
12581	100
12582	100
12583	100
12584	100
12585	100
12586	100
12692	100
12693	100
12694	100
12695	100
12696	100
12697	100
12698	100
12699	100
12700	100
12701	100
12702	100
12703	100
12704	100
12705	100
12706	100
12707	100
12708	100
12709	100
12710	100
12711	100
12712	100
12713	100
12714	100
12715	100
12716	100
12717	100
12718	100
12719	100
12720	100
12721	100
12463	100
12464	100
12465	100
12466	100
12467	100
12468	100
12469	100
12470	100
12471	100
12472	100
12473	100
12474	100
12475	100
12476	100
12477	100
12617	100
12618	100
12619	100
12620	100
12621	100
12622	100
12623	100
12624	100
12625	100
12626	100
12627	100
12628	100
12629	100
12630	100
12631	100
12662	100
12663	100
12664	100
12665	100
12666	100
12667	100
12668	100
12669	100
12670	100
12671	100
12672	100
12673	100
12674	100
12675	100
12676	100
12722	100
12723	100
12724	100
12725	100
12726	100
12727	100
12728	100
12729	100
12730	100
12731	100
12732	100
12733	100
12734	100
12735	100
12736	100
12448	100
12449	100
12450	100
12451	100
12452	100
12453	100
12454	100
12455	100
12456	100
12457	100
12458	100
12459	100
12460	100
12461	100
12462	100
12523	100
12524	100
12525	100
12526	100
12527	100
12528	100
12529	100
12530	100
12531	100
12532	100
12533	100
12534	100
12535	100
12536	100
12537	100
12602	100
12603	100
12604	100
12605	100
12606	100
12607	100
12608	100
12609	100
12610	100
12611	100
12612	100
12613	100
12614	100
12615	100
12616	100
12632	100
12633	100
12634	100
12635	100
12636	100
12637	100
12638	100
12639	100
12640	100
12641	100
12642	100
12643	100
12644	100
12645	100
12646	100
25471	0
4361	20
554	220
5809	10
5810	10
2523	10
2524	10
1977	100
14584	0
14589	100
17324	100
26896	10
6523	20
15007	10
7	5110
1377	0
1757	5110
1758	5110
1759	0
1760	5110
1761	10
7128	0
7129	0
7130	0
15001	0
15002	0
18961	10
18974	10
26639	0
32531	20
7131	30
291	10
3917	20
26746	20
26748	20
26747	20
22136	10
22384	10
22385	10
19288	0
19289	0
10206	20
32529	20
21530	20
32526	20
32714	10
32715	0
11383	0
11384	0
11388	0
11389	0
11390	0
11391	10
11392	10
11393	10
11394	0
11395	0
11396	0
11397	10
11398	10
11399	10
11400	0
11401	0
11402	0
11403	10
11404	10
11405	10
790	10
22397	10
22398	10
9159	210
26796	10
3305	10
11364	0
596	210
28548	100
28549	100
28550	100
23261	0
456	20
7937	10
14383	10
29767	0
2902	10
2903	10
29813	20
29828	10
29950	10
30557	10
30704	10
27596	10
921	20
640	10
20857	10
2899	10
2900	10
31152	10
31153	10
458	20
2342	220
26825	10
31583	20
31589	0
32104	0
3649	100
3665	100
22421	0
14671	10
25058	10
17658	10
24600	5100
31163	100
32143	100
32163	0
22680	100
1762	20
1764	0
30750	0
2951	10
22608	0
1766	10
1791	10
4977	10
4978	10
676	10
24418	20
22437	30
1673	10
10203	10
22144	100
1330	5100
14838	100
14839	100
25871	0
26595	0
26780	0
26559	100
26721	20
27210	0
1220	100
1223	100
22585	100
22586	100
3937	10
31828	0
18086	10
18087	100
18088	0
21529	210
517	210
752	5100
20458	0
20965	100
5081	0
11007	0
11010	10
12157	0
12158	0
12159	0
12160	0
12161	0
20601	20
20602	0
20605	20
20606	0
20607	20
20608	0
20609	20
20610	0
20764	20
20765	0
20768	20
20769	0
5559	10
15320	10
20770	20
20771	0
15321	10
21925	20
30297	30
17220	0
32473	0
22033	10
21380	20
30017	100
30018	100
30035	100
30036	100
30123	100
2850	5100
25815	20
27970	10
27971	10
16931	10
16932	0
16933	0
17037	10
29134	10
1040	210
15151	10
15176	100
24085	10
1050	10
20603	0
20604	0
947	10
22073	10
22111	10
25279	10
4901	20
3922	210
32613	10
932	210
3086	10
2994	10
16969	0
21810	0
21031	20
21033	20
21035	20
21037	0
21039	0
21041	0
21043	0
21044	0
21045	0
1019	5100
15277	0
15407	20
110	5100
1582	5100
1583	5100
1584	5100
1585	5100
1586	5100
7003	5100
7004	5100
10754	5110
10755	110
10756	110
10757	110
10758	110
10759	110
10760	110
10761	110
11622	0
24790	20
24793	0
24791	20
24794	0
24789	20
24792	0
7773	100
7452	0
7453	0
15451	10
29607	10
31263	0
7355	10
7356	110
9487	0
14818	0
14819	0
14820	0
17243	0
277	5110
2709	5100
31260	0
25694	110
15149	10
15174	100
8785	10
24841	0
24842	0
32304	0
32305	0
32321	10
4543	10
3425	0
3426	0
3427	0
3428	0
3429	0
3430	0
3431	0
3432	0
3433	0
3434	0
3435	0
3436	0
3437	0
3438	0
3439	0
3440	0
3441	0
3442	0
3443	0
3444	0
3445	0
3446	0
3447	0
3448	0
6702	0
6703	0
6704	0
6705	0
8176	0
8177	0
22090	10
22091	10
22092	10
22093	10
22094	10
25210	10
24548	200
8737	10
8738	10
8739	10
28959	30
219	10
1302	10
13732	10
13733	10
13734	10
15000	0
15567	30
15568	30
21185	10
25235	0
25236	0
25243	10
25248	0
25252	0
25254	10
25257	10
25262	0
25263	0
26643	0
27808	0
27809	0
32589	210
1397	20
25237	0
25244	10
25249	0
25264	0
27805	0
27806	0
32588	210
26094	30
26259	10
233	10
234	10
235	10
236	10
309	20
310	20
311	20
312	20
313	20
314	20
315	20
316	20
317	20
318	20
319	20
320	20
321	20
322	20
323	20
324	20
325	20
326	20
327	20
328	20
329	20
330	20
800	10
927	20
952	10
1174	10
1176	10
1177	10
1178	10
1189	20
1190	20
1236	10
1237	10
1238	10
1331	20
1332	20
1333	20
1399	20
1405	20
1406	20
2067	20
2068	20
2722	10
2724	20
2859	10
3019	20
3574	20
3575	20
3804	20
3848	20
4908	20
5470	20
5471	20
5748	20
5749	20
6267	10
6996	10
7044	20
7045	20
7046	20
7636	10
7862	10
7863	10
8647	20
13274	10
13275	10
13276	0
14907	10
15020	10
20104	20
21020	20
21021	20
21022	20
21157	10
21778	10
21779	10
21780	10
22344	20
23132	10
23133	10
23134	10
24571	10
24572	10
24573	10
24574	10
25285	10
26458	20
26459	20
26460	20
26461	20
26462	20
26463	20
26945	20
26946	20
26947	20
26948	20
26949	20
26950	20
26951	20
28871	10
32755	10
32756	10
32757	20
32758	20
32759	20
32760	20
32761	20
23382	10
1315	210
1369	210
1393	210
32577	210
7654	5100
7655	5100
7656	5100
7657	5100
7658	5100
7659	5100
7660	5100
7661	5100
7662	0
7663	0
1250	5100
1249	5100
30817	20
8801	10
13831	10
11300	20
3494	5100
14437	0
14438	100
17343	100
9441	0
14501	0
25661	0
15662	30
7672	10
22620	0
30417	0
4389	5100
4390	5100
4391	5100
30823	100
32508	10
32511	100
32515	20
32516	0
11895	100
11896	100
11897	100
11898	100
11899	100
11900	100
11901	100
11902	100
11903	100
11904	100
11905	100
11906	100
11907	100
11908	100
11909	100
11925	5100
11926	100
11927	100
11928	100
11929	100
11930	100
11931	100
11932	100
11933	100
11934	100
11935	100
11936	100
11937	100
11938	100
11939	100
11910	5100
11911	100
11912	100
11913	100
11914	100
11915	100
11916	100
11917	100
11918	100
11919	100
11920	100
11921	100
11922	100
11923	100
11924	100
31262	0
28960	30
4603	10
18174	10
31274	10
18141	10
18151	10
4967	10
6227	5100
18473	10
23869	0
14782	10
14806	0
14807	0
14808	20
14809	20
25462	10
3912	10
6668	10
6671	0
22973	10
27251	0
31776	0
2309	20
21148	10
23194	20
23195	0
29508	20
29509	0
29979	20
29980	0
32350	0
21628	10
15402	10
6225	5100
18474	10
23870	0
12233	10
21518	10
22609	10
5484	210
26472	10
26475	10
26478	10
26481	10
1378	10
24003	20
21017	20
21018	0
7742	30
7743	0
20864	0
20865	10
7413	0
9682	20
31774	0
23551	10
23567	0
9083	0
24429	10
151	0
3094	0
3095	0
16013	0
7083	0
23041	100
15494	100
580	210
1328	100
1329	100
18729	10
18730	10
18731	10
18732	10
29461	0
28938	10
25152	20
25153	0
25154	0
26594	0
26779	0
23390	0
12203	20
12206	20
15086	20
23434	10
23442	10
19151	5100
21558	0
23683	100
28880	100
674	110
1470	0
18522	20
21163	10
13310	10
13311	0
13395	10
20739	100
20740	100
20741	100
14875	20
27213	0
231	10
1508	10
7868	10
7869	0
27297	10
7335	10
7336	110
9486	0
29614	10
29615	0
10549	0
10550	0
10551	0
10552	0
10553	0
10554	0
10555	0
10556	0
10557	0
10558	0
10559	0
10560	5110
10561	110
10562	110
10563	110
10564	110
10565	110
10566	110
10567	110
10568	110
10569	110
10570	5110
10571	110
10572	110
10573	110
10574	110
10575	5110
10576	5110
10577	110
10578	110
10579	110
10580	5110
10581	110
10582	110
10583	110
10584	110
10585	5110
10586	110
10587	110
10588	110
10589	110
10590	5110
10591	110
10592	110
10593	110
10594	110
10595	5110
10596	110
10597	5110
10598	110
10599	110
10600	5110
10601	110
10602	110
10603	110
13742	100
15303	100
29430	0
29431	0
29432	0
29433	0
29434	0
29586	100
29587	100
29588	100
29705	100
13727	110
19920	110
20512	110
20513	110
20514	110
20515	110
20518	110
20519	110
20520	110
20521	110
20522	110
7141	110
10309	0
10310	0
10311	0
10312	0
10313	0
10314	0
10315	0
10316	0
10317	0
10318	0
10319	0
10320	5110
10321	110
10322	110
10323	110
10324	110
10325	5110
10326	110
10327	110
10328	110
10329	110
10330	5110
10331	110
10332	110
10333	110
10334	110
10335	5110
10336	110
10337	110
10338	110
10339	110
10340	5110
10341	110
10342	110
10343	110
10344	110
10345	5110
10346	5110
10347	110
10348	110
10349	110
10350	5110
10351	110
10352	110
10353	110
10354	110
10355	5110
10356	110
10357	110
10358	110
10359	110
10360	5110
10361	110
10362	110
10363	110
13741	100
15302	100
29583	100
29584	100
29585	100
7741	110
8763	100
9051	100
10246	5110
10247	110
10248	110
10249	110
10250	110
10251	110
10252	110
10253	110
10254	110
10255	110
10256	110
10257	110
10258	110
10259	110
10260	110
10261	110
10262	110
10263	110
10264	110
10265	110
10266	110
10267	110
10268	110
10269	110
10270	110
10271	110
10272	110
10273	110
10274	110
10275	110
10276	110
10277	110
10278	110
10279	110
10280	110
10281	110
10282	110
10283	110
10284	110
10285	110
10286	110
10287	110
10288	5110
10289	110
10290	110
10291	110
10292	110
10293	110
10294	110
10295	110
10296	110
10297	110
10298	110
10299	110
10300	110
10301	110
10302	110
10303	110
10304	110
10305	110
10306	110
10307	110
10308	110
10386	0
10387	0
10388	0
10389	0
10390	0
10391	0
10392	0
10393	0
10394	0
10395	0
10396	0
10397	110
10398	110
10399	110
10400	110
10401	110
10402	110
10403	110
10404	110
10405	110
10406	110
10407	110
10408	110
10409	110
10410	110
10411	110
10412	110
10413	110
10414	110
10415	110
10416	110
10417	110
10418	110
10419	110
10420	110
10421	110
10422	110
10423	110
10424	110
10425	110
10426	110
10427	110
10428	110
10429	110
10430	110
10431	110
10432	110
10433	110
10434	110
10435	110
10436	110
10437	110
10438	110
10439	5110
10440	110
10441	110
10442	110
10443	110
10444	110
10445	110
10446	110
10447	110
10448	110
10449	110
10450	110
10451	110
10452	110
10453	110
10454	110
10455	110
10456	110
10457	110
10458	110
10459	110
10507	5110
10508	110
10509	110
10510	110
10511	110
10512	110
10513	110
10514	110
10515	110
10516	110
10517	110
10518	110
10519	110
10520	110
10521	110
10522	110
10523	110
10524	110
10525	110
10526	110
10527	110
10528	5110
10529	110
10530	110
10531	110
10532	110
10533	110
10534	110
10535	110
10536	110
10537	110
10538	110
10539	110
10540	110
10541	5110
10542	110
10543	110
10544	110
10545	5110
10546	110
10547	110
10548	110
10843	110
10844	110
10845	110
10846	110
10847	110
10848	110
10849	110
10850	110
10851	110
10852	110
10853	110
10854	110
10855	110
10856	110
10857	110
10858	110
10859	110
10860	110
10861	110
10862	110
10863	110
10864	110
10865	110
10866	110
10867	110
10868	110
10869	110
10870	110
10871	110
10872	110
10873	110
10874	110
10875	110
10876	110
10877	110
10878	110
10879	110
10880	110
10881	110
10882	110
10883	110
10884	110
10885	110
10886	110
10887	110
10888	110
10889	110
10890	110
10891	110
10892	110
10893	110
10894	110
10895	110
10896	110
10897	110
10898	110
10899	110
10900	110
10901	110
10902	110
10903	110
10904	110
10905	110
15300	100
15301	100
29580	100
29581	100
29582	100
29739	100
29740	0
30731	0
31197	10
31198	0
31200	10
31201	0
31203	10
31204	0
31668	0
28997	0
28998	0
23515	0
30316	10
4783	0
4784	0
4785	0
4786	0
4787	0
4788	0
17432	0
17456	0
25569	0
25570	0
30031	10
30032	10
30039	0
30040	0
30111	0
30113	0
30633	0
30634	0
30635	0
30636	0
30637	0
30638	0
30639	0
30640	0
30641	0
30642	0
30643	0
30644	0
30645	0
30646	0
30647	0
30719	0
30721	0
30723	0
30725	0
30727	10
30728	10
30907	10
30908	10
31146	10
31147	10
18036	10
18037	10
18038	10
23437	10
23445	10
3671	210
15844	10
26834	10
26835	10
1273	10
1319	5100
32635	100
32775	10
19278	0
32058	0
27331	10
27336	10
27338	10
27340	10
27342	10
29636	10
21024	100
28623	10
2327	220
819	10
8938	100
14377	10
14378	10
21927	20
27300	50
27303	10
28651	20
30346	30
31326	0
31379	10
3823	10
23919	0
7048	210
100	10
16857	10
17616	0
18811	20
25193	10
29301	110
758	10
29772	0
15099	10
16620	10
18863	10
27407	10
32408	0
22265	0
29612	100
15634	20
15635	20
15637	10
18911	10
18912	10
18913	10
18915	20
18916	20
18917	20
18918	20
18919	20
18920	20
1306	5120
9710	1030
29793	10
29794	0
2462	10
13251	10
11001	10
9707	20
9708	20
6706	10
9123	0
9709	10
13252	10
13253	10
25832	20
29657	0
593	210
25246	10
21171	20
21173	10
21178	10
21179	0
21180	20
21181	20
1310	120
5493	10
1277	10
5465	0
5505	10
9338	0
24893	10
18837	30
21754	10
578	210
28667	20
28668	30
28669	20
28670	30
4909	10
4560	220
1772	10
1773	10
1774	0
2689	0
3300	10
3783	5100
12241	10
16862	20
16865	0
26442	0
31857	0
31858	0
31859	0
31860	0
31861	0
31862	0
31863	0
31864	0
394	10
16866	20
1775	0
16863	10
1776	0
16864	10
5593	5100
32261	10
32262	0
31826	0
14886	20
32604	10
4602	10
51	100
2862	100
10770	110
10771	110
10772	110
10773	110
10774	110
10775	110
11633	100
11634	100
11635	100
11636	100
14405	100
14406	100
14407	100
14408	100
14409	100
14410	100
14411	100
14412	100
14413	100
15564	10
14969	20
14972	0
28624	10
28625	0
10022	10
10023	10
14305	0
31139	0
12236	0
6817	20
24430	10
30828	0
28779	0
27589	10
27588	10
28780	0
28896	0
20393	0
20367	100
20368	100
11671	10
11673	0
3934	10
13451	5100
24012	5100
28092	10
28399	10
14690	5100
14691	5100
14692	5100
14693	5100
28398	10
3344	10
3345	10
573	210
1316	210
2956	0
32770	210
22434	30
3135	10
31649	10
32274	10
32327	10
1011	10
6660	10
6661	10
1427	10
1428	10
16218	0
16233	10
16234	10
27633	10
15136	10
15179	0
15134	10
15138	10
15139	10
15140	10
15141	0
15142	0
15143	0
15144	0
15145	0
15180	0
16216	0
16217	0
16222	0
16223	10
16224	10
16225	0
16226	10
16272	0
16227	10
8941	10
26589	20
26613	10
2520	30
2521	30
3557	10
3517	10
3518	110
3519	10
3295	10
25973	10
25975	10
25976	10
25991	10
25992	10
25996	10
26000	0
26324	10
26325	0
26362	0
29117	20
586	210
218	10
29476	40
29477	10
29479	40
29481	40
29483	40
28971	10
6038	5110
11092	0
11102	10
11082	10
2998	10
3001	10
3002	10
3003	10
3004	10
3005	10
3006	10
12190	10
12191	0
8254	20
4287	20
14696	5100
14697	5100
14698	5100
14699	5100
3033	10
4251	210
1217	10
3234	10
3914	100
18929	20
18931	20
22878	0
1675	10
1398	20
2063	10
1610	5110
1827	5100
6389	0
9087	0
24721	110
24722	100
26873	10
26874	110
26953	0
29354	110
28008	110
28009	110
28010	110
28011	110
1411	10
1412	10
18753	10
21320	10
26282	10
27678	10
29147	10
24200	10
2330	220
788	10
4377	10
3307	10
3321	10
22679	100
2196	10
2428	0
19478	20
19484	0
28705	10
6916	20
6918	0
7281	20
7282	20
7283	20
7284	20
7289	0
7290	0
7292	0
28355	0
28357	0
28359	0
28361	0
28363	0
2237	10
7932	10
7962	0
26985	30
27238	0
27239	0
32402	0
3497	5100
3498	5100
3499	5100
3500	5100
3501	5100
3502	5100
14475	0
14476	100
14477	100
14478	100
14479	100
14480	100
14481	100
17328	100
17329	100
17330	100
17331	100
17332	100
17333	100
14849	100
570	210
2957	0
13189	210
26417	200
540	210
24547	200
31181	0
31211	10
23182	20
23183	0
29496	20
29497	0
29967	20
29968	0
15992	20
20532	20
20558	0
3392	0
3723	0
4493	20
9410	10
9412	10
13279	10
15547	10
18870	10
19390	10
27541	10
26733	20
11318	10
11332	100
11345	0
6260	7100
16989	100
16990	100
17098	100
17099	100
18471	10
19355	100
19356	100
19374	10
19412	0
19428	0
21005	0
22850	10
28087	10
11312	10
11329	100
11342	0
11343	0
7121	10
5566	10
7551	10
7552	110
7553	110
14246	100
14287	0
14564	0
14565	0
14566	100
14567	100
17272	0
17273	100
17303	100
17304	100
18489	10
20643	10
20647	10
20648	0
20732	0
23632	10
28753	0
28757	10
29402	10
29683	10
29750	0
30628	0
20724	100
13578	0
13601	100
13602	100
22046	10
22047	0
11314	10
11315	10
11331	100
11344	0
26408	210
13190	210
3391	0
3724	0
4494	20
9408	10
9414	10
13278	10
15546	10
18869	10
19391	10
27542	10
27037	100
27051	100
28823	100
409	0
3022	10
3351	0
9168	10
8590	20
29019	10
29020	0
3826	10
29000	10
6033	5110
303	10
1719	10
1725	0
26990	10
11699	210
12261	210
780	10
20781	210
29765	0
2997	10
2357	210
7602	10
32559	10
7339	10
7340	110
9490	0
3029	10
1052	10
1053	5100
13979	0
13980	100
14035	10
14036	10
14037	10
14038	5100
14039	5100
14040	5100
4285	10
8306	0
30320	10
103	5100
104	5100
491	5110
1541	0
1549	5100
2716	0
2931	0
4387	5100
4388	5100
5342	5100
5343	5100
5344	5100
5345	5100
5346	5100
5347	5100
5348	5100
5349	5100
5350	5100
5351	5100
5352	5100
5369	5100
5370	5100
5371	5100
5572	10
6094	5110
6095	5110
6096	5110
6097	5110
6098	5110
6504	10
7998	5100
7999	5100
8623	0
10821	5110
10822	110
10823	5110
10824	110
10825	110
10826	5110
10827	5110
10828	110
10829	110
10830	110
10981	110
10982	110
10983	110
10984	110
10985	5110
10986	5110
10987	5110
10988	5110
10989	110
10990	110
10991	5110
10992	5110
10993	110
10994	110
10995	110
10996	110
10997	110
10998	110
10999	110
11000	110
11246	10
14490	0
15968	10
15971	0
24368	0
24369	100
24945	10
24947	10
24949	10
24951	10
24953	10
24955	10
24957	10
24959	10
24961	10
24963	10
24967	10
24969	10
24971	10
24974	0
24975	10
24978	10
24979	0
24980	10
24982	10
24984	20
24986	10
24987	10
24990	10
24991	20
24992	10
26454	10
27312	0
27320	10
29559	10
30168	0
30362	0
30363	0
30364	0
30365	0
30366	0
30384	10
1707	0
1708	0
1702	1030
1704	20
1705	10
30328	10
1686	20
1701	10
1706	10
30675	100
30175	10
31308	10
1700	10
6681	0
17485	0
26983	10
17486	0
26984	10
1703	10
1699	210
30260	100
30261	100
1697	10
25027	20
25028	0
29538	20
29539	0
30009	20
30010	0
27321	10
27322	10
27323	10
15972	0
8713	20
30285	10
30426	100
30425	100
20210	10
20211	0
7994	5100
17011	100
17266	100
3342	20
30850	0
1218	5100
15258	100
22531	100
3059	5100
22986	20
28984	0
16900	10
16901	30
487	0
6380	5100
6379	5100
78	5100
1005	0
2482	0
3711	100
10910	5110
10911	110
10912	110
10913	110
10914	110
16763	100
16764	100
16765	100
16766	100
16767	100
32779	0
3058	5100
7353	10
7354	110
32778	0
6948	20
7294	20
7296	20
7298	20
7300	20
7829	100
9218	10
9219	10
9220	10
9221	10
9222	10
32753	10
32754	10
32739	20
32740	0
32742	20
2033	5100
4920	5100
4921	5100
2035	5100
32788	10
32786	10
6800	20
6801	120
24123	0
32777	0
1828	5100
32781	0
28964	10
32782	10
1693	100
4892	0
4893	100
7828	100
22165	100
22166	100
22167	100
22168	100
18932	7100
18933	100
18934	100
18935	100
30978	100
4347	5100
86	5100
87	5100
446	5100
950	5100
2091	5100
4395	5100
4922	5100
4923	5100
4924	5100
4926	5100
4927	5100
4942	5100
4943	5100
4944	5100
4945	5100
6899	0
8828	5100
8829	5100
10480	5110
10481	110
10482	110
10483	110
10484	110
10485	5110
10486	5110
12348	5100
12349	5100
12350	5100
12351	5100
12914	5110
12915	110
12916	110
12917	110
12918	110
12919	5110
12920	5110
16808	100
16809	100
16810	100
16811	100
16812	100
16813	100
16814	100
20500	100
20501	100
25282	100
4972	5100
14460	0
14461	100
17340	100
2452	5100
2885	5100
5253	100
5292	0
6770	100
6771	100
14608	0
14609	100
17299	100
22087	0
3943	5100
1973	100
5359	100
5384	100
10469	110
10470	110
10471	110
10472	110
10473	110
10474	110
10475	110
10476	110
10477	110
10478	110
10479	110
25690	110
14029	100
14030	5100
14031	5100
59	5100
60	5100
4400	5100
12352	5100
20499	100
25817	20
27460	0
32784	10
32780	0
6381	5100
6383	5100
6990	0
15464	5100
19502	10
19503	10
19504	0
19505	0
19516	0
19517	0
27449	10
32538	10
32539	10
22257	0
22273	0
22277	0
26364	0
32546	10
18095	30
18096	30
2538	10
3358	10
8635	10
16847	10
26404	10
26406	30
2344	220
21149	10
8182	0
21329	0
21331	0
3807	10
21581	10
22373	10
22374	10
23761	20
25987	10
27442	20
5204	100
7122	0
8050	10
8051	20
17518	10
17519	0
13454	5100
24010	5100
28093	10
14301	100
28450	0
29355	100
28348	100
28349	100
28827	100
28828	100
28829	100
28830	100
28831	100
28248	100
28246	100
17145	5100
22259	100
22294	100
28350	20
28352	0
20222	0
12342	10
4607	10
18182	10
31278	10
18145	10
18159	10
29111	20
28728	10
32132	0
14828	0
17241	0
5996	5100
25834	20
767	5100
8724	5100
32276	10
32328	10
8684	10
671	10
6391	0
4645	0
19881	10
26296	10
27691	10
26734	20
14768	20
14772	10
14823	0
14833	10
4605	10
18178	10
31276	10
18143	10
18155	10
7077	10
9948	100
9949	100
9950	100
9951	100
9952	100
9953	100
9954	100
9955	100
9956	100
9957	100
9958	100
9959	100
9960	100
9961	100
9962	100
9963	100
9964	100
30432	10
11309	10
11310	20
11409	0
7381	5100
7382	5100
7392	0
7393	0
66	120
67	120
68	120
2249	100
2250	100
2251	100
2371	10
6002	20
6004	10
6564	0
6604	0
6605	0
23947	10
23948	10
23949	10
3814	5100
635	10
621	10
622	10
623	0
624	0
625	10
626	10
627	0
628	0
629	10
630	10
631	0
632	0
16602	1030
16603	1030
16604	1030
19086	1030
159	120
160	120
161	120
29446	0
29447	0
2802	10
23453	0
23454	0
23455	0
23456	0
2421	0
2422	0
3815	5100
2137	10
2420	0
18305	0
18368	0
163	100
164	100
2781	0
3816	5100
17173	10
17446	0
6611	0
4638	0
4639	0
4640	0
4641	0
4642	0
8787	0
162	10
2138	10
2139	10
479	110
480	110
2247	5100
2248	5100
851	210
633	10
634	10
168	5120
169	5120
19572	0
25014	20
25015	0
1800	20
4930	5100
4931	5100
4933	5100
4934	5100
5861	100
3264	5100
3265	5100
3266	5100
3267	5100
3726	0
4261	5100
4262	5100
4263	5100
4264	5100
4265	5100
4266	5100
4267	5100
4268	5100
4269	5100
4270	5100
4271	5100
4272	5100
4273	5100
4274	5100
4275	5100
4276	5100
4407	5100
4408	5100
4409	5100
4410	5100
4411	5100
4412	5100
4479	5110
4480	5110
4481	5110
4482	5110
4483	5110
4484	5110
4485	5110
4486	5110
4487	5110
4488	5110
4489	5110
4490	5110
4491	5110
4492	5110
4499	5100
4633	0
4634	0
4635	0
4636	0
4637	0
5855	0
5856	0
6125	0
6126	0
6132	0
6133	0
6279	5100
6280	5100
6281	5100
6282	5100
6283	5100
6402	10
6403	10
6404	10
6405	10
6406	10
6407	10
6408	10
6409	10
6410	10
6411	10
6412	10
6413	10
6414	10
6415	10
6416	10
6417	10
6418	10
6419	10
6420	10
6421	10
6422	10
6423	10
6424	10
6425	10
6426	10
6427	10
6428	10
6429	10
6430	10
6431	10
6432	10
6433	10
6434	10
6435	10
6436	10
6437	10
6438	10
6439	10
6440	10
6441	10
6442	10
6443	10
6444	10
6445	10
6446	10
6447	10
6448	10
6449	10
6450	10
6451	10
6452	10
6453	10
6454	10
6455	10
6456	10
6457	10
6458	10
6459	10
6460	10
6461	10
6462	10
6463	10
6464	10
6465	10
6466	10
6467	10
6490	0
6491	0
6492	0
6493	0
6494	0
6495	0
8637	100
8638	100
8862	5100
11232	100
11233	100
11234	100
11235	100
11236	100
11237	100
11238	100
11239	100
11240	100
11241	100
11259	5100
11260	5100
11261	5100
12353	5100
12354	5100
12355	5100
12356	5100
12357	5100
13095	100
13096	100
13097	100
13098	110
13099	100
13247	100
13248	100
13249	100
13250	100
16991	0
16992	0
16993	0
16994	0
16995	0
17172	10
17460	0
18617	0
18618	0
18619	0
18620	0
19350	0
19351	0
19352	0
19353	10
19419	10
19420	10
27775	0
27786	0
28620	0
3060	100
19403	10
3413	10
3414	10
3415	0
9683	10
5824	0
489	100
6496	10
6497	10
19401	10
19407	10
19409	10
22176	0
22177	100
22178	100
22179	100
22180	100
22181	100
22182	100
19421	10
19399	10
8712	20
19405	10
15956	100
1749	0
5786	10
5908	5100
23510	0
23511	100
23513	0
18673	100
18674	100
18675	100
21128	0
21129	0
879	10
21340	20
21366	10
21367	10
21368	10
21369	10
21383	10
21395	0
21396	0
21397	0
21400	20
21401	0
21394	0
21374	0
21375	0
21376	0
21377	0
26245	20
17501	10
21415	10
21390	1020
21391	1020
21392	1020
21393	1020
25620	5100
2561	0
15640	0
32766	10
28216	0
28215	0
28213	0
28214	0
26944	10
18209	20
18445	0
18446	0
25707	10
25737	20
19436	20
3372	0
25803	20
19089	20
19090	10
26618	0
14894	20
26439	10
26568	0
25706	10
25810	20
31565	0
31566	10
31567	0
1271	0
1272	0
5172	0
5173	0
28218	0
28217	0
5075	0
7497	5110
7498	10
5769	10
6538	10
6540	10
6545	10
6546	10
306	10
1682	10
2999	10
23553	10
23569	0
5156	220
30821	10
25190	20
856	5110
16825	20
16826	20
20287	20
20289	10
22422	20
22423	20
22424	20
22425	20
4418	5100
6218	5100
10207	110
10208	110
10209	110
10210	110
10211	110
17025	0
23186	20
23187	0
29500	20
29501	0
29971	20
29972	0
24071	10
24078	0
24090	10
2363	20
1482	0
19290	0
23061	100
24603	5100
32263	100
19281	100
22323	0
22463	5100
26032	0
28095	20
28394	30
28813	10
22322	0
22460	5100
22462	5100
31007	100
813	10
8000	40
28596	10
28597	0
5788	10
5789	10
5790	10
5791	10
1030	10
6057	10
18910	30
25478	100
25479	100
25480	100
24997	20
24998	0
210	10
6508	0
1419	40
2240	40
2241	40
2593	40
15529	0
15530	0
19911	40
19912	40
19913	40
19914	40
19915	40
24539	40
24540	40
24541	40
24542	40
24853	40
24854	40
6521	10
23681	100
31541	10
31694	10
31723	10
31733	10
32093	10
24487	10
24529	0
923	10
15910	10
24568	10
24654	10
24656	10
31717	10
230	10
6796	20
6797	120
6849	20
6850	120
13684	100
13685	100
25839	40
26135	20
26136	220
26137	230
30709	10
30716	10
30389	0
22927	0
6565	20
6568	20
29458	0
493	5100
532	100
533	100
11708	5100
11709	100
11710	100
11711	100
11712	100
11713	100
11714	100
11715	100
11716	100
11717	100
11718	100
11719	100
11720	100
29561	100
6571	20
6574	20
6577	20
3101	10
1685	10
6127	10
23548	10
23564	0
25218	20
83	5100
4698	5100
4699	5100
4700	5100
4701	5100
6677	0
10718	5110
10719	110
10720	110
10721	110
21496	5100
29161	100
29162	0
29163	0
29364	100
29419	100
29422	0
29601	100
29259	110
29360	100
29262	110
29363	100
29261	110
29362	100
29257	110
29358	100
29258	110
29359	100
29260	110
29361	100
30490	40
30491	30
8567	5100
8568	5100
8574	0
8563	5100
8564	5100
8572	0
8559	5100
8560	5100
8570	0
30488	40
30489	30
19551	100
19552	0
13184	10
13026	20
13031	20
13036	20
13041	20
13046	20
25223	10
941	100
4677	100
4678	100
4679	100
4680	100
10604	110
10605	110
10606	110
10607	110
10608	110
10609	110
19100	0
25750	20
29369	100
25757	20
29010	0
12169	10
12370	0
23537	0
2103	10
2223	0
13430	10
13436	0
2095	10
17039	10
8026	0
8027	20
8028	20
29012	0
15642	0
5117	0
26711	20
15758	10
12426	10
32767	10
29011	0
16156	100
24843	10
25447	0
1370	210
1394	210
22512	20
22517	0
28488	10
28497	0
25191	10
22313	0
22314	0
22442	5100
23844	100
27615	0
28184	100
29041	10
30979	100
22433	30
18206	10
18253	10
7010	0
7011	0
32793	0
12384	10
12385	0
21333	10
854	10
25730	20
29004	0
3028	100
14596	0
14599	100
17313	100
29006	0
15761	10
29005	0
16157	100
6961	20
7242	20
7244	20
9193	10
9194	10
9195	10
6960	20
7241	20
7243	20
31597	0
31598	100
14688	5100
14689	5100
14700	5100
14701	5100
14079	10
21514	10
6390	10
8977	10
12379	10
2946	10
5989	10
18295	10
18359	10
13589	20
13590	20
13591	20
8250	130
8251	120
27315	10
792	110
2038	10
105	5100
1195	5100
1196	5100
1197	100
32535	210
32575	210
15462	100
15495	100
28755	220
32542	210
6250	5100
7073	10
15251	10
7075	10
15253	10
3725	0
3849	10
4417	10
4496	10
4497	10
4498	10
4536	0
6479	10
6481	10
19385	20
22156	10
789	10
2041	10
2065	10
556	210
28703	10
20877	10
18292	0
18254	10
18436	10
19658	10
2419	0
18306	10
18423	10
19650	10
7076	10
15254	10
5500	10
23067	100
23068	100
2412	10
9	5110
32	5110
206	110
296	5110
297	5110
298	5110
299	5110
344	10
345	10
346	10
368	10
678	0
812	10
1076	10
1077	10
1142	0
1143	0
1144	0
1145	0
1146	0
1147	0
1148	0
1149	0
1150	0
1296	0
1297	0
1374	10
1805	10
1806	10
2962	0
2963	0
2964	0
2965	0
2966	0
2967	0
2968	0
2969	0
2970	0
2971	0
2972	0
2973	0
3228	5110
3229	5110
3230	5110
3231	5110
3232	5110
3233	5110
3241	5120
3407	5110
3408	5110
3715	5100
3941	10
3942	10
4257	110
4258	110
4259	110
4260	110
4301	10
4302	10
4303	10
4304	10
4305	10
4306	0
4307	5120
4308	5120
4309	5120
4310	5120
4311	5120
4336	5100
4993	110
4994	110
4995	110
4996	110
4997	110
4998	110
4999	110
5000	110
5001	110
5002	110
5489	20
5490	20
5491	10
5492	10
5800	110
5801	110
5919	5110
5920	5110
6183	10
6184	10
6190	0
6498	10
6499	10
6500	10
6501	10
6502	10
6503	10
6515	0
7142	10
7951	10
8173	5110
9234	110
10915	10
10916	10
10917	10
10918	10
10919	10
10920	10
10921	10
10922	10
10923	10
10924	10
10925	10
10926	10
10927	10
10928	10
10929	10
10930	10
10931	10
10932	10
11271	40
13884	10
13885	10
13886	10
13887	10
13888	10
13889	10
13890	10
13891	10
13892	10
13893	10
13894	10
13895	10
13896	10
13897	10
13898	0
13899	0
13900	0
13901	0
13902	0
13903	0
13904	0
13905	0
13906	0
13907	0
13908	0
13909	0
13910	0
13911	0
13912	0
13913	0
13914	0
13915	0
13916	0
13917	0
13918	0
13919	0
13920	0
13921	0
13922	0
13923	0
13924	0
13925	0
13971	10
14684	0
14920	100
15094	0
15126	110
15127	110
15583	10
17434	0
17453	0
17454	0
17458	0
18324	10
18991	0
19041	0
19042	0
22576	10
22577	10
26419	10
26421	10
26423	30
26425	10
26553	10
27434	10
29778	0
31665	0
196	100
7200	10
3109	10
22930	10
30105	10
30561	10
30648	30
30708	10
30715	10
99	100
3582	100
6374	0
10726	110
10727	110
10728	110
10729	110
10730	110
10731	110
10732	110
10733	110
10734	110
10735	110
12922	110
12923	110
12924	110
12925	110
12926	110
12927	110
12928	110
12929	110
12930	110
12931	110
16815	100
16816	100
16817	100
16818	100
16819	100
16820	100
16821	100
16822	100
16823	100
16824	100
6558	10
6314	0
6316	0
6315	0
6317	0
4600	10
8906	0
9724	10
4476	30
274	5110
275	110
8226	10
8332	10
8333	10
8343	100
8344	100
14259	0
14260	0
25033	10
11009	0
23968	10
23969	10
23970	10
7887	10
17409	0
17419	0
17429	10
17430	10
7885	10
17439	0
25490	0
7886	10
17443	0
25489	0
7889	10
17440	0
7890	10
25491	0
5017	10
5018	10
5019	10
7144	0
7147	0
7148	0
7149	0
7150	0
7145	0
7146	0
18589	10
18590	10
18591	10
26661	20
2865	10
2867	10
2870	10
2871	0
18970	10
18983	10
14227	10
343	10
342	10
198	10
27447	10
11275	10
11276	10
11277	20
17462	0
20932	0
26381	0
26926	10
22235	100
28697	10
928	10
146	0
149	0
150	0
450	0
451	0
1179	0
1322	0
1323	0
1324	0
1325	0
1400	0
2726	0
2727	0
3197	0
7860	100
9334	0
9717	0
2159	210
24432	10
602	210
30819	210
902	1030
5796	10
5511	10
607	10
2154	210
2424	0
24881	10
24907	10
24908	20
24909	10
26590	20
26612	10
26791	10
199	110
8205	10
23169	0
23170	0
27518	10
27519	10
22728	10
22729	10
18534	10
18556	20
23503	0
2027	5100
14265	0
18477	10
18541	5100
18542	5100
19075	10
19076	10
22355	10
23838	0
25466	0
31015	100
27047	100
27061	100
31410	0
8008	0
16971	10
22826	10
23911	10
26361	10
30967	10
6956	20
27511	0
6955	20
27510	0
13164	0
13799	0
6957	20
9187	0
6589	20
29465	0
11638	100
11639	100
16980	100
17129	10
19884	10
23917	10
18405	0
16693	100
16973	40
16689	100
16685	100
16681	100
32347	0
32363	10
32396	10
8894	10
5094	10
5095	10
5096	10
1742	20
1744	20
1746	20
1747	20
1748	20
1745	20
2468	100
2469	100
2470	100
2471	100
2473	10
2480	0
2534	0
30890	100
1743	20
5859	100
1713	0
4329	0
1710	5110
1711	5110
1712	5110
1740	10
1741	10
12194	0
5860	5100
1714	20
1715	20
1716	10
1717	10
4318	10
4320	10
12193	0
12229	0
3090	5110
3091	0
3034	10
302	10
2189	10
19828	20
1438	10
25146	10
598	20
29779	0
7064	0
26089	10
22456	10
510	20
1870	10
27394	10
12208	20
12211	20
991	0
23372	210
1383	110
3921	210
3025	10
12	20
8014	0
21544	10
4327	0
1437	210
1807	10
1008	10
1362	10
1794	10
26217	110
3944	20
3945	20
3946	20
3947	20
3948	20
3949	20
3950	20
3951	20
3952	20
3953	20
8864	210
17437	0
13989	10
13987	10
13988	10
13990	10
8964	10
9060	0
19096	10
19097	0
19161	10
25989	10
26049	0
27178	10
27179	0
27182	0
27188	10
27204	10
27208	20
27260	0
28814	10
28850	10
28854	10
28864	10
29752	0
21258	20
0	20
7935	10
27428	10
29763	0
26203	110
25608	5100
25609	5100
31035	10
31036	0
31781	0
32247	0
24162	10
9898	5100
9899	100
9900	100
9901	100
9902	100
9903	100
9904	100
9905	100
9906	100
9907	100
9908	100
9909	100
9910	100
9911	100
12844	0
15211	100
15212	0
30980	100
15210	100
15209	100
3330	10
23448	10
25708	10
25743	20
23385	30
20285	30
1078	10
14181	100
22615	10
1571	10
22619	0
3153	5100
21505	5100
25270	10
4286	10
8268	10
8299	0
8300	0
8301	0
15936	0
22965	10
24197	10
23138	10
576	210
8139	10
8140	0
13486	10
23218	20
23219	20
23220	20
895	10
24813	10
24655	20
28730	10
32134	0
6900	20
6902	20
6904	20
6906	20
27787	0
27788	0
27789	0
27790	0
13460	100
30663	100
30670	100
31051	10
31052	0
32563	10
11630	10
11626	0
1537	0
892	0
14276	0
14293	0
18488	10
20632	10
20633	10
20634	0
20635	0
20636	0
20637	0
23671	10
23730	0
23742	0
28564	10
29400	10
29727	0
29749	0
31886	10
31887	10
20723	100
894	5110
15588	100
30836	0
669	10
4647	0
6305	0
8485	0
8489	0
8490	0
20786	10
22212	10
22232	10
22233	10
22234	10
22281	10
22288	10
22300	0
25888	0
30324	10
22289	0
8496	0
3619	5100
3620	5100
4232	0
24835	0
847	10
14860	210
13932	1030
17551	100
17796	10
19623	10
19638	10
8227	10
8239	10
26938	10
8541	10
8542	10
8543	10
30772	10
32477	0
32478	10
32479	0
283	100
8805	0
24839	0
20444	10
29420	10
4643	0
24165	10
15358	0
15383	0
21813	210
15083	0
21830	20
7840	0
28805	10
603	210
27939	10
27940	0
22095	10
22096	10
22097	10
22098	10
31856	100
32693	10
32694	100
31499	20
27941	10
27942	0
19852	20
19863	30
20270	10
20271	10
21545	0
21546	0
20302	20
20344	10
20345	0
20346	10
20347	0
20348	10
20349	0
20350	10
20351	0
2188	10
22931	100
24910	0
3534	100
3600	100
3601	100
4778	110
4779	110
3527	100
3578	100
3599	100
4780	110
4781	110
14044	100
14085	100
14087	100
14089	100
14091	100
14093	100
14095	100
14097	100
14099	100
14121	100
14123	100
14125	100
14127	100
14129	100
14131	100
14133	100
14135	100
14101	100
5200	10
797	210
26935	10
3554	10
28633	10
28634	0
1364	10
12388	10
12389	0
3505	30
3382	0
25045	10
25463	20
3504	30
9278	10
49	5100
3586	5100
6210	100
9610	100
10188	5110
10189	110
10190	110
10191	110
10192	110
10193	110
10194	110
10195	110
15305	100
15401	100
17018	0
22487	100
24613	100
26875	10
26876	110
29263	110
29357	100
29602	100
29266	110
29265	110
29264	110
29267	110
18566	10
18567	10
18568	10
18569	10
22161	0
22162	0
22309	0
22310	0
22438	5100
27614	0
27881	20
28096	20
28182	100
28820	10
30981	100
31521	100
22435	30
30406	40
18603	10
19302	0
19306	10
2683	5120
22702	10
263	10
25849	20
889	10
24697	10
19293	10
32239	20
32243	0
13939	20
29782	0
32430	20
32431	20
32240	20
32244	0
13938	20
30107	10
15014	0
15015	0
23196	20
23197	0
29510	20
29511	0
29981	20
29982	0
30522	20
30524	0
3822	10
32607	10
32654	0
1863	0
21782	20
21783	30
21784	30
21785	30
21786	30
21787	30
21788	10
21789	10
21790	10
21791	10
21792	10
21793	10
23171	0
25271	0
30209	0
30163	100
30172	0
30255	0
30982	100
21	5110
19540	0
584	210
15806	10
15807	10
15830	100
15831	100
15881	10
17223	0
17224	100
17225	100
20425	100
2157	210
2340	220
24634	10
32074	10
32075	10
32127	10
32128	10
32136	0
2007	100
24410	20
307	10
32421	10
32422	0
15582	20
21814	10
575	210
24715	10
18043	10
18044	0
11440	0
216	10
420	10
421	10
1986	10
2535	0
3078	0
19387	10
32094	10
29735	0
24614	10
6788	10
6789	100
6790	100
6791	100
32156	10
19471	10
180	5100
2677	5100
7443	5100
22707	10
27432	10
27435	10
1090	10
3929	10
7908	10
13464	10
117	5100
4689	5100
4690	5100
4691	5100
4692	5100
4693	5100
10706	5110
10707	5110
10708	5110
10709	110
10710	110
10711	110
10712	110
10713	110
10714	110
10715	110
10716	110
10717	110
20252	0
26386	0
26387	0
26388	0
26389	0
26390	0
4558	210
24716	10
5931	10
1514	10
808	10
2685	100
2686	100
2687	100
2688	100
3583	100
4898	100
6275	5100
10236	110
10237	110
10238	110
10239	110
10240	110
10241	110
10242	110
10243	110
10244	110
10245	110
13100	100
13246	100
16798	100
16799	100
16800	100
16801	100
16802	100
16803	100
16804	100
16805	100
16806	100
16807	100
16996	0
21494	100
3061	5100
10059	5100
10060	100
10061	100
10062	100
10063	100
10064	100
10065	100
10066	100
10067	100
10068	100
10069	100
10070	100
10071	100
10072	100
17635	10
6527	20
2058	0
698	10
699	10
700	10
4866	10
4867	10
15957	10
15958	100
15541	10
15544	20
30753	20
4559	210
21101	30
17137	20
19285	20
1000	5100
15969	100
28754	10
5581	10
5582	10
5583	10
4362	220
6845	10
6846	110
5463	0
5464	0
5514	10
5515	10
5516	10
5517	0
28621	10
9691	10
4731	10
25288	10
25289	10
2948	10
15361	0
15362	100
12886	5100
12887	100
12888	100
12889	100
12890	100
12891	100
12892	100
12893	100
12894	100
12895	100
12896	100
12897	100
12898	100
12899	100
12900	100
14968	20
14971	0
3655	100
3656	100
3657	100
3667	100
340	10
341	10
845	230
5811	10
5812	10
5105	10
24428	10
25627	5100
14394	0
14395	0
14396	0
14397	0
31321	0
31322	0
31323	0
31324	0
31325	0
31327	20
31328	0
31329	20
31330	0
31331	20
31332	0
31333	20
31334	0
31335	20
31336	0
549	210
20776	210
4512	10
21225	0
22769	10
22673	10
25459	10
25460	0
25461	0
13300	10
18303	0
18366	0
18420	0
18432	10
18443	10
18294	10
18358	10
5479	10
5483	210
23035	30
24911	0
600	210
305	10
28965	10
17523	0
17797	0
25475	0
27015	10
26139	110
26140	110
3585	100
13712	0
15306	100
25925	0
24073	10
24080	0
24094	10
26231	20
26232	20
26233	20
26234	20
26235	20
26236	20
26237	20
26238	20
26239	20
26240	20
26241	20
26242	20
32137	100
32138	100
32139	100
32157	0
32158	0
32159	0
19361	100
19362	100
19363	100
19364	100
19365	100
19366	100
32569	30
3254	10
25147	10
25148	10
25149	10
30827	0
8092	20
26596	0
26781	0
28962	30
32772	210
5112	210
5113	210
22929	10
4563	210
6811	10
6812	110
9488	0
10610	110
10611	110
10612	110
10613	110
10614	110
10615	110
10616	110
10617	110
10618	110
24122	0
24172	100
25684	110
29348	100
1088	10
22503	0
22504	0
26722	20
27217	0
7945	0
26845	10
23304	0
23305	0
23306	0
7071	10
15249	10
23493	0
23494	0
1779	1220
20259	0
24126	0
22798	10
22799	0
19921	230
6991	20
13624	10
9074	100
9075	0
9076	10
7964	0
24005	100
1944	20
1946	20
24017	100
29650	10
29651	0
9052	100
14261	100
14545	0
14546	100
17279	0
17280	100
17339	100
20429	100
10460	5110
10461	110
10462	110
10463	110
10464	110
10465	5110
10466	110
10467	110
10468	110
111	5100
3072	5100
4685	5100
4686	5100
4687	5100
10762	5110
10763	110
10764	110
10765	110
10766	110
10767	110
10768	110
10769	110
8806	0
14941	100
14962	10
14965	5110
19142	100
19147	5100
795	5100
64	5100
10157	5110
10158	110
10159	110
10160	110
10161	110
10162	5110
10163	110
10164	110
10165	110
10166	110
10167	110
25814	20
29599	100
29652	10
29653	0
29654	10
29655	0
9463	100
7359	10
7360	110
1560	5100
1561	100
1562	5100
1563	100
1564	5100
1565	5100
1566	100
1935	10
1936	5100
1937	100
1938	5100
1939	100
1940	5100
1941	5100
1942	100
10782	110
10783	110
10784	110
10785	110
10786	110
10787	110
10788	110
10789	110
10790	110
5475	5100
5523	5100
5527	5100
5476	100
5528	100
5472	5100
5474	5100
5522	5100
5526	5100
5473	5100
5521	5100
5525	5100
125	5100
145	5100
3073	5100
10225	5110
10226	110
10227	110
10228	110
10229	110
10230	110
10231	110
10232	110
10233	110
10234	110
10235	5110
1558	5100
1951	5100
1952	5100
1953	5100
1954	5100
1955	5100
1956	5100
6052	5100
5467	0
5468	0
3406	5100
7714	100
7715	100
9066	100
9067	100
9068	100
9069	100
9072	100
10212	5110
10213	110
10214	110
10215	110
10216	110
10217	5110
10218	110
17024	0
5452	5100
5453	5100
5454	5100
5455	5100
23393	10
23411	10
26280	10
27683	10
24014	100
8879	20
2012	10
17544	0
17693	20
18323	10
18342	0
18456	0
18465	10
18466	0
18493	10
18510	10
18511	10
21935	20
21936	0
22207	10
22218	0
22266	0
22268	0
22293	10
23817	10
23897	10
23910	10
26292	10
27689	10
28657	0
28734	10
28735	10
29150	10
30354	30
31110	10
31130	10
32083	10
32084	10
32085	0
32086	0
32246	0
22160	10
28242	100
28243	100
10040	5100
10041	100
10042	100
10043	100
10044	100
10045	100
10046	100
10047	100
10048	100
10049	100
10050	100
10051	100
10052	100
10053	100
10054	100
10055	100
10056	100
10057	100
30755	10
8935	10
23388	20
23389	0
8336	10
8337	10
14258	0
1186	10
19559	10
19568	10
19900	10
1436	210
2778	20
31067	10
31068	0
4946	210
13143	0
13795	0
14899	20
26444	0
28537	100
28544	100
28540	100
18318	10
18319	10
18320	100
12235	10
12237	20
21515	10
22611	10
1777	10
6557	10
18469	10
9630	10
9631	10
9640	0
29025	10
29026	0
27275	10
27276	0
28943	0
28944	0
28945	0
28946	0
28947	0
28948	0
28949	0
28950	0
28951	0
28952	0
28953	0
28954	0
964	10
22145	100
21894	10
22146	100
21352	100
25272	0
21354	100
21353	100
21355	100
20908	10
19459	5100
23834	100
24694	10
8041	220
24223	100
24224	100
24267	100
24268	100
24253	100
24254	100
24211	100
24212	100
24305	100
24306	100
24351	100
24352	100
24321	100
24322	100
24231	100
24232	100
24287	100
24288	100
24237	100
24343	100
24238	100
24344	100
24259	100
24260	100
24279	100
24280	100
6071	20
708	100
709	100
1531	0
6211	5100
8994	30
11605	0
14741	100
14742	100
20943	10
20944	0
20960	100
31388	0
3062	5100
6074	0
16726	5100
29276	110
29414	100
26273	0
26274	0
24609	20
15018	0
16000	0
16002	10
16007	0
24605	5100
24767	5100
32142	100
32162	0
24606	5100
24768	5100
32141	100
32161	0
24604	5100
24766	5100
32140	100
32160	0
24780	20
7425	10
9704	0
9705	10
7421	10
7422	10
7424	0
7426	10
29256	0
29238	0
29239	0
29240	0
29241	0
29242	0
29243	0
29244	0
29245	0
29246	0
29247	0
29248	0
29250	0
29251	0
29252	0
29253	0
29254	0
29255	0
29249	0
29232	0
29233	0
29234	0
29235	0
29236	0
29237	0
6027	5110
12174	10
20972	0
20973	10
20977	10
20982	10
20983	10
20989	10
21815	10
13609	0
13610	0
31437	10
31438	0
25549	10
25550	10
18194	10
31284	10
18171	10
23499	0
23500	0
11687	10
11693	20
11694	20
11695	20
27258	10
28211	0
25941	100
15970	100
1643	5100
1644	5100
1645	5100
1646	5100
1647	5100
21504	5100
14694	100
14695	100
14380	0
27738	10
27739	10
27740	10
5938	10
1314	20
5819	10
5820	10
20207	0
3926	10
3696	10
21223	0
24702	10
27851	0
27852	0
27853	0
27854	0
27855	0
27856	0
18984	10
27848	0
27849	0
27850	0
2177	10
20742	100
22240	0
22241	0
1543	10
7795	5100
7796	0
6622	10
6625	10
6624	10
6623	10
26887	0
26888	0
26889	0
26890	0
31069	10
22440	10
21462	100
26261	10
31816	10
173	5100
2369	10
19877	100
19878	0
19879	100
19880	0
19856	30
20304	20
22141	0
19875	100
19876	0
21473	100
21474	100
20129	10
20130	0
20131	10
20132	0
20133	10
20134	0
20135	10
20136	0
835	10
4988	10
6035	5110
29645	10
29646	0
29926	10
29927	10
29928	0
566	210
31413	0
31414	0
31415	0
31416	0
31417	0
31418	0
31419	0
31420	0
31421	0
31422	0
31423	0
31424	0
31425	0
31426	0
31427	0
31428	0
31429	0
31430	0
31406	10
31407	10
23507	20
1591	100
10776	110
10777	110
10778	110
10779	110
10780	110
10781	110
19102	100
21199	100
6855	10
6856	110
2556	0
1015	10
31248	0
7375	10
7376	110
937	110
2066	10
26397	220
26548	10
26742	20
32544	10
6652	10
2823	0
26920	20
24524	0
24525	0
8544	10
14731	10
14760	10
14780	10
14792	10
14793	10
14794	0
14795	0
23008	0
1680	10
21531	10
1865	10
22751	0
19860	30
20328	10
20329	0
20330	10
20331	0
20332	10
20333	0
20334	10
20335	0
21332	10
21520	10
26607	10
1574	10
3535	10
3536	10
7665	10
21680	20
21681	20
21682	10
21684	10
21685	20
21686	0
21687	10
22580	0
22581	10
22582	0
17083	10
18448	10
32622	100
32623	10
32628	100
32794	20
32796	0
11340	20
11341	30
11354	5100
11373	0
11337	20
11338	30
11353	100
11372	0
11334	20
11335	30
11352	100
11371	0
8417	10
3483	10
13208	10
13226	10
32152	100
32153	0
24626	10
24627	100
24628	100
24629	100
24630	100
24631	100
24632	100
5023	10
7848	0
7861	100
8002	10
8015	10
8517	10
8518	0
8519	0
8520	0
9365	0
9403	10
13650	10
18873	10
22014	10
22015	20
24569	10
24643	10
14877	210
24556	220
4551	10
2690	10
25843	10
1994	5100
15785	10
25794	20
32716	20
25866	10
25867	0
3955	10
32578	10
27734	230
4296	1030
25624	5100
966	10
28684	10
31178	0
31208	10
20958	0
20959	0
30815	0
13816	0
13817	0
14896	20
13818	0
13819	0
2526	10
2527	10
4964	0
21419	20
21420	0
21421	0
447	5110
448	5110
449	5110
917	5110
201	5100
4546	5100
24892	10
26838	10
7991	10
8117	10
8118	10
8137	10
20985	10
25006	20
25007	0
32410	0
20262	0
25000	20
25001	0
5268	210
22519	10
962	20
31189	0
31219	10
3935	10
2437	20
2438	20
23826	10
23827	0
27591	10
27590	10
1873	10
20394	0
17155	10
20488	20
14854	210
29621	0
26991	10
14015	210
14016	210
14061	210
14062	210
4895	10
4896	10
23022	10
969	10
3240	5120
5025	10
3323	10
6298	10
27236	0
27237	0
1637	5100
1638	5100
1639	5100
1640	5100
1641	5100
1642	5100
7459	5100
7460	5100
8599	5100
8617	5100
10699	5110
21363	100
25232	0
25234	10
25253	20
23383	10
31815	10
1312	120
9126	0
2913	10
2914	10
25385	10
24412	20
4555	10
3327	0
20790	0
366	10
21130	110
20670	10
20671	10
20672	10
20673	10
20676	20
20677	10
20678	0
20679	0
20736	0
25891	0
29617	0
29730	0
29746	0
20728	100
7781	10
24431	10
11494	10
11499	10
11650	0
11660	10
11684	10
12266	10
12267	0
12268	0
12269	0
12270	10
22209	10
22224	10
22238	10
22283	10
22291	10
22302	0
22859	10
19608	0
19616	0
19644	10
24522	0
24523	0
5279	10
32099	10
7448	10
7449	10
7450	10
7451	10
14269	0
23649	10
24707	10
23428	0
23429	10
4913	0
4914	10
4915	10
4916	10
4917	10
4918	10
5024	10
8676	30
17617	0
27972	10
27973	10
560	210
4298	10
22441	20
25529	0
2949	10
1718	10
25384	10
20587	1020
20588	1020
1721	10
1726	0
261	10
3163	210
30402	10
20250	0
26013	10
26014	10
26584	10
26585	10
26586	10
26611	10
5509	210
113	5100
3449	5100
3450	5100
6268	5100
17000	0
26900	10
26901	10
3063	5100
333	20
1709	10
4330	0
28203	10
28204	10
27521	10
27522	10
24857	20
26015	10
18200	10
668	20
20264	0
1810	10
24900	10
9694	10
9697	20
645	110
20802	10
20803	100
20804	10
20805	10
2932	10
2565	210
6029	5110
25864	0
25865	0
229	10
1334	220
1335	10
23920	0
3476	100
3477	10
5596	5100
564	210
20946	0
21099	30
17132	20
20883	0
31267	0
31775	0
2023	0
16709	10
16930	10
16963	10
25553	20
26306	10
27694	10
29135	10
30416	10
1472	5100
14560	100
14590	0
14591	100
20308	100
26836	100
5131	0
401	10
402	10
23983	20
23985	20
23987	20
23989	0
23991	0
23993	0
23995	0
23996	0
23997	0
4352	5100
62	5100
1478	5100
2491	5100
2492	5100
6376	5100
6377	5100
16883	100
9467	100
22054	0
143	5100
20248	0
6182	0
11463	0
7535	10
7536	0
7542	10
32646	110
32648	110
15589	0
15590	0
15600	100
14041	100
14042	100
14043	100
19027	10
19028	10
22551	10
22552	10
11320	10
11321	20
3377	0
27742	10
27750	0
27751	0
27743	10
20531	20
20557	0
27039	100
27053	100
6203	5100
16922	0
17016	100
17017	100
17093	100
17094	100
18472	10
21076	0
22319	0
22853	10
28088	20
29623	0
21924	10
29696	10
29697	10
32087	0
4465	0
7675	10
7677	10
7680	0
21661	10
21662	10
21665	0
21666	0
22618	0
28702	10
32615	10
587	20
27071	30
27285	20
26992	10
12752	5100
12753	100
12754	100
12755	100
12756	100
12757	100
12758	100
12759	100
12760	100
12761	100
12762	100
12763	100
12764	100
12765	100
12766	100
12767	100
12768	100
12769	5100
12770	100
12771	100
12772	100
12773	100
12774	100
12775	100
12776	100
12777	100
12778	100
12779	100
12780	100
12781	100
12782	100
12783	100
12784	100
12785	100
12786	5100
12787	100
12788	100
12789	100
12790	100
12791	100
12792	100
12793	100
12794	100
12795	100
12796	100
12797	100
12798	100
12799	100
12800	100
12801	100
12802	100
12803	5100
12804	100
12805	100
12806	100
12807	100
12808	100
12809	100
12810	100
12811	100
12812	100
12813	100
12814	100
12815	100
12816	100
12817	100
12818	100
12819	100
12820	5100
12821	100
12822	100
12823	100
12824	100
12825	100
12826	100
12827	100
12828	100
12829	100
12830	100
12831	100
12832	100
12833	100
12834	100
12835	100
12836	100
12837	5100
12838	100
12839	100
12840	100
12841	100
14973	100
14974	100
14975	100
14976	100
14977	100
19874	100
23709	0
23732	0
23734	0
26150	110
26151	110
26152	110
26153	110
26877	10
26878	110
29345	100
512	10
8971	0
23859	0
21193	0
20542	20
20543	20
20568	0
20569	0
20541	20
20567	0
1155	5100
1157	5100
16697	5100
16698	5100
16699	5100
30983	100
30984	100
30985	100
1161	0
1158	2100
1159	0
1160	2100
3835	5100
3836	5100
4234	0
1154	5100
3589	5100
24427	10
1153	5100
1156	5100
11621	0
997	5100
486	10
996	10
4289	10
28608	10
21096	30
1913	100
14579	0
14585	100
17295	100
29733	10
25738	20
784	10
846	10
25019	20
25020	0
29530	20
29531	0
30001	20
30002	0
455	10
16937	10
27754	10
20951	10
25051	1000
17556	30
18752	20
21321	10
2514	10
2515	10
1420	10
1421	0
1422	10
6809	10
6810	110
3495	100
14456	0
14457	100
14558	100
18927	100
6385	0
7826	10
7827	0
9480	0
992	10
22730	10
22732	0
18535	10
18557	20
23504	0
2028	5100
14266	0
18478	10
18543	5100
19078	10
19079	10
22358	10
23839	0
25467	0
31016	100
27048	100
27062	100
543	10
31184	0
31214	10
19664	10
2195	10
24870	10
8580	10
8581	10
8582	10
8583	10
8584	10
8585	10
8586	10
8587	10
8588	10
8589	10
24198	10
24370	40
25493	40
24413	20
31698	10
617	20
7186	10
7187	10
3830	10
3831	20
642	10
20798	10
20799	10
8256	0
29203	100
9380	100
9381	0
9628	100
9629	10
9639	0
15930	0
3217	10
29773	0
3039	210
2086	20
17513	0
18355	0
18357	0
5137	5100
32783	0
32785	0
32787	0
32789	0
11112	10
11113	110
11212	10
11213	110
11152	20
11153	120
11172	10
11173	110
11132	10
11133	110
11192	20
11193	120
5487	210
8974	0
24874	0
24882	0
24883	10
24890	10
24891	0
16118	0
16131	0
16136	0
24169	30
260	10
19626	20
30627	10
4863	10
4864	10
6373	10
7171	10
7172	10
7173	0
7174	10
7175	0
13735	20
13751	10
13753	10
13766	10
701	10
7189	10
25052	10
5821	10
5822	10
29119	20
24363	10
28438	10
28834	10
14918	10
14919	10
9000	0
9001	10
19105	10
21212	0
23858	0
25886	0
26315	10
26316	0
27155	10
27156	0
27158	100
27992	0
28077	0
27194	0
28068	0
28069	100
28838	0
28857	0
28858	10
30988	100
23449	10
22964	10
21847	10
21848	0
28188	20
28189	20
28190	0
28191	0
2743	100
2744	100
15192	100
16271	100
24994	20
24995	0
25060	10
27982	10
27983	10
31100	100
31113	100
5441	10
7595	0
8697	10
27244	10
27245	10
5431	0
7582	10
24690	10
30170	20
30292	20
385	10
386	10
387	10
21943	20
21944	0
19002	10
19003	10
18529	30
18996	10
18997	10
24710	10
16890	10
16891	10
16892	10
16893	10
18491	10
21238	0
21239	0
21240	0
21241	0
22150	0
23620	10
23621	10
23622	10
23623	10
23645	0
23738	0
24687	10
14353	0
14354	0
14355	0
14356	0
14357	0
478	100
253	10
254	10
255	5110
256	5110
257	0
7504	0
7505	0
7506	0
7507	0
7508	0
7509	0
7510	0
7511	0
7512	0
7513	0
7514	0
7515	0
7518	10
7519	10
7520	10
7528	5110
29684	10
29688	20
29689	20
29690	20
8428	10
270	100
271	100
475	5100
2245	5100
2246	5100
477	5110
28706	10
15866	10
15867	10
15868	10
15869	0
24560	10
15813	10
24640	10
31724	10
1842	10
3482	10
13207	10
13228	10
32148	100
32149	0
32150	100
30308	30
3201	5100
3202	5100
29960	0
349	10
7168	10
7170	10
20485	20
251	10
50	2100
2642	0
9050	0
19099	10
21003	0
22135	0
26030	0
29609	100
29444	0
29445	0
20544	20
20570	0
469	10
18433	10
5478	10
4646	0
19546	10
19631	10
670	10
26298	10
27679	10
212	10
2982	0
648	10
2590	0
5838	100
17051	10
21326	0
26345	0
27684	10
29818	10
29918	10
29919	0
30084	10
30698	10
30717	10
144	5100
26004	10
26005	10
26802	10
26803	10
26804	0
31529	10
31530	10
19672	100
19589	10
5185	10
7400	10
7402	10
9099	10
9102	10
9142	10
9316	10
13313	10
13314	0
13315	0
18256	10
18257	10
18258	10
18259	10
18260	0
18307	10
18385	0
18386	0
18422	0
17517	0
29955	0
1210	10
7903	10
7906	10
20372	10
20373	10
20385	10
20386	10
20387	0
20388	0
20389	0
20391	0
20392	30
20404	30
20405	0
17200	0
17201	0
761	30
762	30
763	30
764	30
765	30
766	30
8217	30
17382	0
25411	10
760	0
7745	0
18989	10
5518	10
2873	10
2874	10
2875	0
2198	10
6737	10
13357	0
13364	10
18437	10
19660	10
995	10
24894	10
744	10
2014	10
660	10
3150	0
6201	20
9448	10
9449	10
12180	20
12221	20
15777	10
11477	10
11484	10
11485	10
11522	10
11543	10
11552	10
11480	10
11481	10
11496	10
11530	10
11542	10
11551	10
11488	10
11489	10
11523	10
11541	10
11550	10
12196	40
11526	10
11545	10
23	5110
26	110
19539	0
19547	100
19548	0
6258	5100
6259	5100
6507	0
25564	10
973	10
974	10
975	10
976	10
1209	10
19611	0
19618	0
19646	10
24635	10
31574	10
31710	0
31575	10
905	10
906	0
907	100
908	100
911	100
11301	100
11302	100
29724	10
29725	10
31602	0
31842	0
31843	0
29205	100
22210	10
22223	10
22239	10
22282	10
22290	10
22301	0
22858	10
8662	0
9042	10
27382	10
23347	10
591	210
1290	100
1291	100
1292	100
1293	100
9119	10
9149	10
9325	10
9327	10
14439	0
14440	100
14441	100
14442	100
14443	100
14562	100
16889	10
20417	100
21237	0
23399	1030
23400	0
2325	230
1098	5100
15047	0
28509	0
21337	100
21404	20
21405	0
6222	100
16923	10
16924	100
17095	100
21006	0
22852	10
23868	0
28089	20
27040	100
27054	100
26988	10
7058	10
7063	10
14725	10
14726	10
14727	10
18876	10
14729	10
14730	10
18875	10
24189	30
25137	20
1441	10
6040	5110
9084	0
9085	230
15934	0
1608	5100
1609	5100
4229	0
24720	100
7805	5100
7797	5100
25617	20
25618	0
29204	100
26101	10
26102	0
23241	0
25666	5110
25667	110
6895	0
6963	20
7246	20
7248	20
9196	10
9197	10
9198	10
6962	20
7245	20
7247	20
7870	10
11688	0
11689	10
16014	20
16015	10
16016	110
16017	10
16018	10
16019	10
16020	10
16021	10
16022	10
16023	10
16024	10
16025	10
16026	10
30183	10
30184	30
31310	0
19535	10
19562	10
19906	10
20272	10
21538	10
26208	110
19533	10
19560	10
19902	10
20282	20
21539	10
15801	10
15876	10
19530	10
19536	10
19563	10
19908	10
20286	30
21540	10
21764	10
14948	30
14949	10
20598	30
21794	30
22163	10
22778	20
23351	30
24797	20
7529	10
7530	10
2283	10
14327	10
19525	10
19526	10
19538	10
19558	10
19898	10
19927	10
21541	10
23895	0
8484	10
30841	10
30842	0
7722	10
1270	10
25795	20
30879	0
30880	0
24549	10
26563	100
26564	0
19479	20
19485	0
19045	10
19046	10
18296	10
18360	10
26550	10
26558	230
26580	0
27209	20
26732	20
27167	10
23534	0
1526	20
1308	5120
8467	230
24075	10
24082	0
24098	10
28884	100
5615	10
8552	10
18670	10
18669	0
28881	100
19433	20
28966	10
22083	10
22084	10
2493	110
17522	0
25474	0
32492	20
32495	0
28878	100
25924	0
1486	0
29685	20
24199	10
13632	210
1336	10
1337	10
1780	210
5061	0
5424	30
5425	20
5426	30
7578	30
7579	20
15673	10
15683	10
15684	10
15685	10
13790	10
15655	10
3050	20
24393	40
25494	20
26272	10
27072	30
27286	20
3639	10
3640	10
8004	10
8005	10
14821	0
18289	100
28552	0
17203	0
17204	0
165	10
7772	100
15188	100
25665	110
20630	100
25670	110
7341	10
7342	110
9489	0
185	0
197	0
301	0
331	0
332	0
743	0
910	0
955	0
1222	0
1225	0
1384	0
1559	0
13338	0
13339	0
13340	0
13341	0
13342	0
13343	0
13344	0
13397	0
13398	0
13399	0
13400	0
13401	0
13402	0
13403	0
13404	0
13405	0
13406	0
13407	0
13408	0
13302	0
13303	0
13396	10
15413	20
2511	10
2512	10
3147	10
32791	10
2662	30
2663	30
2664	30
2665	30
2666	30
2667	30
8215	30
9280	10
9281	10
9282	10
9283	10
9284	10
9285	10
9287	10
3506	30
9286	10
7524	10
7525	10
7526	10
7527	10
8498	0
31845	10
6786	10
31578	10
30527	10
26401	0
21777	10
680	20
32404	0
1219	5100
5971	0
13172	10
13173	20
15799	10
15833	10
15873	10
15896	10
31536	10
31686	10
31687	10
31688	0
31712	10
13215	0
13216	5100
13217	0
14602	0
14606	100
17293	100
27240	0
27241	0
9182	10
21341	10
398	10
399	10
20545	20
20571	0
17149	100
20548	20
20574	0
17152	100
20549	20
20575	0
17153	100
20546	20
20572	0
17150	100
22213	10
20550	20
20576	0
17154	100
20547	20
20573	0
17151	100
26989	10
24901	10
20214	10
1311	120
5494	10
21220	0
3508	10
16867	10
5111	210
3067	5100
15783	40
24809	40
418	10
419	10
13655	10
8993	5100
8296	0
32223	40
27169	10
82	5100
4694	5100
4695	5100
4696	5100
4697	5100
6101	5100
10492	5110
10493	110
10494	110
10495	110
13229	5100
13230	0
14607	100
16140	0
16207	120
16727	0
16728	5100
20886	100
23677	0
29198	100
29199	100
29200	100
29201	100
29202	100
29366	100
32151	100
20611	10
20612	110
3064	5100
20615	10
20616	110
20613	10
20614	110
8565	5100
8566	5100
8573	0
8561	5100
8562	5100
8571	0
8557	100
8558	100
8569	0
6032	5110
22541	10
9842	5100
9843	100
9844	100
9845	100
9846	100
9847	100
9848	100
9849	100
9850	100
9851	100
9852	100
9853	100
9854	100
9855	100
32642	0
3571	10
26968	10
32227	10
17489	10
18942	20
18943	30
32540	10
2165	10
13363	0
7756	0
4293	210
22961	10
8751	0
13361	0
18438	10
18444	10
26035	10
26342	0
18047	10
18048	10
3817	10
28612	0
18407	10
9041	0
18039	10
18040	0
14827	0
17240	0
21158	20
21159	20
21160	20
21161	20
32036	0
32037	0
29229	110
8936	10
18499	0
2021	30
2022	0
4325	0
8454	0
8455	0
20274	10
20275	30
20276	10
20277	0
20306	10
23214	110
14169	0
28873	100
31606	0
31625	20
31626	20
31627	20
31628	20
31629	20
30433	10
32062	0
27644	0
28738	0
28844	0
29059	0
23856	10
24858	10
21118	100
21382	10
21117	0
16926	0
17097	0
20442	0
22685	100
26007	10
26008	0
26009	0
26599	0
26784	0
26810	10
26811	0
32520	0
32521	0
21402	20
21403	0
6045	5110
4294	210
22509	20
22518	0
31818	10
29013	0
29015	0
29014	0
30400	10
14781	10
14797	10
14798	10
14799	0
14800	0
5290	10
24810	10
23033	30
32061	100
29843	10
29844	0
29845	10
29846	0
29847	10
29848	0
24902	20
6530	10
6531	0
6532	10
6533	10
6534	10
6535	10
7407	10
10107	10
10109	0
10506	0
11230	0
11231	0
11242	0
11244	0
15128	0
22719	10
22720	0
22750	10
22721	5100
22770	0
23847	100
23848	0
25468	0
21425	20
21426	0
21427	0
14	10
24696	10
5513	10
9722	0
9723	0
30212	10
30214	10
30216	10
30269	10
30270	10
4376	10
16638	10
16639	0
16640	10
11108	10
11109	110
11208	10
11209	110
11148	20
11149	120
11168	10
11169	110
11128	10
11129	110
28463	20
28464	20
28465	0
28466	0
11188	20
11189	120
28592	20
28593	20
28594	0
28595	0
26567	100
10196	0
30268	0
31397	0
31398	0
32252	0
32253	0
32254	0
32255	0
32256	0
32257	0
32258	0
32259	0
32260	0
6514	100
8834	5100
8832	5100
8928	20
8929	20
8930	20
8833	100
31271	0
2803	110
8210	0
15786	10
25725	20
5975	0
7851	10
22811	0
1542	0
1241	5100
1240	5100
28495	0
28523	10
28524	0
20491	20
9720	0
21013	0
32724	20
32725	0
32727	20
268	10
18742	100
18743	100
18744	100
18745	100
18746	100
18747	100
484	10
485	10
6612	0
8348	100
8346	10
29116	20
7842	10
7843	10
11294	20
1995	5100
6777	5100
6778	100
5251	100
5252	100
5255	100
5256	100
14611	100
14612	100
1440	10
27820	0
12363	10
4537	20
25446	20
2985	0
28709	10
24718	10
17268	0
17269	100
19360	100
19398	10
19411	0
20439	100
9310	100
9335	100
9336	100
9353	100
9355	0
9358	10
7965	0
207	10
15147	10
15172	5100
29687	20
2691	10
1278	10
6318	10
22974	10
23367	10
23368	10
22057	100
22058	100
21762	10
22542	10
19524	10
19534	10
19561	10
19904	10
20229	220
21534	10
23896	0
19532	10
19537	10
19564	10
19882	10
19910	10
21536	10
200	10
2749	0
2752	0
12306	10
12307	0
12308	0
12310	0
17055	10
20649	10
20653	10
20654	0
20733	0
26347	0
27674	10
20725	100
1003	0
19556	10
19647	10
19873	10
21537	10
23893	0
28446	10
21763	10
1674	10
30218	10
30220	10
30221	10
5813	10
5814	10
6102	5100
28937	10
17720	10
18531	10
21109	10
21110	0
21942	10
29578	10
9062	100
9063	0
9064	10
9073	110
7961	0
8206	10
27543	10
542	210
31183	0
31213	10
9368	10
9406	10
809	10
29801	10
29802	0
29803	10
29804	0
2644	0
2645	0
11438	0
550	210
20806	210
21726	10
21727	10
21728	100
21729	10
21730	0
21731	10
21732	0
21733	10
21734	0
21735	10
21736	10
21737	0
21738	0
21739	100
21740	0
21741	100
21742	100
21743	100
21744	100
21745	100
22591	100
22616	0
23668	10
23727	0
3030	0
26921	20
1171	10
272	110
273	10
8443	10
8497	0
14256	100
14292	0
14294	0
14358	10
15353	0
15355	0
17276	0
17277	100
22816	10
25897	100
25898	0
24411	20
15469	10
30738	10
30739	0
662	10
13780	10
19301	10
19513	10
6736	10
13358	0
24897	10
29001	10
29487	0
29488	0
29489	0
29855	10
29856	0
1395	20
28451	0
12367	110
12368	110
28382	0
28383	0
28384	0
28385	0
28386	0
28452	0
28453	0
28454	0
28455	0
28456	0
14937	0
9213	100
14936	10
30864	0
30865	0
32428	0
32429	10
30778	10
2244	10
3393	0
7929	10
1788	0
2208	10
2212	20
21528	10
9912	5100
9913	100
9914	100
9915	100
9916	100
9917	100
9918	100
9919	100
9920	100
9921	100
9922	100
9923	100
9924	100
9925	100
9926	100
9927	100
9928	100
20460	0
14910	20
25547	10
25548	10
26566	100
18192	10
31283	10
18169	10
1413	10
1414	0
15954	100
28493	10
12361	0
12358	0
29661	20
29662	10
21825	10
21832	10
21838	10
21839	10
21870	0
21871	0
903	210
565	10
20472	20
30256	10
30306	220
5798	210
21512	10
25541	10
25542	10
18137	10
18186	10
31280	10
18147	10
18163	10
379	10
30846	0
29620	0
15257	0
31706	10
31715	10
2326	230
11625	10
11631	10
4252	0
6851	20
6852	0
14674	10
14686	20
14683	10
864	10
9065	10
25309	0
25310	10
25343	10
25388	10
25412	0
26048	0
20279	10
20280	0
29304	110
18563	10
31460	10
31461	10
31462	10
31463	10
18609	10
19305	0
19307	10
1513	10
12179	20
12217	20
13835	100
13838	100
13841	100
13844	100
13847	100
15329	0
15336	0
15337	10
15340	0
15349	0
15392	100
15400	100
31650	0
31652	0
31653	0
31654	0
31655	0
31656	0
31657	0
31658	0
2260	10
2753	0
2754	0
2755	0
6370	10
24241	230
24242	230
14866	210
24555	210
8078	10
15848	10
32600	10
15989	10
8083	10
127	5100
24464	0
24465	0
24466	0
24467	0
24468	0
24469	0
24470	0
24471	0
24472	0
24473	0
24474	0
24475	0
11006	0
4474	0
946	10
4707	10
22109	10
25281	10
26659	100
26660	0
461	210
28531	100
16041	110
16042	110
16043	110
16054	120
16055	120
16056	120
16067	120
16068	120
16069	120
16080	120
16081	120
16082	120
16713	110
15990	20
29569	10
17202	10
25215	10
21359	100
16141	100
18565	100
25710	10
25838	20
25669	110
14876	20
27214	0
16624	10
18867	10
27411	10
5488	1030
6824	20
1035	10
6062	10
31603	0
19265	0
14776	10
8728	10
28876	100
8727	10
4237	1010
11304	10
5281	10
6782	10
6783	10
31576	10
31600	20
31708	10
31716	10
32154	10
5035	0
5036	0
5037	0
5038	0
15993	10
15994	0
22662	10
22743	10
22746	0
22749	10
26304	10
27682	10
29770	0
22663	10
26088	10
599	20
2676	20
29771	0
25359	0
24708	10
29710	100
29711	0
23652	0
23658	10
1920	10
24686	10
23200	20
23201	0
24761	0
25845	0
29514	20
29515	0
29985	20
29986	0
22607	0
19030	10
19031	10
825	10
1753	10
1768	10
4975	10
4976	10
24335	100
24336	100
24325	100
24326	100
24265	100
24266	100
23427	0
24249	100
24250	100
24345	100
24346	100
24307	100
24308	100
24349	100
24350	100
24319	100
24320	100
24291	100
24292	100
24215	100
24216	100
24275	100
24276	100
2713	10
30258	10
30289	10
26837	10
26437	0
26696	20
26694	20
26699	20
26697	20
26698	20
20536	20
20562	0
31400	20
31403	0
25145	10
32543	20
3164	210
3165	0
15234	210
26745	10
2508	10
2509	10
1	5120
2	5120
3	5120
16	5110
24	5120
170	5120
351	110
728	10
729	10
1086	10
3223	5120
3225	5120
3915	5120
4589	10
4593	10
5923	5120
7873	5120
7874	5120
7875	5120
7876	5120
7877	5120
7878	5120
7879	5120
8010	0
8011	0
8868	120
11701	0
12345	5120
12346	5120
12347	5120
15920	0
15937	0
18959	10
18972	10
22603	0
22699	10
22860	10
24118	10
24119	10
26644	0
26645	0
26646	0
30095	0
30855	0
30856	0
30857	0
30860	0
30861	0
32423	20
32264	0
32265	0
32266	0
32267	0
32268	0
6537	230
29450	20
20267	100
25527	100
25528	100
23855	10
1286	10
13283	10
25217	20
23001	10
30124	10
30125	10
30126	10
30127	10
30128	10
30129	10
30130	10
30131	10
30132	10
30133	10
30134	10
30135	10
30136	10
30137	10
30138	10
30139	10
30140	10
30141	10
30142	10
30143	10
30144	10
30145	10
30146	10
30147	10
27195	0
16618	10
18861	10
27405	10
15424	10
5940	10
25059	10
20205	10
14104	10
5507	20
5508	20
11527	10
11528	10
32568	30
19286	20
23867	0
32445	20
32450	0
9166	10
3292	10
3556	10
8513	10
16613	10
18856	10
27400	10
5933	30
16977	10
9150	10
9157	10
9154	10
9152	10
9153	10
9151	10
9155	10
9156	10
9158	10
1317	100
2236	5100
2571	5100
9122	0
11269	20
1866	210
5793	10
16839	20
20487	20
5046	0
5047	0
15314	0
15315	0
15316	10
9711	220
4925	0
20504	10
20505	0
6509	0
24895	10
19607	0
19615	0
19643	10
27707	10
3299	20
15854	10
17384	0
2270	210
3326	0
20791	0
13985	10
13983	10
13984	10
13986	10
8512	10
16614	10
18857	10
27401	10
810	10
27537	10
7060	0
18739	10
942	10
22079	10
22105	10
25275	10
805	30
2234	10
2235	10
15853	0
32427	10
32525	20
32712	10
32713	0
32528	20
308	20
13934	10
1410	0
6536	0
8924	20
8925	20
8926	20
8927	20
17102	30
22874	20
23330	10
25589	5100
25590	0
25591	5100
26215	110
30120	100
32565	10
1365	10
8869	0
14678	10
2911	10
2912	10
32579	10
5092	20
5093	20
20256	0
26932	210
15463	100
32349	0
19455	10
13824	10
26216	110
3642	0
5503	10
5504	10
7396	10
7397	10
9337	0
2366	20
611	0
3373	220
3374	220
3380	220
3399	220
3705	220
15976	100
15977	100
15978	100
20783	10
22866	10
32517	10
8009	10
25868	30
27437	10
18198	20
32530	1030
27705	10
27706	0
4874	10
4875	10
13782	10
13783	10
13784	0
13785	10
19571	10
1871	10
21378	10
8274	220
8307	0
8308	0
8309	0
8464	230
15935	0
3102	20
29306	110
3114	10
4509	100
4510	100
29171	0
32771	210
20492	20
27256	10
27257	20
27279	10
27280	0
13600	0
25362	10
1481	0
17521	0
25473	0
25923	0
28700	10
8687	10
4597	10
24552	200
11640	10
29307	110
16594	20
16595	20
16596	20
16597	20
16598	20
20788	10
22744	10
22745	0
22748	10
28606	10
4658	5100
4659	0
31673	100
31674	0
20555	20
20581	0
21085	0
11094	0
11104	10
11084	10
661	10
25970	10
25971	10
25983	10
25993	10
25999	10
22646	20
16119	0
16138	0
6735	10
13411	10
13412	0
13413	10
13417	10
13418	10
18264	10
20283	10
19853	20
19861	30
20305	20
20352	10
20353	0
20354	10
20355	0
20356	10
20357	0
20358	10
20359	0
4717	10
4718	10
4719	10
4720	10
4721	10
4722	10
4723	10
4724	10
4725	10
4726	10
4727	10
4728	10
4729	10
4730	10
4734	10
4735	10
4736	10
4737	10
4738	10
4739	10
4740	10
4741	10
4742	10
4743	10
4744	10
4745	10
14186	10
14187	10
14188	10
14189	10
4756	10
4757	10
4758	10
4759	10
4760	10
4761	10
31136	10
4466	0
14195	10
21585	10
21653	10
21654	10
21657	0
21658	0
22621	0
4516	210
21229	0
24161	10
31585	10
31591	0
32106	0
15985	10
14847	110
16034	110
16035	110
16036	110
16037	110
16045	120
16046	120
16047	120
16048	120
16058	120
16059	120
16060	120
16061	120
16071	120
16072	120
16073	120
16074	120
7950	10
15986	30
21362	100
2934	0
2935	10
753	5100
14592	0
14593	100
17320	100
18733	10
18734	10
18735	10
18736	10
22638	20
29457	0
6598	20
6601	20
13296	20
21986	20
21989	20
26351	10
26352	10
26353	10
26354	10
26355	10
11553	10
11554	10
11555	10
11556	10
11557	10
11558	10
11559	10
11560	10
11561	10
14966	10
22308	10
29387	10
32079	10
32080	10
18300	10
18301	10
18302	10
18362	10
18363	10
18364	10
18365	10
18378	10
18379	10
18400	10
18401	10
18402	10
18441	10
25558	0
25559	0
25560	0
25561	0
25562	0
16887	10
24503	10
29734	10
24502	10
24743	0
24744	0
24745	10
24746	10
24747	10
24748	10
24749	10
24436	10
24437	10
24438	10
24439	10
24440	10
24441	10
24442	10
24443	10
24444	10
24445	10
24446	10
24447	10
24448	10
24449	10
24450	0
24451	0
24452	0
24453	0
24454	0
24455	0
24456	0
24457	0
24458	0
24505	10
24506	10
24507	10
24508	10
24509	10
24510	10
24511	10
24512	10
24513	10
24514	10
24515	10
31553	0
31554	0
31555	0
31556	0
31557	0
24504	10
24500	10
24497	10
24501	10
5277	0
24533	0
24534	0
24535	0
24536	0
24537	0
24538	0
24591	210
24664	10
24665	10
24669	10
24671	10
24673	10
24675	10
24733	0
24734	0
24735	0
24736	0
24737	10
24738	10
24739	10
24740	10
24775	10
24776	20
31549	0
31550	0
31709	0
32193	0
32194	0
32195	0
32206	0
32207	0
32208	0
25626	5100
24423	10
1901	10
24476	10
24477	10
24478	10
24479	10
24480	10
24481	10
24482	10
24483	10
24484	10
24485	10
24499	10
24677	100
24678	100
24679	100
24680	100
24498	10
24496	10
24459	10
24460	10
24494	10
24495	10
31546	0
31734	0
25110	10
1904	5110
1905	5140
24638	100
24741	0
24742	0
17502	10
24691	10
24168	40
24185	20
26957	10
26958	10
7993	10
8119	10
8120	10
8138	10
4989	5110
4990	5110
4991	5110
4992	5110
7664	10
14010	10
8334	5100
830	120
15883	10
15884	10
15897	100
6707	110
6708	110
6709	110
6710	110
12973	110
12974	110
12975	110
12976	110
12977	110
12978	110
12979	110
12980	110
12981	110
12982	110
12983	110
14237	10
8335	100
14244	10
14245	10
14242	10
14243	10
14240	10
14241	10
14620	220
15011	0
15012	0
15356	0
15357	10
19005	10
19006	10
23221	0
23222	0
24558	10
24610	20
2464	10
2463	10
1750	10
2465	10
2466	10
2467	10
20469	10
25504	0
25505	10
25508	40
25510	30
25524	10
29139	10
249	10
27762	10
27772	0
20994	0
20995	0
20996	0
20997	0
5782	10
26765	10
26766	0
27980	10
27981	10
26741	20
3035	10
14881	210
2322	20
4515	10
13623	10
21228	0
21781	20
5613	10
6695	0
13599	0
25360	10
25361	10
25395	0
5360	10
3572	10
5988	10
25686	10
25687	0
30356	10
11439	0
15752	20
25851	20
7800	5100
7786	5100
22502	100
21523	10
24147	40
15654	10
3166	210
8855	10
27378	0
24898	10
2537	10
3357	10
8634	10
15579	10
16846	10
22419	0
22420	0
11547	210
11411	20
11412	20
25857	20
23005	30
6037	5110
724	10
3806	10
5781	210
1739	10
1056	0
12189	10
16869	10
16870	10
18939	0
18940	0
22164	10
18222	0
30300	20
15274	0
15404	20
22713	1010
22714	10
1527	0
1544	0
1545	0
1546	0
1547	0
1548	0
4980	0
4981	0
23577	0
23578	0
841	10
5497	10
5498	10
1396	20
29546	10
26774	30
26792	10
26793	0
14967	20
14970	0
26130	0
22169	100
948	10
22075	10
22113	10
25277	10
6613	0
6614	0
7956	10
7971	0
8620	20
9247	0
15533	10
16100	10
19298	10
27701	0
27804	10
25219	10
25242	20
4404	5100
4406	5100
11258	5100
12394	10
1847	10
31027	10
31028	0
32548	20
8836	10
20175	0
19468	5100
19487	0
1551	0
27313	10
4809	0
14119	10
5839	10
30523	20
30525	0
30804	20
30805	0
2288	10
2634	10
15847	10
1578	0
3530	0
2084	20
2089	0
22941	10
29732	10
25192	20
5363	100
8424	0
21201	100
6859	10
6860	110
2557	0
31250	0
2988	0
24188	0
3481	10
13203	10
13227	10
32146	100
32147	0
27314	10
21025	10
17468	110
21029	10
17465	110
17463	110
19865	0
22921	0
24822	10
24823	10
24824	10
17471	110
21819	1020
21820	20
21028	10
17472	110
17466	110
21027	10
21030	10
24821	10
24818	10
22865	10
30414	10
17467	110
21026	10
17464	110
17469	110
17470	110
22684	100
5060	0
13789	10
114	5100
3420	10
610	10
15367	0
15368	0
15369	0
15370	0
15371	0
15372	0
15373	0
17427	0
17555	10
20664	10
20668	20
20669	0
20735	0
20935	10
21095	30
23888	0
25036	0
25927	0
25930	10
26286	10
27686	10
28804	10
28853	10
28863	10
29374	10
29737	0
30729	0
20727	100
11455	10
12392	10
12393	0
16856	10
20812	10
23678	10
23723	0
5751	5100
21100	30
17135	20
1363	10
18936	100
18937	100
5982	0
27078	10
27079	0
3896	10
3897	10
3898	10
3899	10
3900	10
3901	10
3902	10
3903	10
3904	10
3905	10
3906	10
3907	10
3908	10
3909	10
3910	10
3911	10
4277	10
7445	10
7446	10
8636	10
11456	10
16855	10
20539	20
20565	0
20811	10
28691	10
13293	0
13294	0
222	110
281	110
803	110
3075	10
3079	0
3080	0
4608	0
5608	10
5609	10
5610	10
5611	10
5619	10
5620	10
5621	10
5622	10
6692	0
7727	110
17169	10
17455	0
32435	10
29279	110
29280	110
657	20
658	20
2728	20
2729	20
2730	20
2731	20
188	100
189	100
190	100
8178	100
9082	0
17031	0
17032	0
17033	0
18067	0
18068	0
18069	0
22546	100
22547	100
22548	100
29208	0
29209	0
29210	0
29211	0
29212	0
29213	0
132	100
1463	10
1464	10
1487	0
2301	10
4344	110
4363	20
6943	20
7211	20
7213	20
7215	20
7217	20
7219	20
7221	20
7223	20
7225	20
7227	20
9223	10
9224	10
9225	10
9226	10
9227	10
9228	10
9229	10
9230	10
9231	10
9232	10
15452	0
15505	100
19291	0
23062	100
24127	0
24128	0
24129	0
24130	0
30847	0
1456	5100
1457	5100
1458	5100
14211	5100
21460	100
1452	10
13197	10
5974	0
1455	100
1459	5100
1460	5100
13242	10
13243	0
14212	100
32214	0
13195	10
13212	30
13213	10
1469	10
7572	10
7573	10
19282	100
21461	100
21459	100
1465	100
1466	5100
1467	5100
4902	20
17631	10
10975	10
10976	10
10977	10
10978	10
10979	10
10980	10
12175	10
12176	10
12971	10
12972	10
16654	0
16655	0
16656	0
16657	0
16658	0
20218	0
20220	10
7798	5100
15539	10
15542	20
20482	20
18245	10
31101	100
31102	100
568	100
11620	100
31090	100
31091	100
31092	100
31093	100
31094	100
31095	100
27073	20
27074	10
27075	0
27076	10
27077	0
29206	100
5481	20
5482	20
26392	10
26393	20
26394	0
30736	20
30737	10
29021	10
29022	0
755	20
27451	10
28501	0
248	10
6187	10
24896	10
26581	10
26582	40
26776	10
26777	10
26789	10
26797	10
15999	100
26625	100
227	10
16623	10
18866	10
27410	10
1255	10
1256	10
1259	10
1260	10
5510	10
25023	20
25024	0
29534	20
29535	0
30005	20
30006	0
8134	0
1188	10
20112	230
21550	10
21996	0
18592	0
18593	100
31681	0
31682	0
18528	30
500	20
2494	110
2495	110
112	5100
1587	5100
1588	5100
1681	5100
4688	5100
4706	5100
24832	5100
24833	100
7357	10
7358	110
32602	10
6471	100
6476	10
24834	100
24838	10
24851	0
24852	0
16712	10
30579	10
28919	10
28920	10
28921	10
28922	10
28923	10
28924	10
28925	10
28926	10
28927	10
28928	10
28929	10
28930	10
28931	10
28932	10
28933	10
23260	0
4889	0
13775	100
13776	100
13777	100
13778	0
5827	0
13185	10
2417	10
9462	10
9464	10
9466	10
30428	0
30429	10
30430	0
30431	10
3390	0
1094	0
1140	0
1141	0
1819	0
1820	0
5166	0
5167	0
5171	0
1106	5100
1107	5100
1108	5100
1109	5100
1110	5100
1111	5100
1112	5100
1138	5100
11255	110
11278	110
11316	110
11330	110
11382	110
11406	110
11407	110
11410	110
13710	0
15062	0
15063	0
15064	0
15065	0
15066	0
15067	0
15068	0
15069	0
15070	0
15071	0
15072	0
15073	0
15075	100
15076	100
15077	100
15078	100
15079	100
15080	100
15122	100
15123	100
15124	100
15125	100
15129	100
15130	0
15272	0
17628	0
17630	10
1752	5100
6109	5100
6110	5100
6111	5100
15232	100
136	10
8953	0
16714	110
16715	110
16716	110
16723	100
19569	0
19570	10
19574	10
19619	100
19620	100
19621	100
19624	100
19625	0
19628	110
19629	110
19630	100
19632	110
19633	110
19634	110
19635	0
19639	10
19640	10
19641	10
19645	10
19665	0
901	0
5994	100
5995	100
7205	0
25860	0
25861	0
3386	0
5825	20
8449	10
8452	10
14334	10
26952	30
27386	10
3709	10
16871	10
26402	30
26545	10
27546	10
30733	40
30734	30
11299	1030
5958	40
6117	10
15648	0
4660	0
31675	100
31676	0
11525	10
7132	220
2289	10
957	10
31190	0
31220	10
7124	0
15656	10
3422	5100
3423	5100
26001	0
26597	0
26782	0
175	5100
7161	5100
7162	5100
23025	0
23131	100
11452	10
7062	10
29837	10
29838	0
29839	10
29840	0
29841	10
29842	0
30458	40
30459	30
30460	40
30461	30
30462	40
30463	30
490	0
1958	100
1961	100
1962	100
1963	100
1964	100
1965	100
1966	100
1967	100
1968	100
2015	100
2016	100
2017	100
2018	100
2019	100
6753	100
6754	100
6755	100
6756	100
6757	100
6758	100
6759	100
6760	100
20360	100
20361	100
20362	100
20363	100
20364	100
1960	0
22432	0
8988	5100
8989	100
8992	100
7806	0
7807	100
7808	100
2329	10
7910	0
8983	10
14390	10
14391	10
20163	30
27327	0
27343	10
27344	0
30344	10
18124	10
27471	0
27473	10
27475	10
27477	10
27479	10
27481	10
27482	20
27483	0
27484	20
27485	0
27486	20
27487	0
27488	20
27489	0
27490	20
27491	0
27492	20
27493	0
26899	10
2529	10
2530	10
4963	0
23262	0
23263	0
23264	0
23436	10
23444	10
17131	20
6525	30
4550	10
13625	20
463	10
464	10
465	10
466	10
16622	10
18865	10
27409	10
3602	10
16615	10
18858	10
27402	10
1450	10
26822	10
2819	0
4405	0
5941	10
5942	10
5943	10
26936	10
27539	10
27556	0
27557	0
27558	0
27559	0
27560	0
27561	0
27562	0
27563	0
27564	0
27565	0
1139	0
27882	0
29	20
30	20
3463	20
5439	20
5442	20
8698	20
8699	20
8700	20
8701	20
8702	20
8703	20
8704	20
8705	20
8706	20
8707	20
8708	20
8710	20
8711	20
8716	20
8717	20
8718	20
8721	20
14628	10
14629	10
17451	0
22140	0
22142	0
32645	20
26898	10
7455	10
7456	0
5421	5100
14426	0
14429	100
17317	100
7642	5100
7643	5100
28401	10
28816	10
28400	10
28815	10
13820	5100
13821	5100
13822	5100
3346	5110
3347	5110
20297	10
20298	10
4947	10
4948	0
4949	10
4957	0
4958	0
4959	0
6711	0
13324	10
19381	10
23287	0
11623	0
25850	20
2197	10
1227	5100
1232	5100
23274	0
23275	0
23276	0
23277	0
23288	0
23292	0
23295	0
23298	0
23300	0
23313	0
23317	0
25974	10
26253	20
26254	0
26251	20
26252	0
11538	0
25396	0
2397	10
2398	10
2399	10
2400	10
2401	10
2402	10
7383	10
11887	5100
11888	100
11889	100
11890	100
11891	100
11892	100
11893	100
11894	100
21086	10
21144	10
410	10
3352	10
8632	20
16873	10
7666	0
7667	0
7668	0
7669	0
7670	0
7671	0
30910	0
7398	110
10831	5110
10832	110
10833	110
10834	110
10835	110
10836	110
10837	110
10838	110
10839	110
10840	110
10841	110
10842	110
16739	100
16740	100
16741	100
16742	100
16743	100
16744	100
16745	100
16746	100
16747	100
16748	100
13728	0
17538	0
2820	0
3051	0
3052	0
3053	0
3054	0
3055	0
3056	0
8229	10
8230	10
8231	10
8233	10
8234	20
8235	20
8236	20
8238	20
8545	10
25091	200
29166	10
11118	10
11119	110
11218	10
11219	110
11158	20
11159	120
11178	10
11179	110
11138	10
11139	110
11198	20
11199	120
359	20
6123	0
28674	10
1521	100
1522	100
1523	100
14032	100
14033	100
14034	100
15085	10
31103	100
31111	100
5372	100
23450	10
31237	40
31239	30
31243	20
8063	10
8064	20
32541	10
27978	10
27979	10
23938	10
23939	10
23940	10
3046	1030
4312	210
28099	10
29036	10
29172	10
3238	120
6539	10
26469	10
31821	10
5264	210
32102	10
5966	10
5967	10
5968	10
5969	10
5970	0
7458	10
28995	0
28996	0
15412	20
1034	10
6061	10
1051	10
13981	20
22946	10
507	5100
508	5100
509	5100
11110	10
11111	110
11210	10
11211	110
11150	20
11151	120
11170	10
11171	110
11130	10
11131	110
11190	20
11191	120
27387	10
31265	0
1613	5100
10702	5110
21501	5100
22497	5100
11737	5100
11738	100
11739	100
11740	100
11741	100
11742	100
11743	100
11744	100
11745	100
11746	100
11747	100
11748	100
11749	100
11750	100
11751	100
15342	0
15343	10
15395	100
29708	100
30230	10
30231	10
30232	10
30233	10
30234	10
30235	10
30236	10
30237	10
30238	10
194	100
15341	0
15394	100
22478	100
8915	20
8916	20
30534	110
30655	100
1684	10
21929	10
30200	10
918	10
4475	10
18606	10
19303	0
19308	10
4534	0
22650	10
32795	20
32797	0
24699	10
2815	10
31134	20
31135	0
31235	40
31238	30
31241	20
31104	100
31112	100
32166	0
23378	10
1784	1220
20254	0
1992	10
2638	10
2653	10
27943	10
27944	0
28675	10
28676	10
19054	10
19055	10
3613	10
1695	10
30398	10
30201	110
25654	110
26751	0
20892	100
20910	100
20911	100
25029	20
25030	0
29540	20
29541	0
30011	20
30012	0
5597	5100
13447	100
13448	100
13449	100
13450	100
15776	100
16967	10
18880	100
19162	10
21004	0
22849	10
23673	0
27813	0
27885	20
27929	0
27930	10
28090	20
28833	10
29319	10
30944	10
31432	10
24004	100
30990	100
20534	20
20560	0
934	5100
14519	0
14520	100
17334	100
3343	40
30851	0
5188	5100
7390	10
7391	0
9320	10
17270	0
17271	100
20440	100
31465	10
31466	10
31467	10
31468	10
192	10
28627	10
25651	30
28994	20
14879	210
5126	0
5127	10
5128	10
5129	10
21524	10
22631	0
3681	0
21151	10
10698	5110
25813	20
29598	100
9725	5100
9726	100
9727	100
9728	100
9729	100
9730	100
9731	100
9732	100
9733	100
9734	100
9735	100
9736	100
9737	100
9738	100
9739	100
9740	100
9741	100
9742	100
9743	100
9744	100
9745	100
9746	100
9747	100
9748	100
9749	100
9750	100
9751	100
9752	100
23695	100
23696	100
23698	0
14912	20
23215	120
6042	5110
29549	10
6030	5110
2536	10
3356	10
8633	10
16845	10
994	10
27773	0
31039	10
31040	0
21457	100
6053	10
6063	10
21507	10
6516	0
5805	10
5806	10
882	20
931	0
3023	10
24193	10
14944	10
14945	10
14946	10
14947	10
3032	10
6561	10
24420	20
28168	0
28174	100
27189	0
27190	0
28171	0
28176	100
28175	100
28177	0
28836	0
28170	0
28172	100
28169	0
28173	100
30746	30
2158	210
2425	0
8528	100
8529	100
8530	0
8531	10
8532	0
8591	30
8607	20
8608	20
14497	0
14498	100
14499	100
17281	100
20655	10
20656	10
20657	10
20661	0
20662	20
20663	0
20734	0
22215	0
22216	10
22255	100
22256	100
23253	100
23254	100
23828	0
23829	100
23842	100
23843	100
20726	100
23324	10
31439	0
31440	0
31441	0
5444	10
15674	10
15730	10
24102	10
27252	0
19349	10
896	0
27049	100
27063	100
15150	10
15175	100
26608	10
26794	20
8203	10
15851	10
16616	10
18859	10
27403	10
29691	10
15605	10
15606	10
30751	30
597	210
30818	20
21508	0
21509	0
21510	10
10487	0
10488	0
10489	0
10490	0
10491	0
209	220
18309	10
3465	10
594	210
7721	0
30853	0
15017	10
21895	20
21896	20
21897	20
21898	20
26647	0
19610	0
19617	0
19636	10
14173	0
32284	10
32332	10
22510	20
22515	0
22317	0
22454	5100
28098	10
28186	100
28618	10
29624	0
29745	0
31001	100
15750	20
15751	30
30073	10
30560	10
30707	10
30714	10
29120	20
4644	0
26752	0
8686	10
516	210
6118	10
488	10
6121	0
32322	0
1830	0
7345	10
7346	110
9485	0
31140	0
17143	30
23661	10
29138	10
1085	10
1229	100
1234	100
2127	10
24804	10
24805	0
26436	0
26678	20
26676	20
26680	20
26681	20
26679	20
23409	10
26740	20
12362	10
6627	0
9173	10
9174	10
16642	10
16643	0
16644	10
32773	210
15148	10
15173	100
2200	10
5383	1030
2640	10
24409	20
7585	0
7586	0
7587	0
7588	0
7589	0
7590	0
7591	0
7592	0
853	10
115	5110
374	5100
2801	5100
3419	5110
3451	5110
8658	5110
9184	5100
9185	5100
14979	0
15008	0
16997	0
16998	0
16999	0
24876	0
26902	10
26904	10
3471	10
3472	10
13174	0
852	5110
5174	0
8660	5110
791	0
857	10
858	10
859	10
860	10
861	10
2042	10
2043	10
874	210
2418	10
5176	5110
5177	0
5181	5110
5184	5110
5187	5110
5190	5110
5193	5110
8798	0
26905	10
22197	100
7085	5100
873	210
875	210
876	210
7081	5100
7082	5100
7049	1030
7050	1030
7078	5100
7079	5100
7080	5100
23430	10
23438	10
1443	5100
25625	5100
2621	10
1269	10
13287	10
15231	10
18291	0
1696	10
17168	10
17449	0
30179	10
32587	10
4708	10
26311	10
1729	0
6392	30
6401	10
11459	10
2233	210
2572	210
15846	10
24712	10
25619	5100
23240	0
2811	10
15658	10
350	10
30152	0
30153	0
30154	0
30155	0
30156	0
30157	0
30158	0
30159	0
30286	20
30287	0
30881	20
30882	0
30883	20
30884	0
23002	10
4511	10
9348	10
21224	0
26302	10
27685	10
24171	100
25683	110
29347	100
32570	30
32708	0
15638	20
15652	20
48	5100
25723	20
4379	10
6559	10
14361	20
746	10
12173	10
13726	0
8822	10
13441	0
8823	10
5114	0
26708	20
15756	10
12427	10
2564	10
23291	0
28616	10
26213	110
14652	0
26903	10
31253	0
27793	100
30994	100
8905	20
8910	20
7958	10
6271	5100
6272	5100
6273	5100
6274	5100
11355	0
11356	0
11357	0
11358	0
11423	10
11424	10
17003	0
17004	0
17005	0
17006	0
22196	100
7135	5100
7084	100
11348	0
11349	0
11350	0
11351	0
11359	100
11360	100
11361	100
11362	100
18196	10
23783	10
23784	20
25105	10
16881	10
16903	10
16904	0
17036	10
20793	10
20794	0
29112	20
20208	0
20209	10
29460	0
22999	0
2353	210
8044	10
8045	20
31787	0
924	10
3388	0
5284	10
5286	0
5287	0
7824	0
13241	0
15908	10
15909	10
24647	10
26278	10
27676	10
1274	10
19673	100
30629	100
30961	0
30962	0
30996	100
3923	210
29003	10
998	5100
126	5100
2725	10
1445	5100
7086	5100
22781	0
22779	0
22780	0
22782	0
5842	5100
5843	5100
5844	5100
5845	5100
5846	5100
5847	5100
5848	5100
5849	5100
5850	5100
5851	5100
774	30
775	30
776	30
777	30
778	30
779	30
8216	30
9288	10
9289	10
9290	10
9291	10
9292	10
9293	10
9295	10
3503	30
9294	10
8904	20
29811	10
29826	10
29946	10
30038	0
30108	10
30556	10
30701	10
30711	10
24723	10
21714	10
21715	10
21716	10
30803	0
26795	0
2993	10
20990	0
20991	0
20992	0
20993	0
25631	5100
7820	30
7833	30
7888	20
13730	0
13962	10
13963	10
13967	10
13968	10
13969	10
13970	10
13972	10
13974	0
14983	10
14984	10
14985	10
14986	0
14987	10
15646	0
15793	10
15794	10
15860	10
15861	0
15862	10
15895	10
16003	0
21166	10
24644	10
26623	10
27766	10
27782	10
27783	0
28443	10
31699	10
31700	0
31701	20
31702	10
31711	10
32098	10
747	210
27429	10
27346	10
27347	0
22005	20
22006	120
6873	20
6874	120
9491	0
21079	0
31819	10
31832	10
17420	0
17554	10
23778	10
1447	5110
15901	10
15902	10
20	5110
365	100
2256	5110
18966	10
18979	10
19542	0
612	10
18173	10
31273	10
18140	10
18150	10
23663	10
4552	100
21152	10
25064	10
4569	0
4648	0
620	10
24167	10
3122	230
26731	20
23921	0
23924	0
23922	0
23923	0
11088	0
11098	10
11078	10
21105	100
21106	0
25476	20
25477	0
25963	20
28655	10
29791	10
30078	10
4373	10
4374	10
4535	10
1215	0
1216	10
17103	10
17104	10
17105	10
17106	10
17107	10
17108	10
17109	10
17110	10
17111	10
17112	10
15581	100
17101	20
17100	10
659	210
12234	10
12401	10
22137	20
23234	10
27746	10
27747	10
29436	40
30625	10
30626	0
9384	10
9385	10
9387	10
9388	10
9390	10
9391	10
9393	10
9394	10
9420	10
31595	0
32110	0
28870	10
28956	20
16650	10
16651	0
16652	10
4359	20
2917	10
2918	10
7027	0
16523	10
16524	0
16525	10
16526	0
16527	10
16528	0
16529	10
16530	0
16531	10
16532	0
16533	10
16534	0
16535	10
16536	0
16537	10
16538	0
16539	10
16540	0
16541	10
16542	0
16543	10
16544	0
16545	10
16546	0
24912	0
24913	0
24914	0
30569	0
30570	0
30571	0
31771	0
24125	0
26010	10
22794	10
22795	0
13619	30
13626	10
20787	10
21227	0
27798	20
27801	0
26687	20
26684	20
26686	20
26438	100
26685	20
26682	20
7012	0
7014	0
14013	210
14014	210
14059	210
14060	210
754	0
7030	0
27964	10
27965	0
214	10
215	10
21823	10
21831	10
21840	10
21841	10
21867	0
31286	20
13177	0
1097	5100
15010	0
11624	0
28967	10
28968	0
1288	20
8825	10
23362	100
23363	100
23364	100
23365	100
538	210
8331	0
8878	10
148	0
1181	0
25239	10
5040	0
5044	100
5045	100
5213	100
5214	100
5215	100
5216	100
5217	100
5218	100
5219	100
19674	100
19675	100
19676	100
19677	100
19678	100
19679	100
19680	100
19681	100
19682	100
5043	0
5238	30
5239	30
5240	30
5241	30
5242	30
5243	30
5244	30
5245	30
5246	30
19701	30
19702	30
19703	30
19704	30
19705	30
19706	30
19707	30
19708	30
19709	30
19670	100
19671	100
5247	0
5041	0
5229	100
5230	100
5231	100
5232	100
5233	100
5234	100
5235	100
5236	100
5237	100
19692	100
19693	100
19694	100
19695	100
19696	100
19697	100
19698	100
19699	100
19700	100
5042	0
5220	0
5221	0
5222	0
5223	0
5224	0
5225	0
5226	0
5227	0
5228	0
19683	0
19684	0
19685	0
19686	0
19687	0
19688	0
19689	0
19690	0
19691	0
1087	20
7028	0
131	100
5428	0
5429	10
5430	0
5445	10
5449	0
5450	0
5451	0
6909	20
6910	20
7314	20
7315	20
7317	20
7318	20
7841	0
7894	0
7895	0
7896	0
7897	0
8093	0
8094	10
8095	10
8096	10
8097	10
8098	10
8099	10
8100	10
8101	10
8102	10
8103	10
8663	0
8664	0
8665	0
8666	0
8667	0
8668	10
8669	10
8670	10
8671	10
8688	0
8689	0
8690	0
8691	0
8692	0
8882	0
8883	0
8884	0
8886	0
8887	0
8888	0
8889	0
8891	0
8892	0
8893	0
15732	10
15733	10
15734	10
15735	10
15736	10
15737	10
15744	10
22026	0
22027	0
22028	10
22034	10
22045	10
22117	10
22118	10
24084	0
24104	10
24825	10
27249	0
28761	0
28762	0
28763	0
5976	0
24076	10
24083	0
6891	10
5446	10
7596	0
7597	0
7598	0
7599	0
15728	0
15729	0
20268	0
20269	0
3126	10
4578	10
30760	10
30759	10
25498	10
25499	0
25500	0
25509	0
25532	10
25533	0
2563	0
16121	0
16135	0
23648	10
15558	10
6382	5100
16103	100
23653	10
23729	0
26131	0
4587	10
5432	0
3324	0
12286	0
14449	0
6358	5100
6359	0
6360	0
14444	0
14445	100
17282	100
25914	10
25917	0
25921	0
27310	10
31375	10
31431	20
28671	10
21799	10
21800	0
21803	30
21804	0
21795	10
21796	0
21797	10
21798	0
21801	10
21802	0
8741	10
13722	10
13723	10
13724	10
13725	10
6892	220
6893	220
19477	20
19483	0
7029	0
13175	10
26006	30
26124	10
26125	10
26126	10
26127	10
26588	10
26610	10
26786	10
26799	10
26800	10
27385	10
30891	0
30892	0
30893	0
30894	0
31031	10
31032	0
31879	0
31880	0
31881	0
31882	0
1801	10
29007	0
29009	0
29008	0
16008	0
16009	0
16010	0
16011	0
16012	0
18460	0
18461	0
18462	0
18463	0
18519	0
18520	0
29029	0
29030	0
29031	0
29033	0
21195	10
21196	0
21197	0
14893	20
26440	10
26569	0
30387	0
30540	110
30541	110
30661	100
30662	100
30669	100
30688	100
30689	100
30026	100
30538	110
30539	110
30659	100
30660	100
30686	100
30687	100
1798	10
24562	10
24563	10
24564	10
24565	10
24645	10
24676	100
31689	10
32089	10
24682	10
24683	10
31535	10
31690	10
31719	10
7470	10
7471	10
7472	10
7473	10
7474	10
31254	0
101	5100
102	5100
122	100
123	100
390	100
391	100
392	100
393	100
16858	100
16859	100
16860	100
16861	100
7739	0
8949	10
15612	10
15613	10
15614	10
15615	20
15616	10
15617	0
15618	10
28604	10
782	10
2947	10
9690	10
24164	10
32231	10
8180	0
8181	0
21330	0
8548	10
8549	5100
8575	10
8576	110
14784	10
14785	0
20807	0
25108	10
31119	10
31120	0
31123	10
8550	10
8551	10
8577	20
8578	20
9189	10
9255	10
20809	10
20810	10
24136	10
24137	0
24142	10
24143	0
31115	20
31117	0
26229	0
26230	0
31302	20
31523	20
1244	5100
1243	5100
24704	10
25841	10
17377	20
17378	20
17379	20
17380	20
17381	20
11281	30
11282	30
11284	30
11286	30
21360	100
28532	100
807	10
2316	0
2317	0
4611	0
17371	0
17389	0
17390	0
17391	0
17393	100
17395	0
17396	10
17405	20
17406	0
17407	0
18625	0
18626	0
2242	0
2243	0
2318	0
2319	0
17383	0
17344	0
17387	0
17388	0
17385	0
32717	220
9492	20
9493	20
6970	210
6971	10
6988	220
7952	10
7953	10
3130	10
30794	10
32483	10
2040	10
2573	0
2791	0
16874	20
27727	10
27728	0
25394	0
5433	0
5434	0
5437	10
15671	10
15714	10
15716	10
15718	10
15720	10
15722	10
15724	10
15726	0
20784	10
22138	0
24116	10
27254	0
12429	10
29849	10
29850	0
29851	10
29852	0
29853	10
29854	0
182	5110
183	5110
184	5100
3167	10
3168	10
3169	10
3170	10
3171	10
3172	10
3173	10
3174	10
3175	10
3176	10
3177	10
3178	10
3179	10
3180	10
3181	10
3182	10
3183	10
3184	10
3185	10
3186	10
3187	5100
3188	5100
3189	5100
3190	5100
3191	5100
3192	5100
3193	5100
3194	5100
3195	5100
3196	5100
6346	5110
6347	5110
6348	5110
6349	5110
6350	5110
6351	5100
6352	5100
6353	5100
6354	5100
6355	5100
6356	5100
6683	0
6684	0
6685	0
6686	0
6687	0
6688	0
7850	10
7856	10
9080	0
9081	0
9090	0
9091	0
9100	0
9101	0
9110	0
9111	0
9120	0
9121	0
9130	0
9131	0
9140	0
9141	0
14343	10
14345	10
21069	0
21582	0
22988	0
22989	0
22990	0
22991	0
22992	0
22993	0
22994	0
23023	0
23129	100
23373	0
23374	0
23375	0
24486	0
25324	10
25332	0
25333	0
25334	0
25335	0
25336	0
25337	0
26023	0
26024	0
28615	0
799	5110
7845	10
7846	10
7867	10
1055	210
2825	20
2826	20
3389	0
6676	0
6718	0
19722	0
25304	20
19724	0
19725	0
32447	0
32448	0
32451	0
32452	0
6745	10
25791	20
27030	0
11566	100
11592	0
11593	100
11562	100
11584	0
11585	100
11567	100
11594	0
11595	100
11563	5100
11586	0
11587	5100
11564	100
11588	0
11589	100
11565	100
11590	0
11591	100
109	5100
15307	5100
3096	10
2589	0
1998	10
1999	10
2000	10
25962	30
1997	5100
28727	10
32131	0
9929	5100
9930	100
9931	100
9932	100
9933	100
9934	100
9935	100
9936	100
9937	100
9938	100
9939	100
9940	100
9941	100
9942	100
9943	100
9944	100
9945	100
9946	100
9947	100
18560	20
22674	220
28866	10
28867	10
29437	0
29438	0
29441	0
29442	0
29439	0
29440	0
7015	20
7016	20
7017	20
7021	0
7022	0
7023	0
9304	10
9305	10
9306	10
15516	220
15517	220
15518	220
15519	220
15520	220
15521	220
15522	220
15523	220
15524	220
19367	10
19427	0
19431	0
19488	0
19489	0
19490	0
19491	0
19492	0
19493	0
19494	0
19495	0
19496	0
19497	0
19498	0
19499	0
19500	0
22000	0
27759	10
27760	10
27767	10
27768	10
27784	0
27785	10
30089	20
31810	0
31811	0
28073	10
28074	10
28075	10
15669	10
15709	10
32123	10
32124	10
32111	10
32112	10
32125	10
32113	10
32114	10
32119	10
32120	10
32115	10
32116	10
32121	10
32122	10
32117	10
32118	10
24493	0
15753	0
15754	0
726	10
21809	0
29394	10
29613	100
29570	10
820	10
108	5100
134	5100
1009	5100
29453	10
29454	0
29451	10
29452	0
8675	20
5132	0
15749	0
28631	10
28632	0
3340	220
30848	0
16099	10
21696	10
21697	10
21771	10
22622	0
3042	5100
11245	0
14911	20
28868	10
12089	10
12090	10
12091	10
12092	10
12093	10
5435	0
5436	0
5438	10
15672	10
15715	10
15717	10
15719	10
15721	10
15723	10
15725	10
15727	0
20785	10
22139	0
24117	10
27255	0
1309	20
9125	0
21219	0
7603	10
13662	110
13663	110
13664	110
13665	110
13666	110
13667	110
13668	110
13669	110
21853	10
21854	0
32571	30
24612	20
16555	0
16556	0
2699	5110
2700	5110
2701	5110
2702	5110
2703	5110
2704	10
2705	0
22937	0
22938	0
23028	0
16565	0
16566	0
16567	0
16568	0
16569	0
16570	0
16571	0
16572	0
16573	0
16574	0
16575	0
16576	0
16577	0
16578	0
16579	0
16580	0
23106	0
6142	100
6143	100
6144	100
6145	100
6146	0
6147	0
6148	0
6149	0
6150	100
6151	100
6152	100
6153	100
6154	0
6155	0
6156	0
6157	0
8019	10
8020	10
21019	10
10142	0
11721	0
12847	0
17180	10
17444	0
4380	10
24570	20
20179	0
23377	10
842	5100
1536	5100
5413	5100
14491	0
14492	100
1991	5100
3805	10
5524	0
8079	40
22037	20
22038	0
27370	10
28654	30
29790	40
30077	40
27513	10
27367	10
27383	10
4579	0
13598	0
23853	0
23854	100
2943	10
2944	0
26971	10
4562	220
21014	0
25280	10
6798	10
6799	110
6488	0
20707	10
16837	0
20374	100
20375	100
20376	100
20377	100
20381	0
26725	40
27270	0
22050	0
13325	10
18315	0
4983	10
15319	0
24872	0
639	10
7740	0
20180	0
20181	0
20182	0
20183	0
20184	0
20185	0
20186	0
20187	0
20188	0
20189	0
20190	0
20191	0
24915	0
24916	0
24917	0
24918	0
24919	0
24920	0
24921	0
24922	0
24923	0
24924	0
24925	0
24926	0
24927	0
24928	0
24929	0
24930	0
24931	0
24932	0
24933	0
24934	0
24935	0
24936	0
24937	0
24938	0
24939	0
24940	0
24941	0
24942	0
24943	0
24195	20
25847	10
25858	20
26452	10
5086	0
31	0
358	10
1988	10
1989	10
5291	0
6482	20
6483	20
6484	20
6485	20
6486	20
6487	20
15048	0
15049	0
18968	10
18981	10
19033	10
19034	10
32167	0
8555	10
4903	20
31137	10
31138	10
24179	20
24182	0
24180	20
24183	0
24181	20
24184	0
20552	20
20578	0
25979	10
25980	10
25981	20
25982	10
25995	10
25997	10
26327	10
20483	20
15810	0
15892	0
15893	10
15894	10
6309	0
757	10
3918	0
9136	10
9143	10
9147	10
9328	10
9332	0
31615	10
31616	0
31617	10
31618	0
31619	10
31620	0
31621	10
31622	0
31623	10
31624	0
7386	10
7387	10
7388	10
18808	20
29941	10
29942	20
30110	10
30562	10
30703	10
3154	10
3919	0
9137	10
9144	10
9148	10
9329	10
9333	0
31607	10
31608	0
31609	10
31610	0
31611	10
31612	0
31613	10
31614	0
21640	0
21637	10
21639	10
25389	0
25390	0
25391	0
2274	10
16875	10
4416	10
8802	0
8803	0
8804	0
8807	0
8808	0
8809	0
8810	0
8811	0
21412	0
1037	220
5031	10
5034	10
5032	10
5033	10
25328	10
25329	10
31433	100
31551	0
31552	0
31599	100
26895	0
27289	10
27294	10
7717	0
7725	10
7143	10
4586	10
4583	10
286	10
4585	10
27291	10
652	0
6185	10
11465	10
16832	0
30470	40
30471	30
30472	40
30473	30
30474	40
30475	30
20905	100
21755	10
29230	110
13389	10
13390	10
13391	10
13392	10
13393	10
13394	10
11086	0
11096	10
11076	10
19095	10
19094	10
17780	20
17783	0
17781	20
17784	0
17782	20
17785	0
24701	10
27792	100
30993	100
24608	20
23381	10
31817	10
31822	10
5614	0
25655	110
19469	5100
14384	10
14415	10
23541	10
23557	0
12377	10
12378	10
30597	10
30598	40
21980	20
21981	0
27172	10
22893	0
22896	0
22899	0
22902	0
22912	10
22915	10
22905	5100
22909	100
31638	20
31639	0
15296	0
15450	10
2575	220
2100	10
2219	0
2220	0
13438	0
2092	10
15760	10
12423	10
24845	10
25451	0
32792	10
2984	0
30167	100
24424	10
31480	10
31479	10
8521	0
8522	0
1633	5100
1634	5100
1635	5100
1636	5100
6216	5100
8598	5100
8616	5100
10697	5110
17023	0
29272	110
29608	100
29273	110
7377	10
7378	110
9477	0
24764	10
24422	20
18604	10
19304	0
19325	0
1208	10
13926	30
19284	30
22942	40
26044	10
15454	100
15506	100
15507	100
15508	0
15509	0
19121	0
22848	10
25111	0
25112	0
30991	100
20551	20
20577	0
32226	10
6731	10
8539	10
9398	10
13642	10
13645	10
17188	20
18874	10
22009	10
25104	10
28628	20
32459	10
32475	10
32476	10
13643	10
9088	10
9138	10
9145	10
9317	10
26806	20
26807	0
26808	0
31528	20
5248	5100
15501	10
15502	10
15503	10
21408	20
17065	20
21407	20
949	10
25276	10
26210	110
19060	10
19061	10
31604	0
2477	10
29669	10
29670	0
2576	220
2643	0
1192	5100
1193	5100
1194	5100
1404	5100
1530	0
4447	100
4448	100
5829	5100
7125	10
7126	10
7127	10
7208	0
13638	0
13639	0
13640	0
14222	0
14223	0
23520	0
23521	0
23522	0
26662	100
26841	100
26842	100
26864	100
26865	0
26866	0
26867	0
27752	0
31735	0
31736	0
31737	0
31738	0
31739	0
31740	0
31741	0
31742	0
31743	0
31744	0
31745	0
31746	0
31747	0
31748	0
31749	0
7196	0
25344	0
25399	100
25400	0
25401	0
25402	100
3286	0
3287	0
3288	0
6914	20
7272	20
7274	20
9236	0
9237	0
9238	0
1358	210
14001	10
13999	10
14000	10
14002	10
24875	20
3043	5100
30631	10
30632	0
25545	10
25546	10
18139	10
18190	10
31282	10
18149	10
18167	10
21690	10
21691	10
21693	0
21770	10
22623	0
400	10
3545	10
1982	10
32100	10
19717	10
19718	10
19719	10
21208	100
21209	100
1379	110
1808	10
26103	10
26104	0
1392	5110
26823	10
31023	10
31024	0
24461	10
27360	20
27361	0
27352	100
30992	100
27351	0
27353	0
7853	0
23210	20
23211	0
29524	20
29525	0
29995	20
29996	0
25853	20
30877	110
30878	110
32641	110
3827	10
8170	10
21411	0
9767	5100
9768	100
9769	100
9770	100
9771	100
9772	100
9773	100
9774	100
9775	100
9776	100
9777	100
9778	100
9779	100
9780	100
4796	100
13014	110
13015	110
13016	110
13017	110
13018	110
13019	110
13020	110
13021	110
13022	110
13023	110
29592	100
29593	100
29594	100
4868	100
12984	110
12985	110
12986	110
12987	110
12988	110
12989	110
12990	110
12991	110
12992	110
12993	110
29589	100
29590	100
29591	100
4870	100
13004	110
13005	110
13006	110
13007	110
13008	110
13009	110
13010	110
13011	110
13012	110
13013	110
14681	10
4733	100
12994	110
12995	110
12996	110
12997	110
12998	110
12999	110
13000	110
13001	110
13002	110
13003	110
29595	100
29596	100
29597	100
23180	20
23181	0
29494	20
29495	0
29965	20
29966	0
2549	10
544	210
31188	0
31218	10
938	5110
26606	10
2156	210
15987	10
8084	10
1861	10
28530	100
14890	110
16038	110
16039	110
16040	110
16050	120
16051	120
16052	120
16063	120
16064	120
16065	120
16076	120
16077	120
16078	120
15988	20
1511	10
2779	100
13865	100
13868	100
13871	100
13874	100
13877	100
15328	0
15335	0
15348	0
15391	100
15399	100
32560	10
32573	110
32574	110
679	10
4461	0
4462	0
4463	0
4801	0
4802	0
4803	0
4804	0
14160	10
14162	0
1386	5110
1010	10
3467	10
15651	0
25859	20
1902	10
506	10
5121	0
5123	0
30263	10
30165	100
30171	0
30197	10
30198	0
30202	10
30210	10
30222	10
30249	10
30254	0
16619	10
18862	10
27406	10
1972	210
47	5100
2682	5100
2980	0
2981	100
3007	0
3008	0
3009	0
3010	0
3011	0
3012	0
3013	0
3014	0
3015	0
3016	0
3017	0
3018	0
4396	5100
4415	5100
7202	0
7204	0
7461	0
8209	0
18602	100
30337	10
30338	0
5833	10
27794	100
30995	100
2991	10
5485	210
3742	5100
3743	5100
3744	5100
3745	5100
3746	5100
12331	110
6912	20
7262	20
7264	20
7266	20
7268	20
7270	20
9239	0
9240	0
9241	0
9242	0
9243	0
9244	0
19867	10
19868	10
19869	10
19870	10
19871	10
19872	10
27092	0
27093	0
27094	0
27095	0
27096	0
27097	0
32413	0
6911	20
7261	20
7263	20
7265	20
7267	20
7269	20
28764	0
28765	0
28766	0
28767	0
28768	0
28769	0
11265	100
22544	100
7372	10
7373	110
7374	0
9484	0
28510	0
11266	5100
11264	100
9494	10
22508	20
22514	0
32558	10
1254	30
14004	10
21527	10
22610	10
30440	40
30441	30
30442	40
30443	30
30444	40
30445	30
29560	20
12903	110
12904	110
12905	110
12906	110
12907	110
12908	110
12909	110
12910	110
12911	110
12912	110
12913	110
21092	10
21093	110
12941	110
12942	110
12943	110
12944	110
12945	110
12946	110
12947	110
12948	110
12949	110
12950	110
12951	110
25565	0
720	10
2108	0
2229	0
2230	0
19662	10
2107	10
2227	0
2410	0
2411	10
8794	0
18273	110
18274	110
18275	110
18276	110
18277	110
18278	110
18279	110
18280	110
2413	10
18371	10
2099	10
18265	0
18266	0
18267	0
18268	0
18269	0
18270	0
18271	0
18272	0
53	100
4669	100
4670	100
4671	100
4672	100
10815	110
10816	110
10817	110
10818	110
10819	110
10820	110
25671	110
25672	110
25673	110
25674	110
25675	110
25752	20
25755	20
12165	10
12366	0
23539	0
13832	10
13836	100
13839	100
13842	100
13845	100
13848	100
20849	10
4372	0
13866	100
13869	100
13872	100
13875	100
13878	100
15643	0
5115	0
26709	20
15565	10
15755	10
12425	10
16155	100
13851	100
13854	100
13857	100
13860	100
13863	100
24844	10
25449	0
375	10
6672	0
28629	10
28630	0
6472	100
6477	10
9623	10
9624	5100
9625	10
9637	0
3116	10
24021	20
24022	0
4299	10
4300	10
21358	100
19018	10
19019	10
7601	210
27744	10
27745	10
25273	10
11272	20
30486	40
30487	30
2194	20
17190	10
31518	100
31519	100
3932	10
24156	10
5780	210
2660	10
2661	10
20835	10
21328	0
29766	0
30121	10
30122	10
25792	20
6526	20
17061	10
27445	10
27771	0
28030	10
28031	10
28032	100
28601	10
28602	40
17134	20
18495	0
21985	10
23808	10
31596	0
28886	0
472	10
30420	20
30421	0
237	5100
6188	0
25607	5100
19712	0
19713	0
19710	0
19711	0
19714	0
19715	0
27170	10
21933	0
21934	0
1864	0
1867	0
2816	0
4568	10
26812	10
13592	10
8253	10
27431	0
457	10
29384	10
29385	0
27643	10
30408	10
30764	0
30763	0
32552	10
32553	20
23580	10
23581	0
13475	100
23596	10
23597	0
13479	100
23604	10
23605	0
13477	100
13481	100
23608	10
23609	0
13466	100
13467	100
13468	100
13469	100
23584	10
23585	0
13476	100
23598	10
23599	0
13472	100
23590	10
23591	0
13470	100
23586	10
23587	0
13465	100
23582	10
23583	0
13480	100
23606	10
23607	0
23600	10
23601	0
13478	100
23602	10
23603	0
13471	100
23588	10
23589	0
29192	120
29193	120
29194	120
13473	100
23592	10
23593	0
13474	100
23594	10
23595	0
16836	0
3103	20
8228	20
13281	10
18872	10
20553	20
20579	0
21131	40
21146	20
23535	10
24784	40
31290	210
2337	220
19919	20
21506	20
2334	220
24693	10
24607	30
31779	20
1783	210
2306	210
11460	10
27462	10
27463	20
27464	0
27465	20
27466	0
27467	20
27468	0
27469	20
27470	0
4235	1010
11303	10
23026	0
23122	10
23123	10
4378	10
24435	10
22873	10
31683	10
29105	20
25896	100
26058	110
9181	10
21342	10
2143	10
2144	10
2145	10
2146	10
2147	10
2148	10
2149	10
2150	10
4518	210
21231	0
2170	10
20940	10
20941	10
8085	20
2532	20
2533	20
21994	5100
25488	0
26879	10
26880	110
29344	100
26562	100
26724	20
27218	0
32416	0
30019	100
30119	100
13743	100
13744	100
13745	100
13746	100
13747	100
13748	100
13749	100
13786	100
13787	100
13648	10
8646	100
11454	10
24194	20
1246	5100
1245	5100
14052	5100
26450	10
592	210
27938	10
1042	210
31884	0
1658	210
2639	10
31877	10
23918	0
1694	10
27412	20
27413	10
27414	0
1095	100
2890	0
8109	10
13204	0
13205	0
13206	0
15459	10
28800	30
28801	30
1265	5100
1267	100
8840	0
31259	0
8648	100
2889	5100
1803	0
1631	110
1632	110
1266	0
1268	0
2626	0
14702	0
14703	0
14704	0
14705	0
8842	10
15983	0
23202	20
23203	0
29516	20
29517	0
29987	20
29988	0
3594	100
7909	10
8863	10
29934	10
29935	210
29937	0
29938	0
30558	10
30702	10
8006	10
8018	10
11453	10
187	5110
8122	10
9676	0
9677	0
23142	100
9599	0
9600	0
9601	0
9602	0
23141	110
23144	100
9563	0
9564	0
9565	0
9566	0
23140	110
23143	100
9571	0
9572	0
9573	0
9574	0
9579	0
9580	0
9581	0
9582	0
9591	0
9592	0
9593	0
9594	0
9595	0
9596	0
9597	0
9598	0
9603	0
9604	0
9605	0
9606	0
9575	0
9576	0
9577	0
9578	0
9583	0
9584	0
9585	0
9586	0
9587	0
9588	0
9589	0
9590	0
9559	0
9560	0
9561	0
9562	0
9567	0
9568	0
9569	0
9570	0
9678	100
9679	100
9680	100
15570	100
15571	100
3403	10
3405	10
26095	10
26096	0
3045	210
13180	220
1841	10
26021	20
14021	210
14022	210
14067	210
14068	210
32419	10
32420	0
15082	10
15084	0
22823	10
20882	0
601	210
3205	210
585	210
3088	10
9719	0
14071	0
23354	20
23355	0
1018	5100
1403	5100
2312	100
14220	100
25724	20
30869	100
31760	0
31761	0
31763	0
31764	0
17144	5100
22262	100
22297	100
3610	10
18814	20
18815	20
18816	20
18817	0
18818	0
18819	0
24074	10
24081	0
24096	10
10204	10
3082	30
28990	10
30797	0
30806	10
22985	40
23979	20
23980	0
2187	10
2430	0
827	5110
20227	10
20228	0
28100	0
29049	0
30802	0
32282	10
32331	10
25754	20
25759	20
29470	0
8973	0
15512	1010
15513	10
26554	10
18394	0
29830	20
843	10
30748	0
1916	10
30830	0
5085	10
31516	20
31517	0
25102	10
25103	10
25113	20
25114	0
23204	20
23205	0
29518	20
29519	0
29989	20
29990	0
1038	210
5612	0
2291	30
2292	30
2293	30
2294	30
2296	30
2298	30
2300	30
3020	30
13238	20
30915	0
30916	10
30918	10
30919	0
25854	20
3920	210
29231	10
21136	100
21137	100
21140	100
21141	100
9436	10
9439	10
9460	10
9461	20
9642	10
9643	10
9644	10
9645	10
9646	10
9647	10
9648	10
9649	10
9650	10
9651	10
9652	10
9653	10
9654	10
9655	10
9656	20
9657	20
9658	20
9659	20
9660	20
9661	20
9662	20
9663	20
9664	20
9665	20
9666	20
9667	20
9668	20
9669	20
16171	10
31646	20
31647	10
6863	10
6864	110
26414	200
11752	5100
11753	100
11754	100
11755	100
11756	100
11757	100
11758	100
11759	100
11760	100
11761	100
11762	100
11763	100
11764	100
11765	100
11766	100
11767	5100
11768	100
11769	100
11770	100
11771	100
11772	100
11773	100
11774	100
11775	100
11776	100
11777	100
11778	100
11779	100
11780	100
11781	100
11782	5100
11783	100
11784	100
11785	100
11786	100
11787	100
11788	100
11789	100
11790	100
11791	100
11792	100
11793	100
11794	100
11795	100
11796	100
11797	5100
11798	100
11799	100
11800	100
11801	100
11802	100
11803	100
11804	100
11805	100
11806	100
11807	100
11808	100
11809	100
11810	100
11811	100
11812	5100
11813	100
11814	100
11815	100
11816	100
11817	100
11818	100
11819	100
11820	100
11821	100
11822	100
11823	100
11824	100
11825	100
11826	100
11827	5100
11828	100
11829	100
11830	100
11831	100
11832	100
11833	100
11834	100
11835	100
11836	100
11837	100
11838	100
11839	100
11840	100
11841	100
11842	5100
11843	100
11844	100
11845	100
11846	100
11847	100
11848	100
11849	100
11850	100
11851	100
11852	100
11853	100
11854	100
11855	100
11856	100
11857	5100
11858	100
11859	100
11860	100
11861	100
11862	100
11863	100
11864	100
11865	100
11866	100
11867	100
11868	100
11869	100
11870	100
11871	100
21817	20
21818	0
23235	20
23232	20
23233	0
23230	20
23231	0
945	10
15282	0
15283	0
15284	0
15285	0
15286	0
15287	0
15288	0
15289	0
15290	0
15291	0
15292	0
15293	0
15294	0
15295	0
15436	10
15437	10
15438	10
15439	10
15440	10
15441	10
15442	10
15443	10
15444	10
15445	10
15446	10
15447	10
15448	10
15449	10
17062	10
29182	10
2559	0
31252	0
3924	10
18914	10
18921	20
24138	10
24139	0
2190	10
5990	0
5992	0
5999	10
6001	10
3239	5120
15045	10
23239	0
25062	10
27974	10
27975	10
1070	10
15096	10
15098	10
965	10
27962	10
27963	0
5087	0
5103	10
960	20
24706	10
11124	10
11125	110
11224	10
11225	110
11164	20
11165	120
11184	10
11185	110
11144	10
11145	110
11204	20
11205	120
609	10
17526	10
17527	0
25709	10
25831	20
29658	0
31782	0
13594	0
13595	100
13596	0
13597	100
4713	10
4846	10
7678	10
7681	0
7686	10
21589	10
21590	10
21593	0
21641	0
22587	10
22588	0
22589	0
22590	100
22593	0
11295	20
2517	10
2518	10
2995	10
9753	5100
9754	100
9755	100
9756	100
9757	100
9758	100
9759	100
9760	100
9761	100
9762	100
9763	100
9764	100
9765	100
9766	100
25221	10
1304	20
1385	20
25250	0
25251	0
23071	100
23072	100
8495	0
14285	10
14325	0
14326	0
21187	0
21188	0
21194	10
27197	0
205	5100
24599	5100
31157	100
31158	100
31159	100
31160	100
31161	100
31162	100
31164	0
31165	0
31166	0
31167	0
32144	100
32164	0
7960	0
21165	10
23387	10
22980	210
23432	10
13273	0
8932	20
8931	20
23440	10
28973	10
21008	0
21009	0
21010	0
21011	0
1357	210
1787	1220
16519	210
25840	10
26840	10
30412	10
7531	10
7532	0
7534	10
4360	20
936	110
18825	10
18826	0
18822	10
18823	20
8902	10
2921	0
19013	0
24785	0
23165	0
23166	0
8629	10
8631	0
16880	210
27426	10
29762	0
3112	20
3113	0
24802	10
24803	0
32614	10
32647	0
32649	0
454	10
14757	10
25699	110
22148	100
22303	100
32798	100
32620	0
32621	0
32703	100
32704	100
24153	10
24154	0
32627	100
32705	100
14078	10
4905	10
20782	210
1570	10
22625	0
1595	20
1552	10
19	0
8540	10
8730	20
9400	10
17187	10
18827	0
18829	10
18830	10
22043	10
23766	10
25094	10
25095	10
26772	20
30744	10
30745	10
30774	10
31532	10
30762	0
17195	10
17194	30
28656	10
29792	10
2152	210
27421	10
27422	0
5084	10
14303	100
28825	100
18201	10
31408	0
14341	0
16972	10
17411	0
17459	0
17545	0
18507	10
23776	10
23809	0
23818	10
23882	0
24060	10
24061	10
24062	10
25043	0
26358	0
26372	0
27649	0
27650	0
27673	0
27735	10
27812	0
27818	10
27864	0
27926	0
27927	10
28080	10
28747	10
28898	10
29140	10
29141	10
29195	0
29313	10
21122	0
21123	0
6950	20
27507	0
6949	20
27506	0
17565	0
17567	0
17569	0
17571	0
17566	0
17568	0
17570	0
17572	0
13163	0
13798	0
6951	20
7816	0
29170	0
6254	5100
6583	20
29463	0
1264	5100
17599	110
17606	110
17607	110
21472	100
17414	0
17417	0
17424	0
17573	0
17574	0
17575	0
17579	100
17580	100
17581	100
17612	100
17615	100
21463	100
21464	100
21465	100
22740	0
23786	0
23788	0
23790	0
23792	0
23794	0
23796	0
23884	0
23885	0
17067	100
17534	100
17535	100
17532	100
16686	100
16690	100
16694	100
17528	100
32437	30
17601	110
17602	110
17552	20
17425	0
17582	100
17583	100
17584	100
17613	100
21466	100
21467	100
21468	100
17549	10
17530	100
17415	0
17416	0
17421	0
17585	100
17586	100
17587	100
17614	100
21469	100
21470	100
21471	100
17068	100
17597	0
17069	100
17524	100
17066	100
16682	100
2304	210
8003	10
18610	10
19309	10
21153	10
13997	10
13995	10
13996	10
13998	10
4599	10
4715	10
4861	0
14184	10
21766	10
25621	5100
2153	210
8297	0
15630	10
15631	10
15632	10
26456	10
26457	0
1313	20
5496	10
9127	0
21221	0
9214	10
9215	0
2748	10
4250	220
12239	10
20309	220
21015	0
21016	0
1041	20
31537	10
31538	10
32076	10
32077	10
2009	100
6774	5100
6776	100
6780	5100
6781	5100
6773	100
32215	0
32216	0
15055	10
27966	10
27967	0
24601	5100
6772	100
5250	5100
5254	5100
14610	100
17300	100
2001	5100
4500	100
24462	0
1969	100
863	10
2064	10
32799	20
32800	0
16835	0
537	210
5945	10
5946	10
5949	0
10	10
17	10
5951	0
5957	10
5983	10
5984	10
5985	10
26431	0
26703	20
26705	20
26700	20
26702	20
26704	20
25495	10
25496	0
25497	0
17185	5100
21094	30
21318	10
23899	0
107	5100
1477	100
4402	5100
4403	5100
23060	100
26467	10
8901	10
5567	10
5568	10
5569	10
5570	10
12198	20
12201	20
14370	0
14371	0
14372	10
14373	10
27171	10
32776	20
27162	0
5915	30
28979	20
28980	20
28981	20
31289	20
23977	20
23978	0
17147	5100
17148	100
22261	100
22296	100
25606	5110
26158	5110
26159	110
26160	110
26161	110
25227	10
28503	0
28505	0
4894	0
13731	10
13769	10
5972	0
3940	5100
3939	5100
3840	100
3841	100
3842	100
3843	100
3845	0
3846	0
3847	100
25216	20
23009	10
6115	5100
6116	5100
21768	100
25240	10
29641	0
29642	0
13255	0
13256	0
13257	0
13258	0
13259	0
13260	0
15694	10
15695	10
15697	0
15698	0
15699	0
15700	0
15701	0
15702	0
15703	10
15704	10
15705	10
15706	0
15707	0
15708	0
28553	10
14769	20
14773	10
14824	0
14834	10
25238	10
25258	10
25259	10
25260	10
25261	10
22664	20
22945	10
22952	10
23063	100
23064	100
16518	10
18807	40
4375	10
23350	0
18990	0
3038	210
14723	10
14744	10
23394	10
7052	10
10701	5110
25124	100
25946	10
29707	100
10941	0
25128	0
10933	10
10934	0
10935	10
10936	0
10937	10
10938	0
10939	10
10940	0
388	10
29274	110
29275	110
27242	0
27243	0
31411	0
25593	5100
25594	0
25595	10
26067	0
26068	10
30997	10
30998	100
2332	220
4517	10
21230	0
30340	10
24520	10
20221	10
29048	10
29050	10
27597	0
13167	10
13168	10
13169	10
13170	10
13171	10
24700	10
23447	10
24717	10
23446	210
21119	10
4469	0
14114	10
14082	10
14083	10
14081	10
4467	0
14112	10
28775	10
28776	0
28773	10
28774	0
4468	0
14113	10
15323	0
24695	10
14775	10
14811	10
14812	10
21808	20
30423	10
514	10
32230	10
19924	0
19925	100
21542	0
21556	10
21557	10
21562	0
21563	0
21565	10
21566	10
23643	10
23644	10
23814	10
23815	10
25552	20
26615	10
26616	10
27923	0
27924	0
27988	10
27989	10
28084	10
28085	10
28751	10
28752	10
28891	10
28892	10
28893	10
28894	10
28939	10
29862	10
29863	10
29864	10
22470	5100
27874	0
22472	5100
27876	0
26022	10
22471	5100
27875	0
1061	10
1062	10
2790	10
16848	10
6265	5100
5871	10
5039	10
5872	10
6263	5100
6261	5100
24516	10
5914	20
13617	10
21513	10
1081	10
2481	10
16852	10
20206	0
30394	0
452	10
26380	10
19311	100
8645	100
14054	100
26099	10
26100	0
22550	0
1242	0
2782	100
4973	0
17482	0
18451	0
18498	0
19549	100
19550	0
22444	100
23686	0
23687	0
23846	100
28874	100
25964	0
24008	100
27359	0
27354	100
27357	10
27846	0
27868	100
27911	0
22920	100
20365	100
24019	100
22485	100
25965	0
21032	20
21034	20
21036	20
21038	0
21040	0
21042	0
21046	0
21047	0
21048	0
27356	10
25602	5110
26227	0
26228	0
30942	20
23984	20
23986	20
23988	20
23990	0
23992	0
23994	0
23998	0
23999	0
24000	0
25966	0
1976	5100
13803	0
14905	20
26445	0
26573	0
25967	0
27355	100
31644	20
31645	0
22004	5100
14942	100
14958	10
14961	5110
19143	100
19148	5100
22687	100
26244	0
18552	10
23850	0
30920	10
58	5100
25968	0
25969	0
27645	0
28739	0
28845	0
29060	0
158	5100
10143	100
10144	100
10145	100
10146	100
10147	100
10148	100
10149	100
10150	100
10151	100
10152	100
10153	100
10154	100
10155	100
10156	100
31106	100
31224	100
31107	100
31226	100
31225	100
4762	0
4763	0
4764	0
16911	10
15003	0
15004	0
15005	0
26649	0
31244	10
24131	10
24681	40
25055	10
8339	110
8340	10
8341	0
8435	110
18987	10
19057	10
19058	10
30494	10
22236	100
31593	0
32108	0
25031	20
25032	0
29542	20
29543	0
30013	20
30014	0
654	10
31470	10
31471	10
31472	10
31473	10
4290	10
836	210
25054	10
837	5110
838	20
828	10
29207	100
8165	0
8167	0
14272	0
14350	0
16918	0
20887	10
20888	100
20889	10
20890	0
2505	10
2506	10
40	0
467	0
468	0
5067	0
5068	0
5069	0
8625	0
8626	0
8627	0
8628	0
11251	0
11252	0
16843	0
32734	20
32735	0
32737	20
22959	10
11250	0
21381	100
25386	10
19098	10
27287	20
25089	0
25090	0
31455	10
31456	10
31457	10
31458	10
24397	30
24414	20
31697	10
1529	0
3310	20
3311	10
3579	20
5164	20
8876	10
14374	100
14375	100
23959	10
23960	10
23961	10
24115	0
26655	10
26656	0
30875	10
30876	10
32636	0
32637	0
32638	10
32639	0
32640	0
2311	0
6967	20
7254	20
7256	20
9202	10
9203	10
9204	10
6966	20
7253	20
7255	20
28245	0
28832	0
15738	0
21147	10
27022	0
27026	0
27027	20
27028	0
27247	20
27248	0
30814	0
32662	10
32663	0
26451	10
8714	10
24365	100
3732	100
3733	100
3734	100
3735	100
3736	100
3737	100
3738	100
3739	100
3740	100
3741	100
11532	100
12323	100
12330	110
31266	0
781	10
19324	0
38	5110
39	5110
675	10
3044	10
18985	10
29611	100
521	210
523	210
525	210
527	210
529	210
531	210
552	210
11678	210
11679	210
24551	200
25037	210
19048	10
19049	10
520	210
522	210
524	210
526	210
528	210
530	210
551	210
555	210
561	210
20773	210
20774	210
24550	200
25038	210
31177	0
31207	10
11674	210
11675	0
32534	210
22085	10
20540	20
20566	0
28560	0
23555	10
23571	0
26209	110
32561	10
22304	0
32562	10
25691	110
1983	10
21357	100
31009	100
2345	10
2377	0
2346	10
2378	0
2347	10
2379	0
2348	10
2380	0
21384	100
21385	100
21414	100
14934	0
7891	0
28178	100
28835	100
28179	10
933	210
18329	210
25652	10
25017	20
25018	0
29528	20
29529	0
29999	20
30000	0
37	10
1281	10
1730	10
1731	100
1733	100
1734	100
1735	100
1736	100
1737	10
1738	10
2082	20
2083	10
2090	0
3713	0
3716	100
3717	100
3718	100
3719	100
3720	100
4328	0
4331	100
4332	100
4333	100
4334	100
4335	100
7934	10
14530	0
14531	100
14532	100
14533	100
14534	100
14535	100
17319	100
30173	100
30180	100
30181	100
30264	100
5862	0
1282	210
3928	10
3329	10
5841	10
9095	10
9340	10
9342	10
8430	10
8431	10
8432	10
8433	10
8434	10
574	20
2959	0
539	10
31180	0
31210	10
21213	0
29023	10
29024	0
2105	10
2225	0
13440	0
2097	10
569	210
2958	0
2560	0
32624	100
32625	0
32626	0
32629	100
1786	1220
29920	10
29922	0
29923	0
29924	0
29925	10
12240	10
3123	210
21525	10
5571	10
821	0
5936	10
23320	10
23321	10
26064	110
26065	0
3677	10
3678	10
21923	30
23396	210
20107	220
29159	0
608	10
3395	0
6513	0
9397	10
9416	10
13277	10
15545	10
17053	10
18868	10
22022	0
25041	10
26346	0
27651	10
27687	10
29769	0
3383	0
26922	20
242	10
6161	10
6177	100
29154	10
29062	10
29296	20
989	5110
16646	10
16647	0
16648	10
27419	10
27420	0
29156	10
29152	10
28649	30
19543	0
19585	0
19587	10
19588	10
240	10
6164	10
6167	10
6172	100
990	5110
19544	10
19545	100
19584	0
988	5110
241	10
6165	10
6168	10
6171	100
2284	10
25084	0
239	10
6160	10
6170	5100
2285	5110
25083	0
245	10
6158	10
6173	100
247	5110
7444	10
7818	30
7819	30
7822	30
7864	20
7892	10
9702	10
10108	10
10110	10
13707	10
13729	0
18021	10
18022	10
18023	10
18028	10
18029	0
18030	100
18031	10
18032	10
18615	10
27440	10
27598	10
27599	0
27936	10
28444	10
1882	10
1883	100
3787	10
244	10
6163	10
6166	10
6176	100
211	10
29158	10
883	10
4657	10
9360	10
20816	10
21327	0
15460	10
2287	10
4249	30
29160	0
2282	10
14319	10
14320	10
11512	10
12293	10
12294	0
12298	0
12300	10
14254	0
27653	0
28035	10
29768	0
2290	10
14328	10
23519	0
25085	10
30889	10
32518	10
2286	10
243	10
6162	10
6175	100
27582	10
27583	0
7938	10
7939	10
7942	10
8848	10
8849	10
8850	10
8851	10
8852	10
8853	10
27648	0
23310	0
23314	0
25067	10
605	210
18944	30
26844	20
26857	0
4519	1030
21232	0
14625	10
14635	10
14639	10
14658	10
14659	10
14664	0
14665	0
14670	10
14672	10
14673	10
14666	10
8493	0
14282	10
14283	10
14321	0
14322	0
22526	0
22527	0
2061	0
2062	0
22149	0
4661	30
8991	0
23863	0
31304	20
31525	20
865	10
866	10
867	10
868	10
27296	0
11985	0
11986	0
11987	0
11988	0
11989	0
11990	0
11991	0
11992	0
11993	0
11994	0
11995	0
11996	0
11997	0
11998	0
12044	5100
12045	5100
12046	5100
12047	100
12048	100
12049	100
12050	100
12051	100
12052	100
12053	100
12054	100
12055	100
12056	100
12057	100
12058	100
12059	100
12060	100
12061	100
12062	100
12063	100
12064	100
12065	100
12066	100
12067	100
12068	100
12069	100
12070	100
12071	100
12072	100
12073	100
12074	100
12075	100
12076	100
12077	100
12078	100
12079	100
12080	100
12081	100
12082	100
12083	100
12084	100
12085	100
12086	100
12087	100
12088	100
16032	100
16090	100
16091	100
16092	100
16093	100
30242	100
30243	100
30244	100
26223	20
26224	0
7640	5100
9176	5100
9177	5100
9178	100
9179	100
9180	100
16084	100
16033	100
16094	100
16095	100
16096	100
16097	100
1539	5100
11722	5100
11723	100
11724	100
11725	100
11726	100
11727	100
11728	100
11729	100
11730	100
11731	100
11732	100
11733	100
11734	100
11735	100
11736	5100
16083	100
30676	100
11999	5100
12000	5100
12001	5100
12002	100
12003	100
12004	100
12005	100
12006	100
12007	100
12008	100
12009	100
12010	100
12011	100
12012	100
12013	100
12014	100
12015	100
12016	100
12017	100
12018	100
12019	100
12020	100
12021	100
12022	100
12023	100
12024	100
12025	100
12026	100
12027	100
12028	100
12029	100
12030	100
12031	100
12032	100
12033	100
12034	100
12035	100
12036	100
12037	100
12038	100
12039	100
12040	100
12041	100
12042	100
12043	100
30245	100
30246	100
30247	100
11940	5100
11941	5100
11942	5100
11943	100
11944	100
11945	100
11946	100
11947	100
11948	100
11949	100
11950	100
11951	100
11952	100
11953	100
11954	100
11955	100
11956	100
11957	100
11958	100
11959	100
11960	100
11961	100
11962	100
11963	100
11964	100
11965	100
11966	100
11967	100
11968	100
11969	100
11970	100
11971	100
11972	100
11973	100
11974	100
11975	100
11976	100
11977	100
11978	100
11979	100
11980	100
11981	100
11982	100
11983	100
11984	5100
16031	100
16085	100
16086	100
16087	100
16088	100
16089	100
25902	100
30239	100
30240	100
30241	100
3068	5100
3069	5100
3070	5100
3071	5100
90	5100
91	5100
92	5100
93	5100
1471	100
2036	5100
2037	5100
2715	0
3151	0
3291	100
3581	100
4384	100
4385	100
4386	100
5332	100
5333	5100
5334	5100
5335	100
5336	100
5337	100
5338	100
5339	100
5340	100
5341	100
5365	100
5366	100
5367	100
5368	100
5381	100
5385	100
5386	100
5387	100
5388	100
5389	100
5390	100
5391	100
5392	100
5411	100
5412	100
5422	100
6091	100
6092	100
6093	100
6764	100
6765	100
6766	100
6767	100
6768	100
7774	100
7775	100
7776	100
7777	100
7778	100
7788	100
7921	100
9307	0
9308	0
9309	0
10619	0
10620	0
10621	0
10622	0
10623	0
10624	0
10625	0
10626	0
10627	0
10628	0
10629	110
10630	5110
10631	110
10632	110
10633	110
10634	110
10635	110
10636	110
10637	110
10638	110
10639	110
10640	110
10641	110
10642	110
10643	110
10644	110
10645	110
10646	110
10647	110
10648	110
10649	110
10650	110
10651	110
10652	110
10653	110
10654	110
10655	110
10656	110
10657	110
10658	110
10659	110
10660	110
10661	110
10662	110
10663	110
10664	110
10665	110
10666	110
10667	110
10668	110
10669	110
10670	110
10671	110
10672	110
10673	110
10674	110
10675	110
10676	110
10677	110
10678	110
10679	110
10680	5110
10681	110
10682	110
10683	110
10684	110
10685	110
10686	110
10687	110
10688	110
10689	110
10690	110
10691	110
10692	110
10693	110
14007	100
14008	100
14009	100
15308	100
15309	5100
16721	100
16768	100
16769	100
16770	100
16771	100
16772	100
16773	100
16774	100
16775	100
16776	100
16777	100
16778	100
16779	100
16780	100
16781	100
16782	100
16783	100
16784	100
16785	100
16786	100
16787	100
16788	100
16789	100
16790	100
16791	100
16792	100
16793	100
16794	100
16795	100
16796	100
16797	100
22481	5100
23054	100
23055	100
23056	100
23391	100
24146	100
29370	100
29371	100
30066	100
30067	100
30371	0
30372	0
30373	0
30374	0
30392	0
30393	0
31306	20
17247	100
18093	100
26189	110
26190	110
26191	110
26192	110
30535	110
30536	110
30656	100
30657	100
30683	100
30684	100
17012	100
17267	100
6104	5100
3065	5100
20813	10
20814	10
3697	5100
3698	5100
3699	5100
3700	5100
3701	5100
3702	5100
3703	5100
3704	5100
6106	5100
1575	5100
22614	100
6103	5100
30532	110
30653	100
30668	100
30682	100
7481	100
7482	100
7483	100
7484	100
7485	100
7486	100
7487	100
7488	100
7489	100
7490	100
7491	100
94	5100
2717	0
3844	0
3850	0
3851	5100
17248	100
18094	100
25900	100
30537	110
30658	100
30671	100
30685	100
6107	5100
459	100
6105	5100
17246	100
18091	100
18092	100
30166	100
30530	110
30592	0
30651	100
30680	100
24817	10
2796	20
2797	20
2798	20
2799	20
22695	10
28915	10
28916	10
28917	10
28918	10
6468	100
9611	100
2050	5100
2056	5100
2057	5100
18122	10
3398	0
1367	5110
1368	5110
1389	5110
1391	5110
1303	210
5486	210
23418	0
19435	20
1659	40
1660	10
1662	10
15925	0
31268	0
22935	100
15886	10
15887	10
15889	10
15890	10
15898	100
15899	100
15926	0
15927	0
15928	0
23038	100
23039	100
23040	100
22933	100
22934	100
22932	100
17088	0
17091	10
14892	20
26441	10
26570	0
16664	20
16673	0
16665	20
16674	0
16663	20
16672	0
14836	100
1802	100
1804	0
16120	0
16133	0
2060	5100
21995	5100
979	10
980	10
981	10
982	10
983	10
984	10
985	10
1978	10
1979	10
9011	10
15350	0
15351	0
15352	0
18050	10
18051	10
18052	0
18053	10
19666	0
19667	0
19668	0
30227	0
30228	0
30229	0
262	10
22055	10
18849	0
18850	0
6122	10
15476	0
15477	0
15478	0
15479	0
1451	10
22021	0
27250	0
12125	10
12126	10
12127	10
12128	10
12129	10
12130	10
12131	10
12132	10
12133	10
12134	10
12135	10
12136	10
12137	10
12138	10
12139	10
12140	10
12141	10
12142	10
12143	10
12144	10
12145	10
12146	10
12147	10
12148	10
12149	10
12150	10
12151	10
12152	10
12153	10
12154	10
12155	10
12156	10
12963	10
12964	10
12965	10
12966	10
12967	10
12968	10
12969	10
12970	10
17043	10
17044	10
17045	10
17046	10
26307	10
26308	10
26309	10
26310	10
32491	20
3306	10
11363	0
28410	0
15603	10
15604	10
26018	0
14262	0
14286	0
16912	10
16913	0
16914	0
17541	0
18450	0
18502	10
18503	10
18504	10
19157	10
19159	10
19164	10
20692	10
20694	0
22214	0
22315	0
22368	10
22369	10
22722	10
22723	0
22724	0
22736	10
22752	0
23225	0
23650	10
23821	10
23822	0
23849	100
23851	100
25135	10
26349	0
26350	100
26369	0
12344	10
4297	10
8280	10
8311	0
30321	10
5520	10
4890	5100
16884	0
13764	10
13765	10
18668	10
18667	0
29459	0
2807	5110
2808	5110
6300	10
1480	0
25472	0
27014	10
7500	5100
7501	5100
7502	5100
7503	5100
13231	5100
32486	20
18375	0
25922	0
1485	0
30599	10
30600	0
31320	10
6128	10
14019	210
14020	210
14065	210
14066	210
3162	210
15016	0
18605	10
19310	0
26260	10
7959	10
7970	0
23208	20
23209	0
29522	20
29523	0
29993	20
29994	0
24007	100
24018	100
6865	10
6866	110
22002	5100
14943	100
14950	10
14953	5110
19144	100
19149	5100
1625	100
30756	10
2952	10
25692	110
29305	110
11226	230
20523	230
31073	10
26603	10
26604	0
26605	0
7209	0
8213	0
5973	0
6470	5100
6475	10
128	100
1479	100
1875	0
4343	100
32603	10
21134	0
7070	10
15248	10
7069	10
15247	10
22	0
13090	20
13089	20
27791	0
1767	10
5209	0
31288	10
7067	10
15245	10
26455	10
14366	0
14367	10
14368	0
14369	10
6469	5100
6474	10
6740	0
6741	0
13254	10
14210	100
20466	100
6739	10
8536	10
8537	20
8538	10
9364	0
9376	10
9377	10
9378	10
9379	10
13656	10
14765	10
16609	10
16659	10
18852	10
22008	10
22017	10
22019	10
22040	10
22041	10
22134	10
27372	10
27373	10
27379	10
27396	10
30761	0
32457	10
8815	0
16653	10
18877	20
25012	10
27393	0
30758	10
21428	20
21429	0
21430	0
2272	10
6749	20
14209	100
14710	10
16601	100
17219	0
20465	100
22024	10
32462	20
32482	10
2269	10
2273	10
6747	20
14207	100
16599	100
17217	0
20463	100
22025	10
32461	20
32481	10
17189	10
32474	0
2271	10
6748	20
14208	100
14708	10
14709	0
16600	100
17218	0
20464	100
22023	10
32460	20
32480	10
32498	0
8795	0
31512	10
31513	0
8845	10
32506	20
32507	0
27417	10
27418	0
6746	10
13282	0
13637	10
14766	10
27376	10
32456	10
17208	20
17209	20
17210	20
17211	20
22044	20
32464	20
32465	20
32466	20
32467	20
32500	10
32501	10
32502	10
32503	10
32505	0
8017	10
5083	10
21855	10
21856	0
27415	10
27416	0
7057	10
26453	10
22643	0
22644	0
22647	10
6039	5110
30106	10
28622	10
23031	30
28598	10
28599	0
30149	10
30150	0
25515	100
25517	100
25516	100
25518	100
25506	0
25507	0
25511	20
25512	30
25513	100
25514	100
27362	0
27363	0
25523	10
31303	20
31524	20
12359	0
12360	0
13093	0
13094	0
24724	0
24725	0
29660	20
29663	10
35	100
1063	10
1064	10
1065	10
1066	10
1067	10
1068	10
1069	10
13702	0
13706	0
13708	0
13709	0
15034	0
15035	0
15050	0
15324	0
15325	0
15326	0
15327	0
15330	0
15331	10
15332	0
15333	0
15334	0
15338	0
15339	0
15345	0
15346	0
15347	0
15388	100
15389	100
15390	100
15396	100
15397	100
15398	100
17138	100
26628	0
26629	0
26630	0
26631	0
26632	0
26633	0
26634	0
26635	0
26636	0
26640	0
18290	20
1433	210
25534	20
25535	0
31401	20
31404	0
29619	0
2747	10
2750	0
2780	100
14486	0
14487	100
20420	100
23280	0
23282	0
23279	0
23281	0
17386	0
26222	10
22889	10
22890	30
5270	10
5272	10
5274	10
5276	10
32168	0
32169	0
32170	0
32171	0
32172	0
32173	0
32174	0
32175	0
17618	0
2821	0
17136	30
21103	10
5531	10
18993	10
18994	10
3083	10
5627	100
5628	100
6693	0
21511	10
22612	10
20984	10
20988	10
30257	10
30314	210
23069	100
23070	100
21937	100
21938	10
32417	0
15416	20
31109	10
24769	100
30169	100
32057	100
32063	100
28983	20
28985	0
30498	20
30499	20
31108	10
10705	5110
13761	100
25125	100
25126	100
29350	100
140	5100
25938	100
25937	100
25939	100
32504	10
29693	10
26399	10
32320	0
4575	10
23514	0
16885	20
2267	20
2268	10
30492	20
4606	10
18180	10
31277	10
18144	10
18157	10
13328	0
9170	10
15980	0
15981	0
25025	20
25026	0
29536	20
29537	0
30007	20
30008	0
31725	0
31726	0
31727	0
31728	0
31729	0
9454	100
9452	100
9451	100
7687	0
9453	100
30464	40
30465	30
30466	40
30467	30
30468	40
30469	30
204	5110
28731	10
22116	0
16208	100
30630	20
31478	20
22835	10
1990	10
2637	10
32096	10
26433	0
26715	20
26713	20
26718	20
26717	20
26716	20
572	210
2955	0
30422	10
61	100
1004	100
1221	0
1473	100
1474	0
4401	100
7207	0
8212	0
8979	10
15602	10
8972	0
25819	0
25820	0
25821	0
25822	0
25823	0
25824	0
25825	0
25826	0
25827	0
8976	10
8975	10
25811	20
5594	5100
5104	10
3747	5100
3748	5100
3749	5100
3750	5100
3751	5100
11491	0
12327	100
12332	110
2892	5100
2894	5100
2896	5100
11091	0
11101	10
11081	10
25657	110
29610	100
7963	0
7976	10
7977	10
7978	10
7979	10
7980	10
7981	10
7982	10
7983	10
7984	10
7987	10
7988	10
7990	10
7992	10
8121	10
13483	10
16970	0
7995	0
7996	0
7997	0
8128	0
8129	0
8130	0
8131	0
8132	0
6802	10
6803	110
9481	0
6875	20
6876	120
20617	20
20618	0
6885	20
6886	120
6804	10
6805	110
23029	0
23030	0
7363	10
7364	110
6877	20
6878	120
20619	20
20620	0
7866	10
7904	10
6992	10
6993	110
6994	20
6995	120
7365	10
7366	110
9478	0
7337	10
7338	110
9479	0
22183	0
22184	100
22185	100
22186	100
22187	100
22188	100
22189	100
7331	10
7332	110
22451	5100
16719	10
20823	10
21922	10
22450	5100
22452	5100
23845	100
14634	0
492	10
16717	10
20819	10
16718	10
20821	10
501	10
17401	20
17402	120
20625	20
6883	20
6884	120
20623	20
20624	0
17403	20
17404	120
20626	20
20627	0
6879	20
6880	120
20621	20
20622	0
31434	100
6837	10
6838	110
13680	100
13681	100
20628	10
6841	10
6842	110
25812	20
23533	0
6794	20
6795	120
3636	10
3637	10
6320	0
6321	0
7361	10
7362	110
9471	0
6887	20
6888	120
17399	10
17400	110
6829	10
6830	110
9468	0
15074	0
32719	10
25830	20
29659	0
6881	20
6882	120
10700	5110
6221	5100
6231	5100
6257	5100
6278	5100
16962	100
6220	5100
6230	5100
6256	5100
6276	5100
16961	100
6219	5100
6229	5100
6255	5100
6277	5100
16960	100
5823	10
19460	5100
3727	5100
3728	5100
3729	5100
3730	5100
3731	5100
11490	0
12292	0
12329	110
5373	100
20167	10
26760	10
26761	0
26764	0
23981	20
23982	0
5098	10
8462	230
5539	0
5540	0
5541	0
5542	0
5543	0
5544	0
5545	0
5546	0
30839	10
30742	0
30743	0
31442	0
30740	0
30741	0
25800	20
25807	20
24758	0
24759	0
23360	10
25688	110
17087	0
17090	10
28468	10
28469	0
24526	0
24527	0
23386	10
15633	20
24132	10
24133	0
27566	100
3781	20
3790	10
3791	10
3792	10
3793	10
3794	1030
3795	1030
3796	210
3797	20
3798	210
3799	210
3800	20
3801	20
6169	10
8857	10
6140	10
3802	10
6141	10
606	10
6512	10
8042	10
8043	20
11529	10
11544	10
3283	0
3284	0
3285	0
6920	20
7302	20
7304	20
7306	20
7308	20
9250	10
9251	10
9252	10
9253	10
9254	10
6306	100
6308	100
6541	100
6552	100
6750	100
6751	100
6752	100
6775	100
6784	100
6792	100
6898	5100
26074	10
26075	0
26787	10
20257	0
27395	10
28694	10
4440	5100
27365	100
23433	10
23441	10
20963	100
26470	10
26726	10
18397	10
811	10
383	210
6667	10
6670	0
21056	210
31504	20
31505	20
31508	20
31509	0
31510	20
31511	0
32291	0
32292	0
32293	0
32294	0
32295	0
32343	0
32344	0
4451	0
4452	10
6248	5100
19575	0
19576	10
19577	0
19578	0
19579	0
19580	10
19581	0
19582	10
19583	0
7809	0
7810	0
7811	0
7812	0
7813	20
7814	20
7815	20
7817	20
8535	10
9423	10
9424	10
9425	10
9426	10
9427	10
9428	10
9429	10
9430	0
9431	0
9445	10
9446	10
10942	0
10943	0
10944	0
10945	0
10946	0
10947	0
10948	0
10949	0
10950	0
10951	0
10952	0
10953	0
10954	20
10955	20
10956	20
10957	20
10958	20
10959	20
10960	20
10961	20
10962	20
10963	20
10964	20
10965	20
10966	0
10967	0
10968	0
10969	0
10970	0
10971	0
11012	10
11013	10
11014	10
11015	0
11016	0
11017	0
11018	0
11019	0
11020	0
11021	0
11022	0
11023	0
11024	0
11025	0
11026	0
11027	0
11028	0
11029	0
11030	0
11031	0
11032	0
11033	0
11034	0
11035	0
11036	10
11037	10
11038	10
11039	10
11040	10
11041	10
11042	10
11043	10
11044	10
11045	0
11046	0
11047	0
11048	0
11049	0
11050	0
11051	0
11052	0
11053	0
11054	0
11055	0
11056	0
11057	0
11058	0
11059	0
11060	0
11061	0
11062	0
11063	0
11064	0
11065	0
11066	0
11067	0
11068	0
11069	0
11070	0
11071	0
12094	10
12095	10
12096	10
12097	0
12098	0
12099	0
12100	0
12101	0
12102	0
12103	0
12104	0
12105	0
12106	10
12107	0
12108	0
12109	0
12110	0
12111	0
12112	0
12113	0
12114	0
12115	0
12117	0
12118	0
12119	0
12120	0
12121	20
12122	20
12123	20
12124	20
12952	0
12953	0
12954	0
12955	0
12956	20
12957	20
12958	20
12959	20
12960	0
12961	0
13049	10
13050	0
13051	0
13052	0
13053	0
13054	0
13055	0
13056	0
13057	10
13058	10
13059	10
13060	0
13061	0
13062	0
13063	0
13064	0
13065	0
13066	0
13067	0
13068	0
13069	10
13070	10
13071	10
13072	10
13073	10
13074	10
13075	10
13076	10
13077	10
13078	10
13079	10
13080	10
13081	10
13082	10
13083	10
13084	10
13085	10
13086	10
13087	10
13088	10
18442	0
19103	0
19104	0
20223	20
20224	10
28007	10
18440	10
18500	0
16249	20
16251	20
16250	20
8252	10
5146	10
1592	100
3590	100
19101	0
21200	100
6857	10
6858	110
3672	20
5148	0
7343	10
7344	110
15979	100
11093	0
11103	10
11083	10
6580	20
29462	0
69	10
71	0
15952	0
28040	10
28041	0
19476	20
19482	0
25003	20
25004	0
26466	10
32238	10
20261	0
26743	20
20263	0
30820	10
1096	5100
31778	10
11267	20
20459	0
15955	100
17215	0
17216	0
32471	0
32472	0
6198	100
9782	100
9783	100
9784	100
9785	100
9786	100
9787	100
9788	100
9789	100
9790	100
9791	100
9792	100
9793	100
9794	100
9795	100
9796	100
9797	100
9798	100
9799	100
9800	100
9801	100
9802	100
9803	100
9804	100
9805	100
9806	100
9807	100
9808	100
9809	100
9810	100
9811	100
9812	100
9813	100
9814	100
9815	100
9816	100
9817	100
9818	100
9819	100
9820	100
9821	100
9822	100
9823	100
9824	100
9825	100
9826	100
9827	100
9828	100
9829	100
9830	100
9831	100
9832	100
9833	100
9834	100
9835	100
9836	100
9837	100
9838	100
9839	100
9840	100
9841	100
6607	10
8298	10
17158	5100
17159	5100
17160	5100
23956	10
23957	10
23958	10
19438	20
13647	10
4248	210
5262	10
28957	30
3203	0
3204	0
3301	0
27836	100
27839	0
26571	10
12373	0
23530	10
1224	0
26973	10
26974	10
26464	10
23512	10
30096	0
21072	100
21386	100
2024	10
5153	10
8640	10
1057	0
1058	0
1059	0
1576	10
1919	100
28737	10
6827	20
6828	120
644	10
20800	10
25740	20
16637	10
16641	10
4766	0
4767	0
5917	20
5918	20
18810	20
20496	10
20497	10
20498	0
16645	10
16649	10
15644	0
1868	10
23334	10
3348	20
3349	0
30754	0
8494	0
14284	10
14323	0
14324	0
17546	0
18453	0
18512	0
18518	0
19111	0
21192	0
27198	0
6473	5100
6478	10
14621	10
24713	10
23242	0
8054	10
8055	20
8056	20
2817	0
2818	0
7151	10
7152	10
7153	10
7154	10
7155	10
7156	10
7157	10
1275	10
85	10
6654	10
27003	0
20195	0
20199	0
20203	0
11087	0
11097	10
11077	10
23713	0
23737	0
22846	10
32762	10
453	100
31392	0
31393	10
13484	10
6542	10
7986	10
8114	10
8135	10
5547	0
5548	0
5549	0
5550	0
5551	0
5552	0
25566	100
25567	100
29225	100
29226	100
25799	20
25806	20
26185	110
26186	110
26187	110
26188	110
26060	110
26078	110
26079	110
26080	110
26081	110
26082	110
26083	110
26061	110
77	100
26177	110
26178	110
26179	110
26180	110
26181	110
26182	110
26183	110
26184	110
13670	110
13671	110
13672	110
13673	110
13674	5110
13675	5110
13676	5110
13677	5110
7780	230
31292	0
2191	10
15221	0
15222	100
15223	0
15224	0
15225	100
15226	0
15653	10
21497	5100
21090	0
21091	0
15991	40
8819	10
8820	0
13360	0
15578	100
20554	20
20580	0
4527	100
4528	100
4529	100
4530	100
4531	100
4532	100
4533	100
13622	10
961	20
31168	10
31206	10
5834	10
5835	10
7002	10
7136	100
8442	10
16522	0
943	10
22107	10
31829	10
3856	10
3857	10
3858	10
3859	10
3860	10
3861	10
3862	10
3863	10
3864	10
3865	10
3866	10
3867	10
3868	10
3869	10
3870	10
3871	10
3872	10
3873	10
3874	10
3875	10
3876	0
3877	0
3878	0
3879	0
3880	0
3881	0
3882	0
3883	0
3884	0
3885	0
3886	0
3887	0
3888	0
3889	0
3890	0
3891	0
3892	0
3893	0
3894	0
3895	0
21023	10
8436	5110
11705	10
1763	10
31126	20
31129	0
2891	0
2893	0
2895	0
27976	10
27977	10
6034	5110
1809	10
23003	10
27733	100
14023	5100
14024	100
14025	100
7329	10
7330	110
1013	10
3296	0
411	0
4364	0
25220	10
1611	5100
3298	0
1283	10
13286	10
25222	10
28729	10
32133	0
23965	10
23966	10
23967	10
25554	20
5595	5100
32729	20
32730	0
32732	20
3341	20
30849	0
5987	10
5149	10
5150	0
26556	0
4348	0
6714	0
6722	10
29547	10
29548	0
8830	0
8847	0
8870	0
30225	10
9183	10
25140	10
25139	10
25138	10
23871	10
26995	10
24415	20
31696	10
14362	10
14363	10
14364	10
14365	10
20300	10
32554	10
32557	10
7347	10
7348	110
16827	20
14414	10
1167	10
1169	0
1170	0
15784	210
4574	10
32155	10
22984	210
3313	5100
804	20
2320	20
20281	220
20778	220
28958	30
2915	10
2916	10
28212	10
26053	100
26054	0
21567	0
3047	10
3048	0
8903	0
27729	10
27730	0
2336	220
3041	100
4478	10
5419	0
5420	5100
14427	0
14430	100
17318	100
3328	10
21189	0
21190	0
21191	0
21203	100
21204	0
21205	0
1793	10
2160	210
30326	10
21098	30
17130	20
4246	10
27377	10
595	210
5950	0
5944	10
5947	10
5948	0
2861	40
22963	10
30259	10
30290	10
19606	0
19614	0
19642	10
15663	10
15677	10
15678	20
15679	20
15680	10
15681	10
15745	10
24829	20
24692	10
24419	20
5868	10
1213	10
3098	10
28913	10
22891	100
22908	5100
23137	100
27797	0
30999	100
22892	0
14255	0
27667	0
27668	0
27669	0
27670	0
27713	0
27714	0
27840	0
27841	0
27857	0
27858	0
27865	100
27866	100
27907	0
27908	0
28051	0
28053	0
28055	0
28057	0
28059	0
28061	0
28064	0
28065	0
28066	0
28126	0
28127	0
28128	0
28129	0
28130	0
28131	0
28132	0
28133	0
28134	0
28135	0
28136	0
28137	0
28138	0
28139	0
28140	0
28141	0
28142	0
28143	0
28144	0
28145	0
28146	0
28147	0
28148	0
28149	0
28150	0
28151	0
28152	0
28153	0
28154	0
28155	0
28156	0
28157	0
28158	0
28159	0
28160	0
28161	0
28162	0
28163	0
28164	0
28165	0
26572	10
16124	0
16127	0
16134	0
20962	100
6378	5100
21493	100
25144	10
3580	0
3618	5100
3621	100
9701	10
15647	0
19326	100
19327	100
19328	100
19329	100
19330	0
19331	0
21115	0
21116	10
21120	100
25345	100
25346	100
25347	100
25348	100
25349	0
25350	0
26219	0
26220	0
7911	10
7912	210
21521	10
22628	0
3404	20
23370	210
6894	0
6959	20
7238	20
7240	20
9190	10
9191	10
9192	10
6958	20
7237	20
7239	20
20170	10
20172	10
25150	0
5417	5100
5418	5100
11365	0
14428	0
14431	100
5415	0
5416	0
138	5100
139	5100
1751	5100
6609	0
6610	0
5978	0
137	0
25063	10
29648	10
29649	0
619	20
11524	10
22925	20
22926	0
9020	10
9021	10
9030	10
9235	0
23286	0
26076	10
26077	0
8418	10
8419	10
14296	0
16934	10
16935	0
16936	0
27753	40
27884	20
28101	10
8786	10
7115	10
5466	0
5506	20
30799	210
23670	10
23720	0
8499	0
9233	0
26025	0
26062	100
30968	100
18884	10
18887	10
25556	30
25557	40
27641	10
29165	10
16498	10
16506	0
16512	10
16550	30
16551	0
22525	0
22524	0
2941	10
16502	10
16510	0
16516	10
16552	30
16553	0
18883	10
18886	20
21811	10
16503	10
16511	0
16517	10
22306	10
22455	20
28467	10
29178	10
23325	10
21458	100
23278	0
1279	5100
14458	0
14459	100
14553	100
18922	100
5903	5100
14541	0
14542	100
17325	100
27157	0
20589	20
20592	10
2950	10
23328	10
23327	10
30148	0
23332	10
220	10
17431	10
17642	0
17645	10
31227	0
31526	10
31527	10
5905	5100
5907	0
14523	0
14524	100
14525	0
17326	100
5902	5100
14538	0
14539	100
14561	100
20416	100
22709	10
651	10
27349	10
27350	0
1812	110
1813	100
14526	0
14527	100
14557	100
18926	100
25894	10
14622	10
14623	10
14624	110
14626	0
14627	0
15778	10
15779	20
21339	20
24765	5100
29700	10
29701	10
29702	100
23326	10
15100	10
15101	100
19153	10
20590	20
20593	10
24192	30
26090	10
24772	20
24773	0
16501	10
16509	0
16515	10
1454	10
1453	10
16505	0
16557	30
16558	0
30097	100
30098	100
16499	10
16507	0
16513	10
16504	0
16554	20
22688	10
24417	20
13955	10
13957	0
13958	10
13959	10
15474	10
21993	20
26622	10
28445	10
28610	10
28822	10
29795	20
30028	10
30037	10
30043	230
30081	10
30082	10
30083	10
30086	10
30090	20
30091	0
30092	20
30151	10
30544	0
30547	0
30553	10
30582	10
30593	10
30674	20
30694	10
23331	10
32249	30
32250	20
25587	100
27796	100
1172	5100
1173	0
15475	0
15499	0
30310	200
31337	20
31338	0
31339	20
31340	0
31341	20
31342	0
31343	20
31344	0
31345	20
31346	0
31347	20
31348	0
31349	20
31350	0
31351	20
31352	0
31353	20
31354	0
31355	20
31356	0
31357	20
31358	0
31359	20
31360	0
31361	20
31362	0
31363	20
31364	0
31365	20
31366	0
31367	20
31368	0
31369	20
31370	0
31371	20
31372	0
31373	20
31374	0
31497	20
31498	0
32364	20
32365	0
32366	20
32367	0
32368	20
32369	0
32370	20
32371	0
32372	20
32373	0
32374	20
32375	0
32376	20
32377	0
32378	20
32379	0
32380	20
32381	0
32382	20
32383	0
32384	20
32385	0
32386	20
32387	0
32388	20
32389	0
32390	20
32391	0
32414	20
32415	0
30312	200
30194	10
31313	0
20591	20
20594	10
18891	210
18892	0
18882	10
18885	20
22521	0
28187	0
5904	5100
14484	0
14485	100
14556	100
18925	100
25628	5100
16500	10
16508	0
16514	20
406	10
413	10
19107	10
19108	10
29035	10
548	220
20780	210
29764	0
5935	10
8	5100
282	5100
2674	5100
5926	5100
5927	5100
5928	5100
5929	5100
18962	10
18975	10
23024	0
23130	100
16833	0
22056	10
2255	100
5852	100
11606	0
22861	10
1214	10
4897	0
4982	0
15311	0
15312	0
15313	0
15650	0
17049	10
22817	10
25985	10
26129	20
26343	0
26344	0
27175	10
27176	10
27177	0
27180	0
27200	10
27206	30
27266	0
27427	10
27680	10
29759	0
26739	20
9713	20
13280	10
15549	10
18871	10
22020	20
5560	10
26577	0
1387	110
3927	10
1300	210
21216	0
22800	10
2789	10
1382	110
5480	10
389	20
14747	10
6806	20
6807	120
9469	0
13678	100
13679	100
3936	10
1289	10
13285	10
2460	10
2461	10
17163	20
23768	10
238	5100
25592	110
1101	5100
1102	5100
1103	5100
1104	5100
1105	5100
1130	100
1131	100
1132	100
1133	100
1134	100
10791	5110
10792	110
10793	110
10794	110
10795	110
10796	110
17629	0
19150	5100
23682	100
28877	100
7072	10
15250	10
186	100
7106	100
7107	100
7108	100
7109	100
7110	100
7111	100
7112	100
7113	100
7114	100
7059	10
7061	10
30834	0
604	10
27000	0
1163	10
1164	210
28704	10
5886	10
5879	10
694	200
8088	20
25155	20
25156	0
21422	20
21423	0
21424	0
31830	10
3913	10
2707	20
2708	0
18812	20
22832	10
27725	20
4573	10
23962	10
23963	10
23964	10
9361	0
28072	10
1162	10
20961	100
14711	10
14758	10
2554	0
20851	10
20852	10
20853	10
20854	10
20855	0
3218	10
29775	0
5795	10
1799	30
24888	10
24889	0
1165	10
1166	10
5937	10
14739	10
17191	10
17192	10
17193	10
21919	0
21920	0
24001	20
24002	0
20762	0
20763	0
23699	0
23700	0
27174	10
19135	0
19136	0
23874	20
23875	0
32484	20
9366	10
9402	10
9422	10
25951	0
25952	0
21917	0
21918	0
20859	10
20860	10
20861	10
20930	0
20931	0
31770	0
32605	10
3024	10
23545	10
23561	0
3634	0
20111	40
3925	10
10024	5100
10025	100
10026	100
10027	100
10028	100
10029	100
10030	100
10031	100
10032	100
10033	100
10034	100
10035	100
10036	100
10037	100
10038	100
10039	100
12843	0
22962	0
8110	10
15500	10
855	10
23657	10
23660	0
14870	10
31475	0
31486	10
2631	100
2632	100
2739	5100
2740	5100
3592	100
16269	100
15195	10
15200	0
16215	0
16228	10
16229	10
16260	100
16261	10
17063	0
17116	100
27636	10
27886	20
27914	0
300	100
15183	100
15201	5100
17117	100
15208	100
31003	100
15186	100
15204	5100
16211	100
17120	100
27847	0
27871	100
27912	0
15187	100
16212	100
17121	100
15213	5100
15214	5100
15207	100
16264	100
17124	100
1263	100
15185	100
15203	100
17118	100
27872	100
27888	20
15205	100
16262	100
17122	100
15184	100
15202	5100
16210	100
17119	100
27873	100
27887	20
15206	5100
16263	100
17123	100
27870	100
7770	100
7771	100
14568	0
14569	0
14570	100
14571	100
15189	100
15190	100
17309	100
17310	100
3643	10
3644	0
3658	100
3659	100
3660	100
5462	10
15384	0
25571	0
25572	0
30565	100
2199	10
26211	110
9858	100
9861	100
9864	100
9867	100
9870	100
9873	100
9876	100
9879	100
9882	100
9885	100
9888	100
9891	100
9894	100
9897	100
9857	100
9860	100
9863	100
9866	100
9869	100
9872	100
9875	100
9878	100
9881	100
9884	100
9887	100
9890	100
9893	100
9896	100
9856	100
9859	100
9862	100
9865	100
9868	100
9871	100
9874	100
9877	100
9880	100
9883	100
9886	100
9889	100
9892	100
9895	100
4549	10
25087	20
25088	0
26465	10
3021	40
3121	40
4965	40
7557	40
7558	40
7559	40
7560	40
7561	40
7562	40
7563	40
7564	40
7565	40
7567	40
7569	40
24796	40
32303	40
11408	0
11414	20
11426	10
11413	20
11425	10
11376	10
28710	10
2990	0
22731	10
22733	0
18536	10
18558	20
23505	0
2029	5100
14267	0
18479	10
18544	5100
19081	10
19082	10
22362	10
23840	0
25469	0
31017	100
1276	10
3752	5100
3753	5100
3754	5100
3755	5100
3756	5100
3757	5100
3758	5100
3759	5100
3760	5100
3761	5100
11492	0
11534	0
11535	100
11546	0
12324	100
12325	100
12333	110
8981	0
23861	0
8349	100
8350	100
8351	100
8352	100
8353	100
8354	100
8355	100
8356	100
8357	100
8358	100
8359	100
8360	100
8361	100
8362	100
8363	100
8364	100
8365	100
8366	100
21113	10
21114	100
23059	100
8125	5100
26987	10
5939	10
2338	220
29269	110
29271	110
7907	10
13463	10
8959	10
22997	0
22998	0
23543	10
23559	0
27529	0
3808	100
3819	100
1698	5100
15510	5100
16102	100
26132	0
438	10
1727	0
1079	210
23349	0
19461	40
20168	10
1906	5100
684	10
685	10
686	10
687	10
688	5100
689	5100
690	5100
691	5100
877	110
6135	20
6136	20
6137	20
6138	20
6139	20
15855	10
29777	0
32652	20
1298	0
1299	0
18963	10
18976	10
3596	10
3597	10
21145	10
20524	20
20525	20
20526	20
20527	20
20528	20
20529	20
3595	10
19264	0
19266	0
19268	0
19269	0
481	10
482	10
483	10
8813	5100
2109	10
2110	10
2111	10
2112	10
2113	10
2114	10
2115	10
2116	10
2117	10
2118	10
2119	10
2120	10
2121	10
2122	10
2124	10
2126	10
8824	10
8827	10
25265	0
25266	0
25267	0
25268	10
4651	220
4652	220
4653	220
4654	220
4655	220
4656	220
22697	10
24730	220
24731	220
4650	220
4716	210
16829	0
16828	0
19527	100
19528	100
19529	100
20096	100
20097	100
20098	100
20099	100
21547	10
21548	0
19854	20
19859	30
21479	100
19850	0
20153	10
20154	0
20155	10
20156	0
20157	10
20158	0
20159	10
20160	0
881	10
14722	10
14743	10
20366	10
26883	0
26884	0
26885	0
26886	0
26919	0
22324	10
22325	10
22326	0
22327	0
22328	0
22329	0
22330	0
22331	0
22332	0
22333	0
22334	10
22335	10
22336	10
22337	10
22338	10
22339	10
22340	10
22341	10
17490	10
17491	10
5921	0
7593	10
3818	10
16027	110
16028	100
16029	100
16030	100
16044	120
16049	120
16053	120
16057	120
16062	120
16066	120
16070	120
16075	120
16079	120
30810	110
30811	110
30812	110
30813	110
32418	110
32522	110
21413	100
11	10
2792	0
2793	0
2794	0
18964	10
18977	10
20789	0
12343	10
19456	10
27295	0
30903	100
20631	0
18967	10
18980	10
17174	10
17448	0
25231	20
9635	0
9692	0
2987	0
3954	0
24202	100
25228	10
23781	0
23782	0
1226	0
5207	0
27758	0
4470	5100
3332	0
3333	0
1431	10
1540	5100
14488	0
14489	100
17314	100
20470	40
8735	10
8740	10
8745	20
8765	10
8775	20
8895	10
25862	10
25863	0
27374	10
2341	220
20848	10
692	210
23665	10
26972	10
27584	10
27585	0
27638	10
27640	10
27699	10
28740	10
29317	10
29379	10
27595	10
27594	10
21409	20
31128	20
24186	20
1884	10
5519	10
8202	10
15850	10
72	100
3584	100
13316	0
13317	0
13318	0
13319	0
13320	0
13321	0
13322	0
13323	0
13426	0
14238	0
14239	0
15649	0
15995	100
18282	0
18283	0
18284	0
14980	100
27834	100
27837	0
28561	10
1933	10
1934	10
14981	100
14926	100
1948	10
13686	110
13687	110
13688	110
13689	110
13690	110
13691	110
13692	110
13693	110
18376	10
1115	5100
1116	5100
1117	5100
11533	110
11540	110
11680	110
12278	110
12280	110
12291	110
12295	110
12297	110
14991	100
14992	100
27835	100
27838	0
28562	10
14928	100
1950	10
22190	100
22191	100
22192	100
22193	100
22194	100
22195	100
13652	110
13653	110
13654	110
13657	5110
13658	5110
13659	5110
13660	110
13661	110
13711	0
14927	100
12880	110
12881	110
12882	110
12883	110
12884	110
12885	110
12901	110
12902	110
15996	100
15997	100
15998	100
14982	100
1118	5100
1119	5100
1120	5100
1121	5100
1122	5100
1123	5100
1124	5100
2582	40
2583	40
2584	0
5072	0
20251	0
29110	20
740	10
20265	100
6204	5100
24433	10
23452	0
23549	10
23565	0
17086	0
17089	10
32056	10
32059	0
32082	10
32242	0
22686	10
7475	5100
7476	5100
7477	5100
7479	5100
7480	5100
14469	0
14470	100
14471	100
14472	100
14473	100
14474	100
17316	100
30796	0
21822	10
21824	10
21833	10
21842	10
21843	10
21868	0
21869	0
21879	10
8273	220
8302	0
8303	0
8461	230
30318	10
2983	0
5779	20
5792	10
8501	100
9039	100
14236	100
14964	10
23615	10
8505	10
14951	10
8503	10
14959	10
8504	10
14963	10
14930	10
8510	10
23614	10
14929	10
14952	10
14955	10
8507	10
8508	10
14956	10
8511	10
8509	10
23616	10
8506	10
8502	10
23617	10
14960	10
23618	10
1623	5100
1626	5100
1627	5100
1628	5100
1629	5100
1630	5100
22652	10
22653	10
12428	10
12431	20
1435	210
21336	100
21837	0
1126	100
1128	110
14779	10
14787	10
14788	10
14789	0
14790	0
26848	10
26849	0
26855	0
14770	20
14774	10
14825	0
14835	10
15984	0
24778	20
24779	0
25383	10
5804	10
7068	10
15246	10
29102	10
29103	10
11095	0
11105	10
11085	10
1200	5100
1203	5110
1204	5110
1206	10
4649	10
7120	10
2629	5100
2630	5100
2736	5100
2737	5100
2738	5100
16266	100
16267	100
2627	5100
2628	5100
2734	5100
2735	5100
15196	100
15197	100
15198	100
15199	100
16265	100
16268	100
28529	100
28535	100
28587	100
28808	100
28559	0
28534	100
31004	100
28555	0
28543	100
28545	100
28591	100
28542	100
28590	100
28811	100
28556	0
28541	100
28589	100
28810	100
28557	0
28539	100
28538	100
28588	100
28809	100
28558	0
28551	100
28536	100
167	0
16235	10
16258	0
23004	10
17114	10
27646	0
2600	5100
2601	5100
2602	5100
2603	5100
7754	10
7767	5110
7768	5110
7769	5110
17506	10
7757	10
7758	10
7748	10
7765	10
7766	10
2622	210
2623	210
2620	210
2619	1030
2611	5100
2614	5100
2615	5100
2616	5100
2624	10
2625	10
15193	10
15194	1030
16232	10
16252	0
15170	10
15177	100
7749	10
7759	10
7760	10
27634	0
7751	10
7750	10
15181	100
15182	0
2591	5100
2592	5100
2594	5100
2595	5100
2596	5100
2597	5100
7753	10
16256	0
15158	10
15159	40
15160	0
16214	0
16230	10
2617	1030
15166	10
15167	0
16213	0
16219	40
16221	10
27635	10
2618	1030
13721	10
7763	10
7764	10
7752	10
7746	10
2605	5100
2606	5100
2607	5100
2608	5100
2609	5100
7755	10
16254	0
15171	10
15178	100
7761	10
7762	10
7747	10
27637	0
28525	20
28526	100
28527	100
28528	20
28839	0
31002	100
31522	100
3603	10
3604	20
24140	20
24141	0
2745	100
14221	100
21077	0
27956	20
27957	20
27958	20
27959	0
27960	0
27961	0
8046	10
8047	20
1553	10
2039	210
5374	100
840	5110
24616	100
3706	5100
3710	0
2193	10
2431	10
1054	10
27283	20
1252	10
14005	10
26205	110
26142	110
26143	110
13452	5100
24013	5100
28094	10
26578	0
26579	0
25643	0
25644	0
16126	0
16129	0
16139	0
13193	10
25940	0
28547	100
14331	0
1692	5100
20929	100
24204	0
1691	5100
5211	0
27780	0
28576	0
28577	0
28578	0
28581	0
28582	0
28583	0
28584	0
28585	0
28586	0
30542	110
30664	100
30665	100
30666	100
8286	100
8287	100
8288	100
8289	100
8290	100
8291	100
8292	100
8293	100
8294	100
8295	100
23412	10
23413	100
1524	100
1525	100
5678	100
5679	100
5680	100
5681	100
5682	100
5683	100
5684	100
5685	100
5686	100
5687	100
5688	100
5689	100
5690	100
5691	100
5692	100
5693	100
5694	100
5695	100
5696	100
5697	100
5698	100
5699	100
5700	100
5701	100
5702	100
5703	100
5704	100
5705	100
5706	100
5707	100
5708	100
5709	100
5710	100
5711	100
5712	100
5713	100
5714	100
5715	100
5716	100
5717	100
5718	100
5719	100
5720	100
5721	100
5722	100
5723	100
5724	100
5725	100
5726	100
5727	100
5728	100
5729	100
5730	100
5731	100
5732	100
5733	100
5734	100
5735	100
5736	100
5737	100
5738	100
5739	100
5740	100
5741	100
5742	100
5743	100
5744	100
5745	100
5746	100
5747	100
8486	0
502	5100
503	100
504	5100
505	5100
5353	5100
5354	100
5355	5100
5356	5100
5357	5100
5358	5100
23366	100
31272	0
28579	0
28580	0
28788	120
28789	120
28790	120
5208	10
8377	100
8378	100
8379	100
8380	100
8381	100
8382	100
8383	100
8384	100
8385	100
8386	100
8387	100
8388	100
8389	100
8390	100
8391	100
8392	100
26174	110
2655	10
2656	10
2657	10
2658	10
2659	10
929	110
930	110
10111	5100
10112	100
10113	100
10114	100
10115	100
10116	100
10117	100
10118	100
10119	100
10120	100
10121	100
10122	100
10123	100
10124	100
10125	100
10126	100
10127	100
89	5100
987	0
15561	10
15562	10
24903	0
6822	20
6823	120
5603	5100
16950	10
26861	0
4968	0
13327	0
24333	100
24334	100
24251	100
24252	100
24209	100
24210	100
24263	100
24264	100
24225	100
24226	100
24303	100
24304	100
24233	100
24234	100
24339	100
24340	100
24327	100
24328	100
24257	100
24258	100
24323	100
24324	100
24221	100
24222	100
24289	100
24290	100
24315	100
24316	100
24205	100
24206	100
24283	100
24284	100
1557	10
1959	0
26376	10
26377	10
26378	10
26379	10
25286	100
25287	100
20370	100
20371	10
26066	110
28875	10
14302	100
28824	100
28249	10
20509	10
28736	10
24015	10
17739	10
22264	0
23835	100
20508	10
26788	10
30533	110
30654	100
15657	10
19292	0
25942	10
25943	10
25944	10
25945	10
1446	5100
18988	10
5774	10
5773	10
5775	10
5772	10
2087	10
5799	10
5858	0
5771	10
5770	10
5266	210
32101	10
9700	10
5141	10
5142	10
5143	10
25160	10
25485	10
25486	0
916	10
919	20
920	210
20779	210
24528	10
32095	10
3031	10
22529	20
22530	20
11079	10
1449	10
1444	5100
21182	10
21183	0
21184	10
21211	10
21210	10
8395	0
8407	0
2992	10
29473	0
29474	0
29107	20
29340	20
536	210
8394	0
8406	0
14080	10
21516	10
22629	0
31059	10
31060	0
14643	10
14644	10
14645	0
15939	20
15940	20
1388	5110
13461	10
8844	0
8843	0
12285	10
16938	10
16939	0
16940	0
28437	10
29136	10
31071	10
1023	0
6214	5100
17021	0
19063	10
19064	10
21816	0
22147	100
6835	10
6836	110
9474	0
3531	5100
3532	5100
3533	5100
4774	5110
4775	5110
22666	10
22668	10
3514	10
3515	10
3520	100
3521	5100
3522	5100
3523	5100
3524	5100
3525	5100
3526	100
3528	0
3529	0
3537	100
3538	100
3576	100
3577	100
4776	110
4777	110
7613	110
7622	110
7623	110
7624	110
7625	110
14072	110
14073	100
14074	100
22583	0
22584	0
22601	100
22602	100
22670	10
22672	10
24750	100
24751	100
3385	0
3614	100
3615	10
3616	10
3617	0
3626	10
3635	10
4797	0
4798	0
4799	0
4800	0
21703	10
21704	10
21705	0
21706	10
21707	0
21708	0
21709	0
21710	0
26300	10
26939	30
27675	10
2305	210
25741	20
8404	0
8416	0
20161	10
20162	10
1597	230
22067	10
22069	10
22070	0
22071	10
1577	10
1579	10
1580	10
1581	0
4791	0
4792	0
4793	5100
4794	0
4795	0
4862	0
14175	0
14176	5100
14177	5100
14178	5100
14179	5100
20421	100
20422	100
20447	0
20448	100
20449	100
20450	100
20451	100
22592	100
25887	0
26719	20
8396	0
8408	0
26395	0
26396	0
28457	0
15525	0
15526	0
28387	0
28388	0
28389	0
28390	0
28391	0
28458	0
28459	0
28460	0
28461	0
28462	0
30777	10
25722	20
8393	0
8405	0
21526	10
22630	0
2333	220
20711	0
8400	0
8412	0
25127	100
27647	0
8766	10
13332	10
13334	10
13335	10
13336	10
13432	10
18261	0
1569	10
21583	10
21670	10
21671	10
21672	10
21674	0
21675	0
1683	10
798	10
2822	0
26843	20
26924	10
21746	0
21747	0
21748	0
21749	0
21750	100
21751	100
21752	100
29622	0
29699	10
29747	0
30911	0
30912	100
30913	0
30224	10
17802	0
26561	100
26723	20
27215	0
27216	0
6043	5110
22734	10
22735	10
18537	10
18559	20
23506	0
2030	5100
14268	0
18480	10
18545	5100
19084	10
19085	10
22366	10
23841	0
25470	0
31018	100
27050	100
27064	100
3573	10
25656	100
31005	100
25700	110
32790	10
8397	0
8409	0
2162	210
31098	100
31114	100
285	10
8402	0
8414	0
4464	0
14194	10
21584	10
21644	10
21645	10
21646	10
21649	0
21650	0
22624	10
32493	20
32485	20
3679	10
29820	0
18136	10
18184	10
31279	10
18146	10
18161	10
1191	30
8980	0
23860	0
26370	0
27234	40
27235	20
28848	10
28855	10
28865	10
28890	10
28955	10
3553	10
26770	10
26771	0
7872	10
12192	10
20710	0
23669	10
23726	0
20446	10
18434	10
18449	210
19652	10
511	20
26906	0
20171	10
20173	10
17179	10
17445	0
17178	10
17438	0
1888	20
1889	30
1890	40
1892	20
1893	30
1894	40
1896	20
1897	30
1898	40
7164	0
7165	0
7166	0
7167	0
7183	10
10199	10
10200	10
10201	10
10202	10
17164	10
17165	10
17166	10
17167	10
17442	0
17457	0
17461	0
18611	10
23401	0
23402	0
23403	0
23404	0
23405	0
23406	0
32580	10
32581	10
32582	10
32583	10
32584	10
32585	10
32586	10
32590	20
32591	20
32592	20
32593	20
32594	20
32595	20
32596	10
32597	10
32598	10
32599	10
32406	0
9055	0
22320	0
22321	0
22458	100
22459	5100
22461	5100
23873	0
26028	10
27262	0
28942	10
31006	100
22436	30
22507	20
22513	0
31261	0
24830	5100
24849	10
24850	0
8733	10
8755	10
8760	10
8770	10
8790	10
8796	10
8816	10
8890	10
8900	10
27364	0
27368	10
27389	10
13028	20
13033	20
13038	20
13043	20
13048	20
8780	20
27984	10
27985	10
25733	20
19441	100
16104	100
26133	0
8403	0
8415	0
17157	5100
17181	10
17186	20
23226	0
14837	10
935	110
3558	10
8399	0
8411	0
23879	0
23880	0
23881	0
26373	10
26374	10
26375	10
3782	0
3784	0
3785	0
3786	20
3788	20
3789	20
4520	0
5956	20
7203	0
12282	0
12284	0
14447	0
15931	0
18326	20
6357	0
14451	0
11698	0
7370	20
7371	120
9476	0
7367	10
7368	110
7333	10
7334	110
7351	10
7352	110
32722	20
32765	100
20445	10
25520	100
22682	100
31097	100
28546	100
22894	0
22897	0
22900	0
22903	0
22914	10
22917	10
22907	5100
22911	100
31640	20
31641	0
3695	10
21222	0
14416	100
17161	20
17162	10
17182	100
17183	100
17184	100
21002	0
22847	10
23864	0
23865	0
23898	0
31520	0
17397	0
17398	0
30588	0
30589	0
30690	100
30691	0
30888	10
30895	0
30896	10
30897	100
30899	10
30900	20
30966	0
32103	10
30672	20
30673	0
31534	20
15982	0
21364	0
8398	0
8410	0
3675	5100
3676	5100
6946	20
7320	20
7322	20
7324	20
7326	20
7328	20
9256	10
9257	10
9258	10
9259	10
9260	10
9261	10
6945	20
7319	20
7321	20
7323	20
7325	20
7327	20
8401	0
8413	0
19015	10
19016	10
4810	5100
4811	5100
4812	5100
4821	5100
14120	5110
14122	5110
14124	5110
14126	5110
14137	5110
14139	5110
23676	0
24754	100
17511	10
4822	100
4823	100
4824	100
4845	100
14128	110
14130	110
14132	110
14134	110
14136	110
14138	110
23675	0
24755	100
17510	10
3630	0
3631	0
4782	0
4837	110
4838	110
4839	110
4840	110
4841	110
4842	110
4843	110
4844	110
4847	110
4848	110
4849	110
4850	110
4851	110
4852	110
7606	110
7607	110
7608	110
7609	110
7610	110
7611	110
7612	110
7614	110
7615	110
7616	110
7617	110
7618	110
7619	110
7620	110
7621	110
7626	110
7627	110
7628	110
7629	110
7630	100
7631	100
7632	100
7633	110
7634	110
7635	110
7682	100
7683	100
7684	0
7685	0
7691	100
7692	100
7693	100
7694	100
7695	110
7696	110
7697	110
7698	110
7699	110
7700	110
7701	110
7702	110
7703	110
7704	110
7705	110
7706	110
14046	100
14047	100
14048	100
14049	100
14050	100
14051	100
14075	100
14076	100
14077	100
14084	110
14086	110
14088	110
14090	110
14092	110
14094	110
14096	110
14098	110
19021	10
19022	10
21719	10
21722	10
21725	10
22553	110
22554	110
22555	110
22556	110
22557	110
22558	110
22559	110
22560	110
22561	110
22562	110
22563	110
22564	110
22565	110
22566	110
22567	110
22568	110
22569	100
22626	0
22627	0
23719	0
23731	0
23740	0
24752	100
24753	100
14100	110
14115	10
14116	10
22637	10
17498	10
17499	10
17500	10
31836	20
31837	0
31838	20
31839	0
31840	20
31841	0
6124	0
14252	0
14290	0
16964	10
17275	100
18484	10
23628	10
23664	10
28486	20
29318	10
23077	0
23078	0
23079	0
23080	0
23081	0
23082	0
23083	0
23084	0
23085	0
23086	0
23087	0
23088	0
23089	0
23090	0
23091	0
23092	0
23093	0
23094	0
23095	0
23096	0
23097	0
23098	0
23099	0
23100	0
23101	0
23102	0
23103	0
23104	0
23105	0
23107	0
23108	0
23109	0
23110	0
23111	0
23112	0
23113	0
23114	0
23115	0
23116	0
23117	0
23118	0
23119	0
23120	0
23465	10
23466	10
23467	10
23468	10
23006	0
23550	10
23566	0
20169	10
8048	10
8049	20
6159	100
30424	10
7823	100
13696	10
25021	20
25022	0
29532	20
29533	0
30003	20
30004	0
2457	5100
2884	5100
9096	5100
29186	120
29187	120
29188	120
15687	10
23397	210
2005	10
2006	10
18737	10
12433	10
6073	20
12432	10
29550	10
22244	0
22245	0
22246	0
22247	0
22248	0
22249	0
22250	0
22251	0
22252	0
22253	0
22254	0
30493	10
16547	10
191	100
2496	0
2497	100
15107	10
15108	10
15109	10
15110	10
15111	10
26815	10
27748	0
27749	0
25908	10
25915	0
25919	0
26773	40
31377	10
27271	10
27272	0
29282	110
29281	110
6815	20
6816	120
9483	0
17786	20
17789	0
17787	20
17790	0
17788	20
17791	0
28533	100
20178	0
18881	10
14767	20
14771	10
14822	0
14832	10
7922	5100
7913	5100
21388	100
31141	0
32510	100
7915	5100
21387	100
5561	100
12737	5100
12738	100
12739	100
12740	100
12741	100
12742	100
12743	100
12744	100
12745	100
12746	100
12747	100
12748	100
12749	100
12750	100
12751	100
7920	5100
32509	100
26141	110
12842	0
6285	5100
6286	5100
6287	5100
6288	5100
6289	5100
6290	5100
6291	5100
6292	5100
6293	5100
6294	5100
6295	5100
6322	5100
6323	5100
6324	5100
6325	5100
6326	5100
6327	5100
6328	5100
6329	5100
6330	5100
6331	5100
6332	5100
6608	0
6296	5100
6297	5100
23651	10
1318	100
13850	100
13853	100
13856	100
13859	100
13862	100
15974	100
15975	100
17410	0
32434	10
21454	100
15	110
18965	10
18978	10
19541	0
26817	20
34	110
872	10
18370	10
1022	5100
14171	0
15275	0
15405	20
25634	20
25637	0
25635	20
25638	0
25633	20
25636	0
31258	0
2710	5100
5361	5100
9054	5100
9056	5100
9057	5100
9058	5100
9059	5100
9077	5100
9078	0
21500	5100
25603	5110
26881	20
26882	120
29268	110
29270	110
1409	10
2128	10
2176	20
15471	10
15482	0
15485	0
29100	10
1424	10
1790	0
581	210
21930	10
21931	0
21932	10
20166	10
15572	0
15573	0
15574	0
15575	0
15576	0
32601	10
5048	100
5285	100
26410	200
643	10
28934	0
28935	0
28936	0
17512	0
1152	20
31515	20
21150	20
2155	10
27587	10
27586	10
29228	0
28895	0
32345	0
32346	0
32392	20
32393	0
32394	20
32395	0
8201	10
15849	10
22407	10
22408	10
20395	0
1665	10
6006	5100
6007	5100
6008	5100
6009	5100
6010	5100
6011	5100
6012	5100
6013	5100
6014	5100
6015	5100
6016	5100
6017	5100
6018	5100
6019	5100
6020	5100
6021	5100
6022	5100
6023	5100
6024	5100
6025	5100
6212	5100
6213	5100
17019	0
17020	0
19036	10
19037	10
19039	10
19040	10
19066	10
19067	10
21760	10
21761	10
29618	0
29694	10
25229	10
24023	0
24024	0
24025	0
24026	0
24027	0
24028	0
24029	0
15659	10
15660	10
16831	0
16925	0
17096	0
20441	0
25230	20
2104	10
2224	0
13439	0
2096	10
17520	0
25797	20
3027	100
14595	0
14598	100
17312	100
26250	10
1092	5110
4771	0
12302	0
14448	0
15465	10
15466	0
15467	0
21887	100
21888	100
21889	100
21890	100
21891	100
21892	100
21902	0
21903	100
21904	100
21905	100
21906	100
21907	100
21908	100
21982	100
23800	100
23801	100
23802	100
23803	100
23804	100
23805	100
23806	100
25039	10
25040	10
25047	10
25048	0
25049	0
25082	0
27657	0
27658	0
27659	0
27660	0
27661	0
27662	0
27663	0
27664	0
27665	0
27666	0
27721	0
27722	0
27842	0
27843	0
27859	0
27860	0
27909	0
27910	0
29067	10
29068	10
29069	10
29070	10
29071	10
29072	10
29073	10
29074	10
29075	10
29297	0
29298	0
29299	0
29783	0
31390	10
31664	0
21893	100
21909	100
22741	0
23886	0
25804	20
18346	0
18347	0
97	5100
29686	20
21983	10
25133	10
18467	100
20712	0
20713	10
20714	10
20715	10
20716	10
20717	10
20718	10
20719	10
20720	10
20721	10
20722	10
22480	5100
18496	100
22753	100
23830	100
23831	0
23857	100
23902	100
23904	100
23905	100
22449	100
22447	100
22448	100
18497	100
20747	0
22479	100
22754	100
23832	100
23833	0
23903	100
9716	10
13107	0
8487	0
1593	5100
1594	5100
3409	5100
3410	5100
3411	5100
3412	5100
5089	0
21406	10
30798	100
13993	10
13991	10
13992	10
13994	10
4906	10
5155	220
17041	20
7737	0
7738	0
12238	10
16101	10
681	0
1043	0
1211	0
1212	0
2266	0
14070	0
15233	0
31833	0
15535	210
1778	1220
15540	10
15543	20
23184	20
23185	0
29498	20
29499	0
29969	20
29970	0
30075	220
29108	20
783	10
4548	5100
25392	10
2668	30
2669	30
2670	30
2671	30
2672	30
2673	30
8218	30
9296	10
9297	10
9298	10
9299	10
9300	10
9301	10
9303	10
3507	30
9302	10
7031	0
276	10
22522	10
28192	0
28195	10
28196	0
6223	5100
4577	10
32564	10
6003	10
21132	0
21133	0
5553	0
5554	0
5555	0
5556	0
5557	0
5558	0
25801	20
25808	20
11120	10
11121	110
11220	10
11221	110
11160	20
11161	120
2253	20
2566	0
2567	20
2633	10
3821	0
3838	10
3839	0
7090	0
11568	0
11569	20
11575	10
11583	10
14576	0
25890	0
27423	10
27547	10
27774	0
28626	30
29756	0
30068	40
30069	30
32519	10
29448	0
29449	0
11180	10
11181	110
11140	10
11141	110
11200	20
11201	120
3511	10
1083	210
176	100
177	100
993	20
26754	10
26755	0
26762	0
897	100
900	100
898	100
899	100
4883	10
4884	10
4885	10
4886	10
4887	10
4888	10
13770	10
13771	10
13772	10
27756	10
13	5100
5195	10
5196	10
5197	10
8033	20
8034	20
8035	20
8036	20
8037	20
8038	20
8039	20
8040	20
12231	10
12299	110
12305	110
12309	110
12316	110
12374	110
12418	110
12434	110
12435	110
13945	10
14332	0
14749	10
15279	0
15280	0
15281	0
15426	30
15427	30
15428	30
15429	30
15430	30
15772	10
15773	10
15774	10
15775	10
16183	0
16188	0
16189	0
16190	0
16191	0
16192	0
16193	0
16194	0
16195	0
16196	0
16197	0
16198	0
16199	0
16200	0
16201	0
16202	0
16203	0
16204	0
16205	0
16206	0
31666	0
32297	0
32299	0
32301	0
32436	10
8031	20
14750	10
16150	0
16153	0
16169	10
16170	10
18844	10
21104	10
21319	30
32318	10
32319	10
2328	30
6375	0
24030	10
24031	10
24032	20
24033	10
24038	40
24808	10
24871	20
462	20
14734	10
14748	10
9433	10
9434	10
16105	10
16149	0
16152	0
16182	10
8032	20
15278	0
15417	20
15418	30
15419	10
460	10
14732	10
14764	10
19721	10
11603	0
12287	0
12289	0
12290	0
12335	10
14714	10
14715	10
14762	10
16177	10
18848	10
22237	10
16174	10
26737	20
16175	10
18841	10
32710	10
32711	0
16172	210
18845	10
8029	220
14752	10
706	210
11602	0
14718	10
14759	10
16187	10
18842	10
22063	20
22064	30
22103	20
24149	30
31507	20
32312	10
32313	10
32315	10
32316	10
5027	10
14756	10
14712	10
23767	10
14719	10
14720	0
14721	10
14755	10
12288	0
16178	10
18847	10
22081	10
22100	0
11604	0
16148	0
16151	0
16180	10
18839	10
27618	10
27918	10
16186	10
18843	10
8030	20
14751	10
14716	10
14717	10
14763	10
26415	10
17492	10
17493	10
17494	10
17495	10
17503	10
17504	10
23135	10
23136	10
95	100
142	100
4413	100
4414	100
6047	100
7291	110
11262	100
11263	100
22473	5100
32653	100
15059	0
15061	0
13462	10
15058	0
15060	0
27515	10
27516	10
24877	10
24878	10
24879	10
24880	10
6869	10
6870	110
26601	0
4	5120
5	5120
6	5120
25	5120
352	110
353	110
354	110
360	110
361	110
362	110
363	110
2776	10
3226	5120
4590	10
5924	5120
7880	5120
7881	5120
7882	5120
7883	5120
7884	5120
8012	0
8013	0
11702	0
15914	0
15922	0
15938	0
17142	0
18960	10
18973	10
22604	0
26650	0
26651	0
26652	0
26653	0
26654	0
30094	0
30858	0
30859	0
30862	0
30863	0
32424	20
32425	20
32426	20
1509	10
4441	10
17177	10
17450	0
29118	20
23212	20
23213	0
29526	20
29527	0
29997	20
29998	0
32177	0
32178	0
24611	20
3236	10
5952	0
5953	0
13703	0
13704	0
13705	0
23950	10
23951	10
23952	10
29179	0
12478	100
12479	100
12480	100
12481	100
12482	100
12483	100
12484	100
12485	100
12486	100
12487	100
12488	100
12489	100
12490	100
12491	100
12492	100
12493	100
12494	100
12495	100
12496	100
12497	100
12498	100
12499	100
12500	100
12501	100
12502	100
12503	100
12504	100
12505	100
12506	100
12507	100
12508	100
12509	100
12510	100
12511	100
12512	100
12513	100
12514	100
12515	100
12516	100
12517	100
12518	100
12519	100
12520	100
12521	100
12522	100
12538	100
12539	100
12540	100
12541	100
12542	100
12543	100
12544	100
12545	100
12546	100
12547	100
12548	100
12549	100
12550	100
12551	100
12552	100
12553	100
12554	100
12555	100
12556	100
12557	100
12558	100
12559	100
12560	100
12561	100
12562	100
12563	100
12564	100
12565	100
12566	100
12567	100
12587	100
12588	100
12589	100
12590	100
12591	100
12592	100
12593	100
12594	100
12595	100
12596	100
12597	100
12598	100
12599	100
12600	100
12601	100
12647	100
12648	100
12649	100
12650	100
12651	100
12652	100
12653	100
12654	100
12655	100
12656	100
12657	100
12658	100
12659	100
12660	100
12661	100
12677	5100
12678	100
12679	100
12680	100
12681	100
12682	100
12683	100
12684	100
12685	100
12686	100
12687	100
12688	100
12689	100
12690	100
12691	100
745	110
17175	10
17176	10
29408	10
8547	0
15019	10
15021	10
15022	10
15023	10
15024	10
15025	10
15026	10
15027	10
15028	10
15029	10
15030	10
15031	10
15033	10
26626	10
26627	10
4598	10
557	210
6675	0
36	30
26712	20
20284	30
21812	100
21992	100
29356	100
5980	0
23392	10
20260	0
9217	10
9246	0
9634	10
9636	10
11476	10
13948	10
13952	10
13953	10
13973	0
20397	10
20399	0
20401	10
22204	10
22211	10
22219	0
22222	10
22258	0
22280	10
22287	10
22299	0
26925	20
25623	5100
21829	10
21873	10
20858	210
8270	10
6041	5110
5529	5100
31315	0
31316	0
31317	0
31318	0
31319	0
25829	20
29656	0
21348	100
22854	10
31008	100
21351	100
21349	100
21350	100
21365	10
18033	20
18034	0
26846	10
26847	0
12337	30
515	10
27425	10
20255	0
29115	20
13027	20
13032	20
13037	20
13042	20
13047	20
12171	10
12371	0
23538	0
2102	10
2222	0
13429	10
13435	0
2093	10
26249	10
8022	0
8023	20
8024	20
26576	0
15757	10
24846	10
25453	0
19357	100
19396	10
19410	0
20432	100
20453	0
20454	100
19358	100
19359	100
20455	0
20456	100
20457	100
11618	0
11619	0
8826	10
7379	5100
7380	5100
8515	0
8516	0
8866	10
8875	10
8880	10
8885	10
27380	10
27381	10
27388	10
6303	0
22982	210
25143	30
29084	10
11872	100
11873	100
11874	100
11875	100
11876	100
11877	100
11878	100
11879	100
11880	100
11881	100
11882	100
11883	100
11884	100
11885	100
11886	100
12846	0
513	10
26212	110
5803	10
7384	10
21370	0
21371	0
21372	0
21373	0
18208	20
15461	100
1029	10
6056	10
7385	10
6697	0
7832	0
7834	0
7835	0
7859	0
23423	0
1301	220
6662	10
8837	10
2364	20
2746	5100
2741	5100
2742	5100
15191	100
16270	100
23021	10
25629	5100
4561	220
23000	10
6028	5110
12375	10
12376	0
14017	210
14018	210
14063	210
14064	210
546	210
5836	0
20775	210
27709	10
27710	10
32280	10
32330	10
3036	10
24795	220
3037	40
963	10
28683	10
25163	40
26758	10
26759	0
6206	5100
24398	30
29324	20
29325	20
29326	0
29327	0
31409	0
17423	0
17447	0
18439	10
18508	10
20696	0
20697	10
22318	0
23640	10
23641	10
23666	10
23667	10
23702	10
23703	10
23704	10
23706	10
23711	10
23717	0
23724	0
23728	0
23758	10
23759	10
23798	10
23799	10
23810	0
23819	10
23887	0
25044	10
26359	0
26371	0
27990	10
28748	10
28756	10
21124	0
21125	0
6953	20
27509	0
6952	20
27508	0
6371	5100
6372	5100
17557	0
17559	0
17561	0
17563	0
17558	0
17560	0
17562	0
17564	0
6954	20
9186	0
29169	0
31075	0
13165	0
13800	0
6367	100
6368	100
15425	10
29217	0
29218	0
29219	0
6365	5100
6366	100
6586	20
29464	0
6363	5100
6364	5100
1007	5100
23164	0
23762	100
31010	100
29308	110
17072	100
17071	100
22572	0
22573	100
17603	110
17600	110
18396	0
29277	110
29278	110
29409	0
29412	100
29625	0
17073	100
29579	20
16683	100
29551	20
17536	100
17537	100
17408	0
17412	0
17418	0
17422	0
17426	0
17576	0
17577	0
17578	0
17588	100
17589	100
17590	100
17608	100
17609	100
17610	100
17611	100
21480	100
21481	100
21482	100
23889	0
23890	0
17533	100
29286	110
29285	110
22570	0
22571	100
16687	100
17529	100
29571	20
17070	100
17553	20
17550	10
29283	110
29284	110
17531	100
30901	100
30902	100
17598	0
17525	100
17604	110
17605	110
20748	0
21489	100
29424	0
29425	10
17591	100
17592	100
17593	100
21483	100
21484	100
21485	100
22492	100
16695	100
17428	0
17594	100
17595	100
17596	100
21486	100
21487	100
21488	100
16691	100
25835	20
3312	10
3308	10
2542	10
2543	0
2544	10
2546	10
2723	0
3117	0
3206	0
3207	10
3208	10
3353	0
3354	0
3355	100
3359	100
3360	10
3361	10
3362	10
3364	0
3365	0
3366	10
3367	10
3368	10
3369	10
3370	10
3371	0
3680	0
3712	10
3714	0
3721	10
3722	0
4322	0
4323	0
4324	0
4326	0
4337	10
4339	10
4340	10
4341	10
4342	10
5857	0
5870	10
6393	10
6395	10
6397	0
6399	10
19375	10
19379	10
19424	0
19425	0
19430	0
22170	0
22171	10
22172	20
22173	20
22174	20
22175	10
22201	0
22202	30
22203	10
22279	10
22286	10
22298	0
22819	10
22820	10
25889	0
26290	10
26997	30
27681	10
28039	10
30396	10
30299	1030
16122	0
16123	0
16130	0
16132	0
19370	20
19371	10
19372	10
19422	0
19426	0
19432	0
26294	10
27693	10
28447	10
7644	100
7645	100
7646	100
7647	100
7648	100
7649	100
7650	100
7651	100
7652	0
7653	0
9079	10
13943	0
19166	10
19167	10
19172	10
19173	10
19174	20
19175	20
19177	10
19178	10
19179	10
19180	10
19181	10
19182	10
19183	10
19184	10
19185	10
19186	10
19187	10
19188	10
19189	10
19190	10
19191	10
19192	10
19193	10
19194	10
19195	10
19196	10
19197	10
19198	10
19199	10
19200	10
19201	10
19202	10
19203	10
19204	10
19205	10
19206	10
19207	10
19208	10
19209	10
19210	10
19211	10
19212	10
19213	10
19214	10
19215	10
19216	10
19217	10
19218	10
19267	0
19270	0
19271	0
19272	0
19273	0
21553	10
21554	10
21560	0
22528	0
23637	10
23638	10
23680	10
23691	0
23692	0
23701	10
23705	10
23715	0
23736	0
23824	10
23825	10
27264	0
27358	10
27654	0
27696	10
27920	0
27921	0
19437	20
27080	10
27081	0
2059	10
14733	10
14745	10
1528	20
23647	10
26824	10
541	210
26619	10
31155	10
31221	10
32673	0
32688	10
22710	10
31088	210
31089	0
8146	0
8148	0
14270	0
14271	100
14337	0
14338	0
15354	0
16917	0
17007	100
17008	100
17262	0
17263	100
17711	0
18452	0
18486	10
18582	10
18586	10
19253	10
19257	10
19336	10
19347	10
20428	100
20686	10
20690	10
20691	0
20738	0
20906	100
20907	0
23630	10
23672	10
23694	0
23712	0
23739	0
28563	10
29404	10
29728	0
29743	0
29744	0
30041	0
30087	0
30586	0
30692	100
30906	10
31011	100
31228	10
31229	10
31485	10
31496	10
20730	100
589	210
2960	0
11571	10
11577	10
11578	100
11579	100
11580	100
11581	10
11582	0
11599	0
11613	0
11614	0
11615	0
11616	0
11617	0
11628	10
14572	0
14573	100
14574	100
14575	100
17294	100
27548	10
29757	10
5797	10
18327	0
18341	0
27496	20
27497	0
27498	20
27499	0
27500	20
27501	0
27502	20
27503	0
27504	20
27505	0
28484	20
28485	0
22981	210
32278	10
32329	10
8526	30
8533	0
8534	0
8592	30
8610	110
8613	10
14754	10
22205	10
29817	10
30706	10
30713	10
25855	20
24366	40
25492	20
26271	10
27070	40
27284	20
25351	100
25352	0
25353	0
25358	0
2044	5100
2045	5100
2046	5100
2047	5100
2048	5100
2049	5100
2051	5100
2052	5100
2053	5100
2054	5100
2055	5100
14199	100
14200	100
14201	100
6044	5110
24190	0
24191	0
20253	0
73	5100
74	5100
75	5100
76	5100
1826	110
2714	0
3622	100
4392	5100
4393	5100
4394	5100
4938	100
4939	100
5293	5100
5294	5100
5295	5100
5296	5100
5297	5100
5298	5100
5299	5100
5300	5100
5301	5100
5302	5100
5303	5100
5304	5100
5305	5100
5306	5100
5307	5100
5308	5100
5309	5100
5310	5100
5311	5100
5312	5100
5313	5100
5314	5100
5315	5100
5316	5100
5317	5100
5318	5100
5319	5100
5320	5100
5321	5100
5322	5100
5323	5100
5324	5100
5325	5100
5326	5100
5327	5100
5328	5100
5329	5100
5330	5100
5331	5100
5375	5100
5376	5100
5377	5100
5378	5100
5379	5100
5380	5100
5393	5100
5394	100
5395	100
5396	100
5397	100
5398	100
5399	100
5400	100
5401	100
5402	100
5403	100
5404	5100
5405	100
5406	100
5407	100
5408	100
5409	100
5410	100
6099	5100
6100	5100
6131	0
7789	100
7790	100
7791	100
7792	100
8142	0
8143	0
8144	0
8145	0
10364	110
10365	110
10366	5110
10367	110
10368	110
10369	110
10370	110
10371	110
10372	110
10373	110
10374	110
10375	110
10376	110
10377	110
10378	5110
10379	110
10380	110
10381	110
10382	110
10383	110
10384	110
10385	110
12372	100
14196	100
14197	100
14198	100
14204	100
14205	100
14206	100
15344	0
15393	100
16749	100
16750	100
16751	100
16752	100
16753	100
16754	100
16755	100
16756	100
16757	100
16758	100
17013	0
18594	100
18595	100
18598	100
18599	100
18600	100
18601	100
18958	10
18971	10
20897	100
20898	100
20899	100
20900	100
20901	100
20902	100
20903	100
20904	100
20912	110
20913	110
20914	110
20915	110
20916	110
20917	110
20918	110
20919	110
20920	110
20921	110
20922	110
20923	110
23046	100
23047	100
23048	100
23049	100
23050	100
23051	100
23052	100
23053	100
24145	100
26162	5110
26163	5110
26164	5110
26165	5110
26166	5110
26167	110
26168	110
26169	110
30379	0
30380	0
30381	0
30382	0
31131	0
31132	0
31133	0
31305	20
30303	1030
30304	1030
25320	100
3066	5100
18597	100
20891	100
20928	100
23525	10
13101	40
7641	5100
2868	20
6713	10
6723	10
6724	10
6725	10
6726	10
6727	10
6728	10
6729	10
6730	10
6998	10
6999	10
7369	10
8112	10
8113	10
8232	10
8237	10
8429	10
8445	10
8448	10
8463	10
8725	10
13446	10
13488	10
13489	10
13490	10
13491	10
13492	10
13493	10
13494	10
13495	10
13496	10
13497	10
13498	10
13499	10
13500	10
13501	10
13502	10
13503	10
13504	10
13505	10
13506	10
13507	10
13508	10
13509	10
13510	10
13511	10
13512	10
13513	10
13514	10
13515	10
13516	10
13517	10
13518	10
13519	10
13520	10
13521	10
13522	10
13523	10
13524	10
13525	10
13526	10
13527	10
13528	10
13529	10
13530	10
13531	10
13532	10
13533	10
13534	10
13535	10
13536	10
13537	10
13538	10
13539	10
13540	10
13541	10
13542	10
13543	10
13544	10
13545	10
13546	10
13547	10
13548	10
13549	10
13550	10
13551	10
13552	10
13553	10
13554	10
13555	10
13556	10
13557	10
13558	10
13559	10
13560	10
13561	10
13562	10
13563	10
13564	10
13565	10
13566	10
13567	10
13568	10
13569	10
13570	10
13571	10
13572	10
13573	10
13574	10
13575	10
23516	0
25319	10
7902	10
7905	10
31307	10
30531	110
30652	100
30667	100
30681	100
5623	10
5624	10
5625	10
5626	10
6691	0
15504	100
5629	5100
5630	5100
5631	5100
5632	5100
5633	5100
5634	5100
5635	5100
5636	5100
5637	5100
5638	5100
5639	5100
5640	5100
5641	5100
5642	5100
5643	5100
5644	5100
5645	5100
5646	5100
5647	5100
5648	5100
5649	5100
5650	5100
5651	5100
5652	5100
5653	5100
5654	5100
5655	5100
5656	5100
5657	5100
5658	5100
5659	5100
5660	5100
5661	5100
5662	5100
5663	5100
5664	5100
5665	5100
14213	5100
14214	5100
14215	5100
14216	5100
25291	100
25292	100
25293	100
25294	100
25295	100
25296	100
25321	100
25322	100
25323	100
25413	10
4351	10
4353	10
4354	10
4356	10
4357	10
6680	0
25290	10
6088	5100
6089	5100
6090	5100
23361	10
25297	120
25298	120
25299	120
25300	120
25301	120
25302	120
30528	110
30529	110
30590	0
30591	0
30649	100
30650	100
30678	100
30679	100
3466	10
25330	0
25331	0
30190	10
30191	30
30192	30
31312	0
32272	10
32308	10
32309	10
32310	10
32326	10
28	10
7570	10
7571	10
1425	10
1426	10
32288	10
32334	10
27193	0
23527	10
22343	30
23414	100
23415	100
23416	100
23417	100
23425	100
23424	100
28974	0
28975	0
28976	0
28977	0
25833	20
24148	0
