# Generated by tools/build_gameval_lookup_950.py; do not edit. Source OpenRS2 2670 (949); target 2691 (950.1).
# Read-only lookup, not a runtime binding API. Evidence and live hash validation are mandatory.
component	517:9	bank:active_inv_highlight	3	517	-1	52a9ba405049ffcb4f1430a9c55ca2f6e2737050107a7fe17e70296d97b7e791	Whole interface group identical to 949 source	15be4d3bd9999c65fae9e110059d996fd9bdcf51e54d4b777c525b59e3f19915
component	517:0	bank:all	3	517	-1	52a9ba405049ffcb4f1430a9c55ca2f6e2737050107a7fe17e70296d97b7e791	Whole interface group identical to 949 source	15be4d3bd9999c65fae9e110059d996fd9bdcf51e54d4b777c525b59e3f19915
component	517:166	bank:all_tab_btn	3	517	-1	52a9ba405049ffcb4f1430a9c55ca2f6e2737050107a7fe17e70296d97b7e791	Whole interface group identical to 949 source	15be4d3bd9999c65fae9e110059d996fd9bdcf51e54d4b777c525b59e3f19915
component	517:167	bank:all_tab_icon	3	517	-1	52a9ba405049ffcb4f1430a9c55ca2f6e2737050107a7fe17e70296d97b7e791	Whole interface group identical to 949 source	15be4d3bd9999c65fae9e110059d996fd9bdcf51e54d4b777c525b59e3f19915
component	517:1	bank:background_layer	3	517	-1	52a9ba405049ffcb4f1430a9c55ca2f6e2737050107a7fe17e70296d97b7e791	Whole interface group identical to 949 source	15be4d3bd9999c65fae9e110059d996fd9bdcf51e54d4b777c525b59e3f19915
component	517:45	bank:bank_bob_button	3	517	-1	52a9ba405049ffcb4f1430a9c55ca2f6e2737050107a7fe17e70296d97b7e791	Whole interface group identical to 949 source	15be4d3bd9999c65fae9e110059d996fd9bdcf51e54d4b777c525b59e3f19915
component	517:44	bank:bank_bob_button_layer	3	517	-1	52a9ba405049ffcb4f1430a9c55ca2f6e2737050107a7fe17e70296d97b7e791	Whole interface group identical to 949 source	15be4d3bd9999c65fae9e110059d996fd9bdcf51e54d4b777c525b59e3f19915
component	517:46	bank:bank_bob_icon	3	517	-1	52a9ba405049ffcb4f1430a9c55ca2f6e2737050107a7fe17e70296d97b7e791	Whole interface group identical to 949 source	15be4d3bd9999c65fae9e110059d996fd9bdcf51e54d4b777c525b59e3f19915
component	517:66	bank:bank_button_panel	3	517	-1	52a9ba405049ffcb4f1430a9c55ca2f6e2737050107a7fe17e70296d97b7e791	Whole interface group identical to 949 source	15be4d3bd9999c65fae9e110059d996fd9bdcf51e54d4b777c525b59e3f19915
component	517:127	bank:bank_cert_button	3	517	-1	52a9ba405049ffcb4f1430a9c55ca2f6e2737050107a7fe17e70296d97b7e791	Whole interface group identical to 949 source	15be4d3bd9999c65fae9e110059d996fd9bdcf51e54d4b777c525b59e3f19915
component	517:126	bank:bank_cert_button_layer	3	517	-1	52a9ba405049ffcb4f1430a9c55ca2f6e2737050107a7fe17e70296d97b7e791	Whole interface group identical to 949 source	15be4d3bd9999c65fae9e110059d996fd9bdcf51e54d4b777c525b59e3f19915
component	517:128	bank:bank_cert_icon	3	517	-1	52a9ba405049ffcb4f1430a9c55ca2f6e2737050107a7fe17e70296d97b7e791	Whole interface group identical to 949 source	15be4d3bd9999c65fae9e110059d996fd9bdcf51e54d4b777c525b59e3f19915
component	517:155	bank:bank_display_panel	3	517	-1	52a9ba405049ffcb4f1430a9c55ca2f6e2737050107a7fe17e70296d97b7e791	Whole interface group identical to 949 source	15be4d3bd9999c65fae9e110059d996fd9bdcf51e54d4b777c525b59e3f19915
component	517:201	bank:bank_inv	3	517	-1	52a9ba405049ffcb4f1430a9c55ca2f6e2737050107a7fe17e70296d97b7e791	Whole interface group identical to 949 source	15be4d3bd9999c65fae9e110059d996fd9bdcf51e54d4b777c525b59e3f19915
component	517:39	bank:bank_inv_button	3	517	-1	52a9ba405049ffcb4f1430a9c55ca2f6e2737050107a7fe17e70296d97b7e791	Whole interface group identical to 949 source	15be4d3bd9999c65fae9e110059d996fd9bdcf51e54d4b777c525b59e3f19915
component	517:38	bank:bank_inv_button_layer	3	517	-1	52a9ba405049ffcb4f1430a9c55ca2f6e2737050107a7fe17e70296d97b7e791	Whole interface group identical to 949 source	15be4d3bd9999c65fae9e110059d996fd9bdcf51e54d4b777c525b59e3f19915
component	517:40	bank:bank_inv_icon	3	517	-1	52a9ba405049ffcb4f1430a9c55ca2f6e2737050107a7fe17e70296d97b7e791	Whole interface group identical to 949 source	15be4d3bd9999c65fae9e110059d996fd9bdcf51e54d4b777c525b59e3f19915
component	517:217	bank:bank_inv_insert	3	517	-1	52a9ba405049ffcb4f1430a9c55ca2f6e2737050107a7fe17e70296d97b7e791	Whole interface group identical to 949 source	15be4d3bd9999c65fae9e110059d996fd9bdcf51e54d4b777c525b59e3f19915
component	517:194	bank:bank_items_bg	3	517	-1	52a9ba405049ffcb4f1430a9c55ca2f6e2737050107a7fe17e70296d97b7e791	Whole interface group identical to 949 source	15be4d3bd9999c65fae9e110059d996fd9bdcf51e54d4b777c525b59e3f19915
component	517:199	bank:bank_items_container	3	517	-1	52a9ba405049ffcb4f1430a9c55ca2f6e2737050107a7fe17e70296d97b7e791	Whole interface group identical to 949 source	15be4d3bd9999c65fae9e110059d996fd9bdcf51e54d4b777c525b59e3f19915
component	517:157	bank:bank_items_layer	3	517	-1	52a9ba405049ffcb4f1430a9c55ca2f6e2737050107a7fe17e70296d97b7e791	Whole interface group identical to 949 source	15be4d3bd9999c65fae9e110059d996fd9bdcf51e54d4b777c525b59e3f19915
component	517:48	bank:bank_pouch_button	3	517	-1	52a9ba405049ffcb4f1430a9c55ca2f6e2737050107a7fe17e70296d97b7e791	Whole interface group identical to 949 source	15be4d3bd9999c65fae9e110059d996fd9bdcf51e54d4b777c525b59e3f19915
component	517:47	bank:bank_pouch_button_layer	3	517	-1	52a9ba405049ffcb4f1430a9c55ca2f6e2737050107a7fe17e70296d97b7e791	Whole interface group identical to 949 source	15be4d3bd9999c65fae9e110059d996fd9bdcf51e54d4b777c525b59e3f19915
component	517:49	bank:bank_pouch_icon	3	517	-1	52a9ba405049ffcb4f1430a9c55ca2f6e2737050107a7fe17e70296d97b7e791	Whole interface group identical to 949 source	15be4d3bd9999c65fae9e110059d996fd9bdcf51e54d4b777c525b59e3f19915
component	517:156	bank:bank_rebuild_delay	3	517	-1	52a9ba405049ffcb4f1430a9c55ca2f6e2737050107a7fe17e70296d97b7e791	Whole interface group identical to 949 source	15be4d3bd9999c65fae9e110059d996fd9bdcf51e54d4b777c525b59e3f19915
component	517:231	bank:bank_search_button_layer	3	517	-1	52a9ba405049ffcb4f1430a9c55ca2f6e2737050107a7fe17e70296d97b7e791	Whole interface group identical to 949 source	15be4d3bd9999c65fae9e110059d996fd9bdcf51e54d4b777c525b59e3f19915
component	517:245	bank:bank_space	3	517	-1	52a9ba405049ffcb4f1430a9c55ca2f6e2737050107a7fe17e70296d97b7e791	Whole interface group identical to 949 source	15be4d3bd9999c65fae9e110059d996fd9bdcf51e54d4b777c525b59e3f19915
component	517:246	bank:bank_space_bg	3	517	-1	52a9ba405049ffcb4f1430a9c55ca2f6e2737050107a7fe17e70296d97b7e791	Whole interface group identical to 949 source	15be4d3bd9999c65fae9e110059d996fd9bdcf51e54d4b777c525b59e3f19915
component	517:248	bank:bank_space_current	3	517	-1	52a9ba405049ffcb4f1430a9c55ca2f6e2737050107a7fe17e70296d97b7e791	Whole interface group identical to 949 source	15be4d3bd9999c65fae9e110059d996fd9bdcf51e54d4b777c525b59e3f19915
component	517:244	bank:bank_space_layer	3	517	-1	52a9ba405049ffcb4f1430a9c55ca2f6e2737050107a7fe17e70296d97b7e791	Whole interface group identical to 949 source	15be4d3bd9999c65fae9e110059d996fd9bdcf51e54d4b777c525b59e3f19915
component	517:249	bank:bank_space_total	3	517	-1	52a9ba405049ffcb4f1430a9c55ca2f6e2737050107a7fe17e70296d97b7e791	Whole interface group identical to 949 source	15be4d3bd9999c65fae9e110059d996fd9bdcf51e54d4b777c525b59e3f19915
component	517:173	bank:bank_tab_move_highlight_between_tabs_shift_down	3	517	-1	52a9ba405049ffcb4f1430a9c55ca2f6e2737050107a7fe17e70296d97b7e791	Whole interface group identical to 949 source	15be4d3bd9999c65fae9e110059d996fd9bdcf51e54d4b777c525b59e3f19915
component	517:188	bank:bank_tab_move_highlight_between_tabs_shift_left	3	517	-1	52a9ba405049ffcb4f1430a9c55ca2f6e2737050107a7fe17e70296d97b7e791	Whole interface group identical to 949 source	15be4d3bd9999c65fae9e110059d996fd9bdcf51e54d4b777c525b59e3f19915
component	517:184	bank:bank_tab_move_highlight_between_tabs_shift_right	3	517	-1	52a9ba405049ffcb4f1430a9c55ca2f6e2737050107a7fe17e70296d97b7e791	Whole interface group identical to 949 source	15be4d3bd9999c65fae9e110059d996fd9bdcf51e54d4b777c525b59e3f19915
component	517:177	bank:bank_tab_move_highlight_between_tabs_shift_up	3	517	-1	52a9ba405049ffcb4f1430a9c55ca2f6e2737050107a7fe17e70296d97b7e791	Whole interface group identical to 949 source	15be4d3bd9999c65fae9e110059d996fd9bdcf51e54d4b777c525b59e3f19915
component	517:183	bank:bank_tab_move_highlight_horizontal	3	517	-1	52a9ba405049ffcb4f1430a9c55ca2f6e2737050107a7fe17e70296d97b7e791	Whole interface group identical to 949 source	15be4d3bd9999c65fae9e110059d996fd9bdcf51e54d4b777c525b59e3f19915
component	517:192	bank:bank_tab_move_highlight_on_tab_horizontal	3	517	-1	52a9ba405049ffcb4f1430a9c55ca2f6e2737050107a7fe17e70296d97b7e791	Whole interface group identical to 949 source	15be4d3bd9999c65fae9e110059d996fd9bdcf51e54d4b777c525b59e3f19915
component	517:181	bank:bank_tab_move_highlight_on_tab_vertical	3	517	-1	52a9ba405049ffcb4f1430a9c55ca2f6e2737050107a7fe17e70296d97b7e791	Whole interface group identical to 949 source	15be4d3bd9999c65fae9e110059d996fd9bdcf51e54d4b777c525b59e3f19915
component	517:172	bank:bank_tab_move_highlight_vertical	3	517	-1	52a9ba405049ffcb4f1430a9c55ca2f6e2737050107a7fe17e70296d97b7e791	Whole interface group identical to 949 source	15be4d3bd9999c65fae9e110059d996fd9bdcf51e54d4b777c525b59e3f19915
component	517:42	bank:bank_worn_button	3	517	-1	52a9ba405049ffcb4f1430a9c55ca2f6e2737050107a7fe17e70296d97b7e791	Whole interface group identical to 949 source	15be4d3bd9999c65fae9e110059d996fd9bdcf51e54d4b777c525b59e3f19915
component	517:41	bank:bank_worn_button_layer	3	517	-1	52a9ba405049ffcb4f1430a9c55ca2f6e2737050107a7fe17e70296d97b7e791	Whole interface group identical to 949 source	15be4d3bd9999c65fae9e110059d996fd9bdcf51e54d4b777c525b59e3f19915
component	517:43	bank:bank_worn_icon	3	517	-1	52a9ba405049ffcb4f1430a9c55ca2f6e2737050107a7fe17e70296d97b7e791	Whole interface group identical to 949 source	15be4d3bd9999c65fae9e110059d996fd9bdcf51e54d4b777c525b59e3f19915
component	517:134	bank:bankpin	3	517	-1	52a9ba405049ffcb4f1430a9c55ca2f6e2737050107a7fe17e70296d97b7e791	Whole interface group identical to 949 source	15be4d3bd9999c65fae9e110059d996fd9bdcf51e54d4b777c525b59e3f19915
component	517:135	bank:bankpin_icon	3	517	-1	52a9ba405049ffcb4f1430a9c55ca2f6e2737050107a7fe17e70296d97b7e791	Whole interface group identical to 949 source	15be4d3bd9999c65fae9e110059d996fd9bdcf51e54d4b777c525b59e3f19915
component	517:133	bank:bankpin_layer	3	517	-1	52a9ba405049ffcb4f1430a9c55ca2f6e2737050107a7fe17e70296d97b7e791	Whole interface group identical to 949 source	15be4d3bd9999c65fae9e110059d996fd9bdcf51e54d4b777c525b59e3f19915
component	517:8	bank:bankside_content	3	517	-1	52a9ba405049ffcb4f1430a9c55ca2f6e2737050107a7fe17e70296d97b7e791	Whole interface group identical to 949 source	15be4d3bd9999c65fae9e110059d996fd9bdcf51e54d4b777c525b59e3f19915
component	517:57	bank:bankside_inv_icon	3	517	-1	52a9ba405049ffcb4f1430a9c55ca2f6e2737050107a7fe17e70296d97b7e791	Whole interface group identical to 949 source	15be4d3bd9999c65fae9e110059d996fd9bdcf51e54d4b777c525b59e3f19915
component	517:61	bank:bankside_worn_icon	3	517	-1	52a9ba405049ffcb4f1430a9c55ca2f6e2737050107a7fe17e70296d97b7e791	Whole interface group identical to 949 source	15be4d3bd9999c65fae9e110059d996fd9bdcf51e54d4b777c525b59e3f19915
component	517:35	bank:bob_click	3	517	-1	52a9ba405049ffcb4f1430a9c55ca2f6e2737050107a7fe17e70296d97b7e791	Whole interface group identical to 949 source	15be4d3bd9999c65fae9e110059d996fd9bdcf51e54d4b777c525b59e3f19915
component	517:31	bank:bob_container	3	517	-1	52a9ba405049ffcb4f1430a9c55ca2f6e2737050107a7fe17e70296d97b7e791	Whole interface group identical to 949 source	15be4d3bd9999c65fae9e110059d996fd9bdcf51e54d4b777c525b59e3f19915
component	517:36	bank:bob_scrollbar	3	517	-1	52a9ba405049ffcb4f1430a9c55ca2f6e2737050107a7fe17e70296d97b7e791	Whole interface group identical to 949 source	15be4d3bd9999c65fae9e110059d996fd9bdcf51e54d4b777c525b59e3f19915
component	517:33	bank:bob_scrolling	3	517	-1	52a9ba405049ffcb4f1430a9c55ca2f6e2737050107a7fe17e70296d97b7e791	Whole interface group identical to 949 source	15be4d3bd9999c65fae9e110059d996fd9bdcf51e54d4b777c525b59e3f19915
component	517:65	bank:bob_side_tab_icon	3	517	-1	52a9ba405049ffcb4f1430a9c55ca2f6e2737050107a7fe17e70296d97b7e791	Whole interface group identical to 949 source	15be4d3bd9999c65fae9e110059d996fd9bdcf51e54d4b777c525b59e3f19915
component	517:34	bank:bob_slots	3	517	-1	52a9ba405049ffcb4f1430a9c55ca2f6e2737050107a7fe17e70296d97b7e791	Whole interface group identical to 949 source	15be4d3bd9999c65fae9e110059d996fd9bdcf51e54d4b777c525b59e3f19915
component	517:63	bank:bob_tab_build	3	517	-1	52a9ba405049ffcb4f1430a9c55ca2f6e2737050107a7fe17e70296d97b7e791	Whole interface group identical to 949 source	15be4d3bd9999c65fae9e110059d996fd9bdcf51e54d4b777c525b59e3f19915
component	517:64	bank:bob_tab_click	3	517	-1	52a9ba405049ffcb4f1430a9c55ca2f6e2737050107a7fe17e70296d97b7e791	Whole interface group identical to 949 source	15be4d3bd9999c65fae9e110059d996fd9bdcf51e54d4b777c525b59e3f19915
component	517:62	bank:bob_tab_layer	3	517	-1	52a9ba405049ffcb4f1430a9c55ca2f6e2737050107a7fe17e70296d97b7e791	Whole interface group identical to 949 source	15be4d3bd9999c65fae9e110059d996fd9bdcf51e54d4b777c525b59e3f19915
component	517:311	bank:border_layer	3	517	-1	52a9ba405049ffcb4f1430a9c55ca2f6e2737050107a7fe17e70296d97b7e791	Whole interface group identical to 949 source	15be4d3bd9999c65fae9e110059d996fd9bdcf51e54d4b777c525b59e3f19915
component	517:229	bank:bottom_panel	3	517	-1	52a9ba405049ffcb4f1430a9c55ca2f6e2737050107a7fe17e70296d97b7e791	Whole interface group identical to 949 source	15be4d3bd9999c65fae9e110059d996fd9bdcf51e54d4b777c525b59e3f19915
component	517:257	bank:bottom_panel_cancel	3	517	-1	52a9ba405049ffcb4f1430a9c55ca2f6e2737050107a7fe17e70296d97b7e791	Whole interface group identical to 949 source	15be4d3bd9999c65fae9e110059d996fd9bdcf51e54d4b777c525b59e3f19915
component	517:258	bank:bottom_panel_cancel_bg	3	517	-1	52a9ba405049ffcb4f1430a9c55ca2f6e2737050107a7fe17e70296d97b7e791	Whole interface group identical to 949 source	15be4d3bd9999c65fae9e110059d996fd9bdcf51e54d4b777c525b59e3f19915
component	517:259	bank:bottom_panel_cancel_button	3	517	-1	52a9ba405049ffcb4f1430a9c55ca2f6e2737050107a7fe17e70296d97b7e791	Whole interface group identical to 949 source	15be4d3bd9999c65fae9e110059d996fd9bdcf51e54d4b777c525b59e3f19915
component	517:230	bank:bottom_panel_contents	3	517	-1	52a9ba405049ffcb4f1430a9c55ca2f6e2737050107a7fe17e70296d97b7e791	Whole interface group identical to 949 source	15be4d3bd9999c65fae9e110059d996fd9bdcf51e54d4b777c525b59e3f19915
component	517:88	bank:button_panel_bg	3	517	-1	52a9ba405049ffcb4f1430a9c55ca2f6e2737050107a7fe17e70296d97b7e791	Whole interface group identical to 949 source	15be4d3bd9999c65fae9e110059d996fd9bdcf51e54d4b777c525b59e3f19915
component	517:89	bank:button_panel_bg_untabbed	3	517	-1	52a9ba405049ffcb4f1430a9c55ca2f6e2737050107a7fe17e70296d97b7e791	Whole interface group identical to 949 source	15be4d3bd9999c65fae9e110059d996fd9bdcf51e54d4b777c525b59e3f19915
component	517:90	bank:button_panel_contents	3	517	-1	52a9ba405049ffcb4f1430a9c55ca2f6e2737050107a7fe17e70296d97b7e791	Whole interface group identical to 949 source	15be4d3bd9999c65fae9e110059d996fd9bdcf51e54d4b777c525b59e3f19915
component	517:87	bank:button_panel_inner	3	517	-1	52a9ba405049ffcb4f1430a9c55ca2f6e2737050107a7fe17e70296d97b7e791	Whole interface group identical to 949 source	15be4d3bd9999c65fae9e110059d996fd9bdcf51e54d4b777c525b59e3f19915
component	517:70	bank:button_panel_inner_preset	3	517	-1	52a9ba405049ffcb4f1430a9c55ca2f6e2737050107a7fe17e70296d97b7e791	Whole interface group identical to 949 source	15be4d3bd9999c65fae9e110059d996fd9bdcf51e54d4b777c525b59e3f19915
component	517:72	bank:button_panel_inner_presets_content	3	517	-1	52a9ba405049ffcb4f1430a9c55ca2f6e2737050107a7fe17e70296d97b7e791	Whole interface group identical to 949 source	15be4d3bd9999c65fae9e110059d996fd9bdcf51e54d4b777c525b59e3f19915
component	517:71	bank:button_panel_presets_bg	3	517	-1	52a9ba405049ffcb4f1430a9c55ca2f6e2737050107a7fe17e70296d97b7e791	Whole interface group identical to 949 source	15be4d3bd9999c65fae9e110059d996fd9bdcf51e54d4b777c525b59e3f19915
component	517:151	bank:button_panel_tabs	3	517	-1	52a9ba405049ffcb4f1430a9c55ca2f6e2737050107a7fe17e70296d97b7e791	Whole interface group identical to 949 source	15be4d3bd9999c65fae9e110059d996fd9bdcf51e54d4b777c525b59e3f19915
component	517:251	bank:buy_booster_bg	3	517	-1	52a9ba405049ffcb4f1430a9c55ca2f6e2737050107a7fe17e70296d97b7e791	Whole interface group identical to 949 source	15be4d3bd9999c65fae9e110059d996fd9bdcf51e54d4b777c525b59e3f19915
component	517:250	bank:buy_booster_button	3	517	-1	52a9ba405049ffcb4f1430a9c55ca2f6e2737050107a7fe17e70296d97b7e791	Whole interface group identical to 949 source	15be4d3bd9999c65fae9e110059d996fd9bdcf51e54d4b777c525b59e3f19915
component	517:253	bank:buy_booster_button_highlight_layer	3	517	-1	52a9ba405049ffcb4f1430a9c55ca2f6e2737050107a7fe17e70296d97b7e791	Whole interface group identical to 949 source	15be4d3bd9999c65fae9e110059d996fd9bdcf51e54d4b777c525b59e3f19915
component	517:252	bank:buy_booster_icon	3	517	-1	52a9ba405049ffcb4f1430a9c55ca2f6e2737050107a7fe17e70296d97b7e791	Whole interface group identical to 949 source	15be4d3bd9999c65fae9e110059d996fd9bdcf51e54d4b777c525b59e3f19915
component	517:329	bank:cancel_drop_button	3	517	-1	52a9ba405049ffcb4f1430a9c55ca2f6e2737050107a7fe17e70296d97b7e791	Whole interface group identical to 949 source	15be4d3bd9999c65fae9e110059d996fd9bdcf51e54d4b777c525b59e3f19915
component	517:339	bank:cancel_withdraw_button	3	517	-1	52a9ba405049ffcb4f1430a9c55ca2f6e2737050107a7fe17e70296d97b7e791	Whole interface group identical to 949 source	15be4d3bd9999c65fae9e110059d996fd9bdcf51e54d4b777c525b59e3f19915
component	517:317	bank:close_button_layer	3	517	-1	52a9ba405049ffcb4f1430a9c55ca2f6e2737050107a7fe17e70296d97b7e791	Whole interface group identical to 949 source	15be4d3bd9999c65fae9e110059d996fd9bdcf51e54d4b777c525b59e3f19915
component	517:18	bank:coin_value	3	517	-1	52a9ba405049ffcb4f1430a9c55ca2f6e2737050107a7fe17e70296d97b7e791	Whole interface group identical to 949 source	15be4d3bd9999c65fae9e110059d996fd9bdcf51e54d4b777c525b59e3f19915
component	517:10	bank:com_10	3	517	-1	52a9ba405049ffcb4f1430a9c55ca2f6e2737050107a7fe17e70296d97b7e791	Whole interface group identical to 949 source	15be4d3bd9999c65fae9e110059d996fd9bdcf51e54d4b777c525b59e3f19915
component	517:101	bank:com_101	3	517	-1	52a9ba405049ffcb4f1430a9c55ca2f6e2737050107a7fe17e70296d97b7e791	Whole interface group identical to 949 source	15be4d3bd9999c65fae9e110059d996fd9bdcf51e54d4b777c525b59e3f19915
component	517:104	bank:com_104	3	517	-1	52a9ba405049ffcb4f1430a9c55ca2f6e2737050107a7fe17e70296d97b7e791	Whole interface group identical to 949 source	15be4d3bd9999c65fae9e110059d996fd9bdcf51e54d4b777c525b59e3f19915
component	517:108	bank:com_108	3	517	-1	52a9ba405049ffcb4f1430a9c55ca2f6e2737050107a7fe17e70296d97b7e791	Whole interface group identical to 949 source	15be4d3bd9999c65fae9e110059d996fd9bdcf51e54d4b777c525b59e3f19915
component	517:138	bank:com_138	3	517	-1	52a9ba405049ffcb4f1430a9c55ca2f6e2737050107a7fe17e70296d97b7e791	Whole interface group identical to 949 source	15be4d3bd9999c65fae9e110059d996fd9bdcf51e54d4b777c525b59e3f19915
component	517:174	bank:com_174	3	517	-1	52a9ba405049ffcb4f1430a9c55ca2f6e2737050107a7fe17e70296d97b7e791	Whole interface group identical to 949 source	15be4d3bd9999c65fae9e110059d996fd9bdcf51e54d4b777c525b59e3f19915
component	517:175	bank:com_175	3	517	-1	52a9ba405049ffcb4f1430a9c55ca2f6e2737050107a7fe17e70296d97b7e791	Whole interface group identical to 949 source	15be4d3bd9999c65fae9e110059d996fd9bdcf51e54d4b777c525b59e3f19915
component	517:176	bank:com_176	3	517	-1	52a9ba405049ffcb4f1430a9c55ca2f6e2737050107a7fe17e70296d97b7e791	Whole interface group identical to 949 source	15be4d3bd9999c65fae9e110059d996fd9bdcf51e54d4b777c525b59e3f19915
component	517:178	bank:com_178	3	517	-1	52a9ba405049ffcb4f1430a9c55ca2f6e2737050107a7fe17e70296d97b7e791	Whole interface group identical to 949 source	15be4d3bd9999c65fae9e110059d996fd9bdcf51e54d4b777c525b59e3f19915
component	517:179	bank:com_179	3	517	-1	52a9ba405049ffcb4f1430a9c55ca2f6e2737050107a7fe17e70296d97b7e791	Whole interface group identical to 949 source	15be4d3bd9999c65fae9e110059d996fd9bdcf51e54d4b777c525b59e3f19915
component	517:180	bank:com_180	3	517	-1	52a9ba405049ffcb4f1430a9c55ca2f6e2737050107a7fe17e70296d97b7e791	Whole interface group identical to 949 source	15be4d3bd9999c65fae9e110059d996fd9bdcf51e54d4b777c525b59e3f19915
component	517:182	bank:com_182	3	517	-1	52a9ba405049ffcb4f1430a9c55ca2f6e2737050107a7fe17e70296d97b7e791	Whole interface group identical to 949 source	15be4d3bd9999c65fae9e110059d996fd9bdcf51e54d4b777c525b59e3f19915
component	517:185	bank:com_185	3	517	-1	52a9ba405049ffcb4f1430a9c55ca2f6e2737050107a7fe17e70296d97b7e791	Whole interface group identical to 949 source	15be4d3bd9999c65fae9e110059d996fd9bdcf51e54d4b777c525b59e3f19915
component	517:186	bank:com_186	3	517	-1	52a9ba405049ffcb4f1430a9c55ca2f6e2737050107a7fe17e70296d97b7e791	Whole interface group identical to 949 source	15be4d3bd9999c65fae9e110059d996fd9bdcf51e54d4b777c525b59e3f19915
component	517:187	bank:com_187	3	517	-1	52a9ba405049ffcb4f1430a9c55ca2f6e2737050107a7fe17e70296d97b7e791	Whole interface group identical to 949 source	15be4d3bd9999c65fae9e110059d996fd9bdcf51e54d4b777c525b59e3f19915
component	517:189	bank:com_189	3	517	-1	52a9ba405049ffcb4f1430a9c55ca2f6e2737050107a7fe17e70296d97b7e791	Whole interface group identical to 949 source	15be4d3bd9999c65fae9e110059d996fd9bdcf51e54d4b777c525b59e3f19915
component	517:190	bank:com_190	3	517	-1	52a9ba405049ffcb4f1430a9c55ca2f6e2737050107a7fe17e70296d97b7e791	Whole interface group identical to 949 source	15be4d3bd9999c65fae9e110059d996fd9bdcf51e54d4b777c525b59e3f19915
component	517:191	bank:com_191	3	517	-1	52a9ba405049ffcb4f1430a9c55ca2f6e2737050107a7fe17e70296d97b7e791	Whole interface group identical to 949 source	15be4d3bd9999c65fae9e110059d996fd9bdcf51e54d4b777c525b59e3f19915
component	517:193	bank:com_193	3	517	-1	52a9ba405049ffcb4f1430a9c55ca2f6e2737050107a7fe17e70296d97b7e791	Whole interface group identical to 949 source	15be4d3bd9999c65fae9e110059d996fd9bdcf51e54d4b777c525b59e3f19915
component	517:208	bank:com_208	3	517	-1	52a9ba405049ffcb4f1430a9c55ca2f6e2737050107a7fe17e70296d97b7e791	Whole interface group identical to 949 source	15be4d3bd9999c65fae9e110059d996fd9bdcf51e54d4b777c525b59e3f19915
component	517:210	bank:com_210	3	517	-1	52a9ba405049ffcb4f1430a9c55ca2f6e2737050107a7fe17e70296d97b7e791	Whole interface group identical to 949 source	15be4d3bd9999c65fae9e110059d996fd9bdcf51e54d4b777c525b59e3f19915
component	517:212	bank:com_212	3	517	-1	52a9ba405049ffcb4f1430a9c55ca2f6e2737050107a7fe17e70296d97b7e791	Whole interface group identical to 949 source	15be4d3bd9999c65fae9e110059d996fd9bdcf51e54d4b777c525b59e3f19915
component	517:213	bank:com_213	3	517	-1	52a9ba405049ffcb4f1430a9c55ca2f6e2737050107a7fe17e70296d97b7e791	Whole interface group identical to 949 source	15be4d3bd9999c65fae9e110059d996fd9bdcf51e54d4b777c525b59e3f19915
component	517:215	bank:com_215	3	517	-1	52a9ba405049ffcb4f1430a9c55ca2f6e2737050107a7fe17e70296d97b7e791	Whole interface group identical to 949 source	15be4d3bd9999c65fae9e110059d996fd9bdcf51e54d4b777c525b59e3f19915
component	517:216	bank:com_216	3	517	-1	52a9ba405049ffcb4f1430a9c55ca2f6e2737050107a7fe17e70296d97b7e791	Whole interface group identical to 949 source	15be4d3bd9999c65fae9e110059d996fd9bdcf51e54d4b777c525b59e3f19915
component	517:315	bank:com_315	3	517	-1	52a9ba405049ffcb4f1430a9c55ca2f6e2737050107a7fe17e70296d97b7e791	Whole interface group identical to 949 source	15be4d3bd9999c65fae9e110059d996fd9bdcf51e54d4b777c525b59e3f19915
component	517:95	bank:com_95	3	517	-1	52a9ba405049ffcb4f1430a9c55ca2f6e2737050107a7fe17e70296d97b7e791	Whole interface group identical to 949 source	15be4d3bd9999c65fae9e110059d996fd9bdcf51e54d4b777c525b59e3f19915
component	517:98	bank:com_98	3	517	-1	52a9ba405049ffcb4f1430a9c55ca2f6e2737050107a7fe17e70296d97b7e791	Whole interface group identical to 949 source	15be4d3bd9999c65fae9e110059d996fd9bdcf51e54d4b777c525b59e3f19915
component	517:319	bank:confirm_back_rect	3	517	-1	52a9ba405049ffcb4f1430a9c55ca2f6e2737050107a7fe17e70296d97b7e791	Whole interface group identical to 949 source	15be4d3bd9999c65fae9e110059d996fd9bdcf51e54d4b777c525b59e3f19915
component	517:326	bank:confirm_drop_bg	3	517	-1	52a9ba405049ffcb4f1430a9c55ca2f6e2737050107a7fe17e70296d97b7e791	Whole interface group identical to 949 source	15be4d3bd9999c65fae9e110059d996fd9bdcf51e54d4b777c525b59e3f19915
component	517:328	bank:confirm_drop_button	3	517	-1	52a9ba405049ffcb4f1430a9c55ca2f6e2737050107a7fe17e70296d97b7e791	Whole interface group identical to 949 source	15be4d3bd9999c65fae9e110059d996fd9bdcf51e54d4b777c525b59e3f19915
component	517:327	bank:confirm_drop_graphic	3	517	-1	52a9ba405049ffcb4f1430a9c55ca2f6e2737050107a7fe17e70296d97b7e791	Whole interface group identical to 949 source	15be4d3bd9999c65fae9e110059d996fd9bdcf51e54d4b777c525b59e3f19915
component	517:324	bank:confirm_drop_info	3	517	-1	52a9ba405049ffcb4f1430a9c55ca2f6e2737050107a7fe17e70296d97b7e791	Whole interface group identical to 949 source	15be4d3bd9999c65fae9e110059d996fd9bdcf51e54d4b777c525b59e3f19915
component	517:318	bank:confirm_drop_item_layer	3	517	-1	52a9ba405049ffcb4f1430a9c55ca2f6e2737050107a7fe17e70296d97b7e791	Whole interface group identical to 949 source	15be4d3bd9999c65fae9e110059d996fd9bdcf51e54d4b777c525b59e3f19915
component	517:325	bank:confirm_drop_text	3	517	-1	52a9ba405049ffcb4f1430a9c55ca2f6e2737050107a7fe17e70296d97b7e791	Whole interface group identical to 949 source	15be4d3bd9999c65fae9e110059d996fd9bdcf51e54d4b777c525b59e3f19915
component	517:321	bank:confirm_panel_bg	3	517	-1	52a9ba405049ffcb4f1430a9c55ca2f6e2737050107a7fe17e70296d97b7e791	Whole interface group identical to 949 source	15be4d3bd9999c65fae9e110059d996fd9bdcf51e54d4b777c525b59e3f19915
component	517:320	bank:confirm_panel_container	3	517	-1	52a9ba405049ffcb4f1430a9c55ca2f6e2737050107a7fe17e70296d97b7e791	Whole interface group identical to 949 source	15be4d3bd9999c65fae9e110059d996fd9bdcf51e54d4b777c525b59e3f19915
component	517:323	bank:confirm_panel_content	3	517	-1	52a9ba405049ffcb4f1430a9c55ca2f6e2737050107a7fe17e70296d97b7e791	Whole interface group identical to 949 source	15be4d3bd9999c65fae9e110059d996fd9bdcf51e54d4b777c525b59e3f19915
component	517:322	bank:confirm_panel_title	3	517	-1	52a9ba405049ffcb4f1430a9c55ca2f6e2737050107a7fe17e70296d97b7e791	Whole interface group identical to 949 source	15be4d3bd9999c65fae9e110059d996fd9bdcf51e54d4b777c525b59e3f19915
component	517:331	bank:confirm_withdraw_back_rect	3	517	-1	52a9ba405049ffcb4f1430a9c55ca2f6e2737050107a7fe17e70296d97b7e791	Whole interface group identical to 949 source	15be4d3bd9999c65fae9e110059d996fd9bdcf51e54d4b777c525b59e3f19915
component	517:338	bank:confirm_withdraw_button	3	517	-1	52a9ba405049ffcb4f1430a9c55ca2f6e2737050107a7fe17e70296d97b7e791	Whole interface group identical to 949 source	15be4d3bd9999c65fae9e110059d996fd9bdcf51e54d4b777c525b59e3f19915
component	517:336	bank:confirm_withdraw_info	3	517	-1	52a9ba405049ffcb4f1430a9c55ca2f6e2737050107a7fe17e70296d97b7e791	Whole interface group identical to 949 source	15be4d3bd9999c65fae9e110059d996fd9bdcf51e54d4b777c525b59e3f19915
component	517:330	bank:confirm_withdraw_item_layer	3	517	-1	52a9ba405049ffcb4f1430a9c55ca2f6e2737050107a7fe17e70296d97b7e791	Whole interface group identical to 949 source	15be4d3bd9999c65fae9e110059d996fd9bdcf51e54d4b777c525b59e3f19915
component	517:333	bank:confirm_withdraw_panel_bg	3	517	-1	52a9ba405049ffcb4f1430a9c55ca2f6e2737050107a7fe17e70296d97b7e791	Whole interface group identical to 949 source	15be4d3bd9999c65fae9e110059d996fd9bdcf51e54d4b777c525b59e3f19915
component	517:332	bank:confirm_withdraw_panel_container	3	517	-1	52a9ba405049ffcb4f1430a9c55ca2f6e2737050107a7fe17e70296d97b7e791	Whole interface group identical to 949 source	15be4d3bd9999c65fae9e110059d996fd9bdcf51e54d4b777c525b59e3f19915
component	517:335	bank:confirm_withdraw_panel_content	3	517	-1	52a9ba405049ffcb4f1430a9c55ca2f6e2737050107a7fe17e70296d97b7e791	Whole interface group identical to 949 source	15be4d3bd9999c65fae9e110059d996fd9bdcf51e54d4b777c525b59e3f19915
component	517:334	bank:confirm_withdraw_panel_title	3	517	-1	52a9ba405049ffcb4f1430a9c55ca2f6e2737050107a7fe17e70296d97b7e791	Whole interface group identical to 949 source	15be4d3bd9999c65fae9e110059d996fd9bdcf51e54d4b777c525b59e3f19915
component	517:337	bank:confirm_withdraw_text	3	517	-1	52a9ba405049ffcb4f1430a9c55ca2f6e2737050107a7fe17e70296d97b7e791	Whole interface group identical to 949 source	15be4d3bd9999c65fae9e110059d996fd9bdcf51e54d4b777c525b59e3f19915
component	517:2	bank:content	3	517	-1	52a9ba405049ffcb4f1430a9c55ca2f6e2737050107a7fe17e70296d97b7e791	Whole interface group identical to 949 source	15be4d3bd9999c65fae9e110059d996fd9bdcf51e54d4b777c525b59e3f19915
component	517:255	bank:content_panel_blue	3	517	-1	52a9ba405049ffcb4f1430a9c55ca2f6e2737050107a7fe17e70296d97b7e791	Whole interface group identical to 949 source	15be4d3bd9999c65fae9e110059d996fd9bdcf51e54d4b777c525b59e3f19915
component	517:140	bank:costume_room	3	517	-1	52a9ba405049ffcb4f1430a9c55ca2f6e2737050107a7fe17e70296d97b7e791	Whole interface group identical to 949 source	15be4d3bd9999c65fae9e110059d996fd9bdcf51e54d4b777c525b59e3f19915
component	517:141	bank:costume_room_icon	3	517	-1	52a9ba405049ffcb4f1430a9c55ca2f6e2737050107a7fe17e70296d97b7e791	Whole interface group identical to 949 source	15be4d3bd9999c65fae9e110059d996fd9bdcf51e54d4b777c525b59e3f19915
component	517:139	bank:costume_room_layer	3	517	-1	52a9ba405049ffcb4f1430a9c55ca2f6e2737050107a7fe17e70296d97b7e791	Whole interface group identical to 949 source	15be4d3bd9999c65fae9e110059d996fd9bdcf51e54d4b777c525b59e3f19915
component	517:219	bank:custom_tab_bg	3	517	-1	52a9ba405049ffcb4f1430a9c55ca2f6e2737050107a7fe17e70296d97b7e791	Whole interface group identical to 949 source	15be4d3bd9999c65fae9e110059d996fd9bdcf51e54d4b777c525b59e3f19915
component	517:224	bank:custom_tab_build	3	517	-1	52a9ba405049ffcb4f1430a9c55ca2f6e2737050107a7fe17e70296d97b7e791	Whole interface group identical to 949 source	15be4d3bd9999c65fae9e110059d996fd9bdcf51e54d4b777c525b59e3f19915
component	517:228	bank:custom_tab_cancel	3	517	-1	52a9ba405049ffcb4f1430a9c55ca2f6e2737050107a7fe17e70296d97b7e791	Whole interface group identical to 949 source	15be4d3bd9999c65fae9e110059d996fd9bdcf51e54d4b777c525b59e3f19915
component	517:225	bank:custom_tab_click	3	517	-1	52a9ba405049ffcb4f1430a9c55ca2f6e2737050107a7fe17e70296d97b7e791	Whole interface group identical to 949 source	15be4d3bd9999c65fae9e110059d996fd9bdcf51e54d4b777c525b59e3f19915
component	517:223	bank:custom_tab_contents	3	517	-1	52a9ba405049ffcb4f1430a9c55ca2f6e2737050107a7fe17e70296d97b7e791	Whole interface group identical to 949 source	15be4d3bd9999c65fae9e110059d996fd9bdcf51e54d4b777c525b59e3f19915
component	517:227	bank:custom_tab_default	3	517	-1	52a9ba405049ffcb4f1430a9c55ca2f6e2737050107a7fe17e70296d97b7e791	Whole interface group identical to 949 source	15be4d3bd9999c65fae9e110059d996fd9bdcf51e54d4b777c525b59e3f19915
component	517:221	bank:custom_tab_drop_build	3	517	-1	52a9ba405049ffcb4f1430a9c55ca2f6e2737050107a7fe17e70296d97b7e791	Whole interface group identical to 949 source	15be4d3bd9999c65fae9e110059d996fd9bdcf51e54d4b777c525b59e3f19915
component	517:222	bank:custom_tab_drop_click	3	517	-1	52a9ba405049ffcb4f1430a9c55ca2f6e2737050107a7fe17e70296d97b7e791	Whole interface group identical to 949 source	15be4d3bd9999c65fae9e110059d996fd9bdcf51e54d4b777c525b59e3f19915
component	517:220	bank:custom_tab_dropdown	3	517	-1	52a9ba405049ffcb4f1430a9c55ca2f6e2737050107a7fe17e70296d97b7e791	Whole interface group identical to 949 source	15be4d3bd9999c65fae9e110059d996fd9bdcf51e54d4b777c525b59e3f19915
component	517:218	bank:custom_tab_panel	3	517	-1	52a9ba405049ffcb4f1430a9c55ca2f6e2737050107a7fe17e70296d97b7e791	Whole interface group identical to 949 source	15be4d3bd9999c65fae9e110059d996fd9bdcf51e54d4b777c525b59e3f19915
component	517:226	bank:custom_tab_scrollbar	3	517	-1	52a9ba405049ffcb4f1430a9c55ca2f6e2737050107a7fe17e70296d97b7e791	Whole interface group identical to 949 source	15be4d3bd9999c65fae9e110059d996fd9bdcf51e54d4b777c525b59e3f19915
component	517:110	bank:custom_x_input_border	3	517	-1	52a9ba405049ffcb4f1430a9c55ca2f6e2737050107a7fe17e70296d97b7e791	Whole interface group identical to 949 source	15be4d3bd9999c65fae9e110059d996fd9bdcf51e54d4b777c525b59e3f19915
component	517:113	bank:custom_x_input_caret	3	517	-1	52a9ba405049ffcb4f1430a9c55ca2f6e2737050107a7fe17e70296d97b7e791	Whole interface group identical to 949 source	15be4d3bd9999c65fae9e110059d996fd9bdcf51e54d4b777c525b59e3f19915
component	517:340	bank:custom_x_input_clickout	3	517	-1	52a9ba405049ffcb4f1430a9c55ca2f6e2737050107a7fe17e70296d97b7e791	Whole interface group identical to 949 source	15be4d3bd9999c65fae9e110059d996fd9bdcf51e54d4b777c525b59e3f19915
component	517:114	bank:custom_x_input_display	3	517	-1	52a9ba405049ffcb4f1430a9c55ca2f6e2737050107a7fe17e70296d97b7e791	Whole interface group identical to 949 source	15be4d3bd9999c65fae9e110059d996fd9bdcf51e54d4b777c525b59e3f19915
component	517:112	bank:custom_x_input_listen	3	517	-1	52a9ba405049ffcb4f1430a9c55ca2f6e2737050107a7fe17e70296d97b7e791	Whole interface group identical to 949 source	15be4d3bd9999c65fae9e110059d996fd9bdcf51e54d4b777c525b59e3f19915
component	517:111	bank:custom_x_input_listener	3	517	-1	52a9ba405049ffcb4f1430a9c55ca2f6e2737050107a7fe17e70296d97b7e791	Whole interface group identical to 949 source	15be4d3bd9999c65fae9e110059d996fd9bdcf51e54d4b777c525b59e3f19915
component	517:115	bank:custom_x_input_stop_click	3	517	-1	52a9ba405049ffcb4f1430a9c55ca2f6e2737050107a7fe17e70296d97b7e791	Whole interface group identical to 949 source	15be4d3bd9999c65fae9e110059d996fd9bdcf51e54d4b777c525b59e3f19915
component	517:109	bank:default_custom_x_input	3	517	-1	52a9ba405049ffcb4f1430a9c55ca2f6e2737050107a7fe17e70296d97b7e791	Whole interface group identical to 949 source	15be4d3bd9999c65fae9e110059d996fd9bdcf51e54d4b777c525b59e3f19915
component	517:93	bank:default_op_1	3	517	-1	52a9ba405049ffcb4f1430a9c55ca2f6e2737050107a7fe17e70296d97b7e791	Whole interface group identical to 949 source	15be4d3bd9999c65fae9e110059d996fd9bdcf51e54d4b777c525b59e3f19915
component	517:99	bank:default_op_10	3	517	-1	52a9ba405049ffcb4f1430a9c55ca2f6e2737050107a7fe17e70296d97b7e791	Whole interface group identical to 949 source	15be4d3bd9999c65fae9e110059d996fd9bdcf51e54d4b777c525b59e3f19915
component	517:96	bank:default_op_5	3	517	-1	52a9ba405049ffcb4f1430a9c55ca2f6e2737050107a7fe17e70296d97b7e791	Whole interface group identical to 949 source	15be4d3bd9999c65fae9e110059d996fd9bdcf51e54d4b777c525b59e3f19915
component	517:102	bank:default_op_all	3	517	-1	52a9ba405049ffcb4f1430a9c55ca2f6e2737050107a7fe17e70296d97b7e791	Whole interface group identical to 949 source	15be4d3bd9999c65fae9e110059d996fd9bdcf51e54d4b777c525b59e3f19915
component	517:103	bank:default_op_all_button	3	517	-1	52a9ba405049ffcb4f1430a9c55ca2f6e2737050107a7fe17e70296d97b7e791	Whole interface group identical to 949 source	15be4d3bd9999c65fae9e110059d996fd9bdcf51e54d4b777c525b59e3f19915
component	517:94	bank:default_op_icon_1	3	517	-1	52a9ba405049ffcb4f1430a9c55ca2f6e2737050107a7fe17e70296d97b7e791	Whole interface group identical to 949 source	15be4d3bd9999c65fae9e110059d996fd9bdcf51e54d4b777c525b59e3f19915
component	517:100	bank:default_op_icon_10	3	517	-1	52a9ba405049ffcb4f1430a9c55ca2f6e2737050107a7fe17e70296d97b7e791	Whole interface group identical to 949 source	15be4d3bd9999c65fae9e110059d996fd9bdcf51e54d4b777c525b59e3f19915
component	517:97	bank:default_op_icon_5	3	517	-1	52a9ba405049ffcb4f1430a9c55ca2f6e2737050107a7fe17e70296d97b7e791	Whole interface group identical to 949 source	15be4d3bd9999c65fae9e110059d996fd9bdcf51e54d4b777c525b59e3f19915
component	517:107	bank:default_op_icon_x	3	517	-1	52a9ba405049ffcb4f1430a9c55ca2f6e2737050107a7fe17e70296d97b7e791	Whole interface group identical to 949 source	15be4d3bd9999c65fae9e110059d996fd9bdcf51e54d4b777c525b59e3f19915
component	517:92	bank:default_op_numbers	3	517	-1	52a9ba405049ffcb4f1430a9c55ca2f6e2737050107a7fe17e70296d97b7e791	Whole interface group identical to 949 source	15be4d3bd9999c65fae9e110059d996fd9bdcf51e54d4b777c525b59e3f19915
component	517:106	bank:default_op_x	3	517	-1	52a9ba405049ffcb4f1430a9c55ca2f6e2737050107a7fe17e70296d97b7e791	Whole interface group identical to 949 source	15be4d3bd9999c65fae9e110059d996fd9bdcf51e54d4b777c525b59e3f19915
component	517:105	bank:default_op_x_container	3	517	-1	52a9ba405049ffcb4f1430a9c55ca2f6e2737050107a7fe17e70296d97b7e791	Whole interface group identical to 949 source	15be4d3bd9999c65fae9e110059d996fd9bdcf51e54d4b777c525b59e3f19915
component	517:91	bank:default_options_container	3	517	-1	52a9ba405049ffcb4f1430a9c55ca2f6e2737050107a7fe17e70296d97b7e791	Whole interface group identical to 949 source	15be4d3bd9999c65fae9e110059d996fd9bdcf51e54d4b777c525b59e3f19915
component	517:143	bank:diango	3	517	-1	52a9ba405049ffcb4f1430a9c55ca2f6e2737050107a7fe17e70296d97b7e791	Whole interface group identical to 949 source	15be4d3bd9999c65fae9e110059d996fd9bdcf51e54d4b777c525b59e3f19915
component	517:144	bank:diango_icon	3	517	-1	52a9ba405049ffcb4f1430a9c55ca2f6e2737050107a7fe17e70296d97b7e791	Whole interface group identical to 949 source	15be4d3bd9999c65fae9e110059d996fd9bdcf51e54d4b777c525b59e3f19915
component	517:202	bank:diango_inv	3	517	-1	52a9ba405049ffcb4f1430a9c55ca2f6e2737050107a7fe17e70296d97b7e791	Whole interface group identical to 949 source	15be4d3bd9999c65fae9e110059d996fd9bdcf51e54d4b777c525b59e3f19915
component	517:142	bank:diango_layer	3	517	-1	52a9ba405049ffcb4f1430a9c55ca2f6e2737050107a7fe17e70296d97b7e791	Whole interface group identical to 949 source	15be4d3bd9999c65fae9e110059d996fd9bdcf51e54d4b777c525b59e3f19915
component	517:17	bank:extra_inventory_buttons	3	517	-1	52a9ba405049ffcb4f1430a9c55ca2f6e2737050107a7fe17e70296d97b7e791	Whole interface group identical to 949 source	15be4d3bd9999c65fae9e110059d996fd9bdcf51e54d4b777c525b59e3f19915
component	517:241	bank:filter_bg	3	517	-1	52a9ba405049ffcb4f1430a9c55ca2f6e2737050107a7fe17e70296d97b7e791	Whole interface group identical to 949 source	15be4d3bd9999c65fae9e110059d996fd9bdcf51e54d4b777c525b59e3f19915
component	517:242	bank:filter_build	3	517	-1	52a9ba405049ffcb4f1430a9c55ca2f6e2737050107a7fe17e70296d97b7e791	Whole interface group identical to 949 source	15be4d3bd9999c65fae9e110059d996fd9bdcf51e54d4b777c525b59e3f19915
component	517:243	bank:filter_click	3	517	-1	52a9ba405049ffcb4f1430a9c55ca2f6e2737050107a7fe17e70296d97b7e791	Whole interface group identical to 949 source	15be4d3bd9999c65fae9e110059d996fd9bdcf51e54d4b777c525b59e3f19915
component	517:256	bank:filter_found_text	3	517	-1	52a9ba405049ffcb4f1430a9c55ca2f6e2737050107a7fe17e70296d97b7e791	Whole interface group identical to 949 source	15be4d3bd9999c65fae9e110059d996fd9bdcf51e54d4b777c525b59e3f19915
component	517:240	bank:filter_layer	3	517	-1	52a9ba405049ffcb4f1430a9c55ca2f6e2737050107a7fe17e70296d97b7e791	Whole interface group identical to 949 source	15be4d3bd9999c65fae9e110059d996fd9bdcf51e54d4b777c525b59e3f19915
component	517:254	bank:filter_results	3	517	-1	52a9ba405049ffcb4f1430a9c55ca2f6e2737050107a7fe17e70296d97b7e791	Whole interface group identical to 949 source	15be4d3bd9999c65fae9e110059d996fd9bdcf51e54d4b777c525b59e3f19915
component	517:121	bank:fixed_options	3	517	-1	52a9ba405049ffcb4f1430a9c55ca2f6e2737050107a7fe17e70296d97b7e791	Whole interface group identical to 949 source	15be4d3bd9999c65fae9e110059d996fd9bdcf51e54d4b777c525b59e3f19915
component	517:132	bank:group_ironman_icon	3	517	-1	52a9ba405049ffcb4f1430a9c55ca2f6e2737050107a7fe17e70296d97b7e791	Whole interface group identical to 949 source	15be4d3bd9999c65fae9e110059d996fd9bdcf51e54d4b777c525b59e3f19915
component	517:130	bank:group_ironman_layer	3	517	-1	52a9ba405049ffcb4f1430a9c55ca2f6e2737050107a7fe17e70296d97b7e791	Whole interface group identical to 949 source	15be4d3bd9999c65fae9e110059d996fd9bdcf51e54d4b777c525b59e3f19915
component	517:314	bank:group_ironman_loading	3	517	-1	52a9ba405049ffcb4f1430a9c55ca2f6e2737050107a7fe17e70296d97b7e791	Whole interface group identical to 949 source	15be4d3bd9999c65fae9e110059d996fd9bdcf51e54d4b777c525b59e3f19915
component	517:316	bank:group_ironman_spinner	3	517	-1	52a9ba405049ffcb4f1430a9c55ca2f6e2737050107a7fe17e70296d97b7e791	Whole interface group identical to 949 source	15be4d3bd9999c65fae9e110059d996fd9bdcf51e54d4b777c525b59e3f19915
component	517:131	bank:group_ironman_storage	3	517	-1	52a9ba405049ffcb4f1430a9c55ca2f6e2737050107a7fe17e70296d97b7e791	Whole interface group identical to 949 source	15be4d3bd9999c65fae9e110059d996fd9bdcf51e54d4b777c525b59e3f19915
component	517:313	bank:help_button	3	517	-1	52a9ba405049ffcb4f1430a9c55ca2f6e2737050107a7fe17e70296d97b7e791	Whole interface group identical to 949 source	15be4d3bd9999c65fae9e110059d996fd9bdcf51e54d4b777c525b59e3f19915
component	517:312	bank:help_button_layer	3	517	-1	52a9ba405049ffcb4f1430a9c55ca2f6e2737050107a7fe17e70296d97b7e791	Whole interface group identical to 949 source	15be4d3bd9999c65fae9e110059d996fd9bdcf51e54d4b777c525b59e3f19915
component	517:29	bank:highlight_layer	3	517	-1	52a9ba405049ffcb4f1430a9c55ca2f6e2737050107a7fe17e70296d97b7e791	Whole interface group identical to 949 source	15be4d3bd9999c65fae9e110059d996fd9bdcf51e54d4b777c525b59e3f19915
component	517:55	bank:inv_tab_build	3	517	-1	52a9ba405049ffcb4f1430a9c55ca2f6e2737050107a7fe17e70296d97b7e791	Whole interface group identical to 949 source	15be4d3bd9999c65fae9e110059d996fd9bdcf51e54d4b777c525b59e3f19915
component	517:56	bank:inv_tab_click	3	517	-1	52a9ba405049ffcb4f1430a9c55ca2f6e2737050107a7fe17e70296d97b7e791	Whole interface group identical to 949 source	15be4d3bd9999c65fae9e110059d996fd9bdcf51e54d4b777c525b59e3f19915
component	517:54	bank:inv_tab_layer	3	517	-1	52a9ba405049ffcb4f1430a9c55ca2f6e2737050107a7fe17e70296d97b7e791	Whole interface group identical to 949 source	15be4d3bd9999c65fae9e110059d996fd9bdcf51e54d4b777c525b59e3f19915
component	517:32	bank:inventory_bob_contents	3	517	-1	52a9ba405049ffcb4f1430a9c55ca2f6e2737050107a7fe17e70296d97b7e791	Whole interface group identical to 949 source	15be4d3bd9999c65fae9e110059d996fd9bdcf51e54d4b777c525b59e3f19915
component	517:15	bank:inventory_click	3	517	-1	52a9ba405049ffcb4f1430a9c55ca2f6e2737050107a7fe17e70296d97b7e791	Whole interface group identical to 949 source	15be4d3bd9999c65fae9e110059d996fd9bdcf51e54d4b777c525b59e3f19915
component	517:11	bank:inventory_container	3	517	-1	52a9ba405049ffcb4f1430a9c55ca2f6e2737050107a7fe17e70296d97b7e791	Whole interface group identical to 949 source	15be4d3bd9999c65fae9e110059d996fd9bdcf51e54d4b777c525b59e3f19915
component	517:12	bank:inventory_inv_contents	3	517	-1	52a9ba405049ffcb4f1430a9c55ca2f6e2737050107a7fe17e70296d97b7e791	Whole interface group identical to 949 source	15be4d3bd9999c65fae9e110059d996fd9bdcf51e54d4b777c525b59e3f19915
component	517:4	bank:inventory_panel	3	517	-1	52a9ba405049ffcb4f1430a9c55ca2f6e2737050107a7fe17e70296d97b7e791	Whole interface group identical to 949 source	15be4d3bd9999c65fae9e110059d996fd9bdcf51e54d4b777c525b59e3f19915
component	517:6	bank:inventory_panel_bg	3	517	-1	52a9ba405049ffcb4f1430a9c55ca2f6e2737050107a7fe17e70296d97b7e791	Whole interface group identical to 949 source	15be4d3bd9999c65fae9e110059d996fd9bdcf51e54d4b777c525b59e3f19915
component	517:7	bank:inventory_panel_contents	3	517	-1	52a9ba405049ffcb4f1430a9c55ca2f6e2737050107a7fe17e70296d97b7e791	Whole interface group identical to 949 source	15be4d3bd9999c65fae9e110059d996fd9bdcf51e54d4b777c525b59e3f19915
component	517:5	bank:inventory_panel_tabbed	3	517	-1	52a9ba405049ffcb4f1430a9c55ca2f6e2737050107a7fe17e70296d97b7e791	Whole interface group identical to 949 source	15be4d3bd9999c65fae9e110059d996fd9bdcf51e54d4b777c525b59e3f19915
component	517:53	bank:inventory_panel_tabs	3	517	-1	52a9ba405049ffcb4f1430a9c55ca2f6e2737050107a7fe17e70296d97b7e791	Whole interface group identical to 949 source	15be4d3bd9999c65fae9e110059d996fd9bdcf51e54d4b777c525b59e3f19915
component	517:16	bank:inventory_scrollbar	3	517	-1	52a9ba405049ffcb4f1430a9c55ca2f6e2737050107a7fe17e70296d97b7e791	Whole interface group identical to 949 source	15be4d3bd9999c65fae9e110059d996fd9bdcf51e54d4b777c525b59e3f19915
component	517:13	bank:inventory_scrolling	3	517	-1	52a9ba405049ffcb4f1430a9c55ca2f6e2737050107a7fe17e70296d97b7e791	Whole interface group identical to 949 source	15be4d3bd9999c65fae9e110059d996fd9bdcf51e54d4b777c525b59e3f19915
component	517:14	bank:inventory_slots	3	517	-1	52a9ba405049ffcb4f1430a9c55ca2f6e2737050107a7fe17e70296d97b7e791	Whole interface group identical to 949 source	15be4d3bd9999c65fae9e110059d996fd9bdcf51e54d4b777c525b59e3f19915
component	517:293	bank:inventory_tickboxes	3	517	-1	52a9ba405049ffcb4f1430a9c55ca2f6e2737050107a7fe17e70296d97b7e791	Whole interface group identical to 949 source	15be4d3bd9999c65fae9e110059d996fd9bdcf51e54d4b777c525b59e3f19915
component	517:23	bank:inventory_worn_contents	3	517	-1	52a9ba405049ffcb4f1430a9c55ca2f6e2737050107a7fe17e70296d97b7e791	Whole interface group identical to 949 source	15be4d3bd9999c65fae9e110059d996fd9bdcf51e54d4b777c525b59e3f19915
component	517:28	bank:item_layer	3	517	-1	52a9ba405049ffcb4f1430a9c55ca2f6e2737050107a7fe17e70296d97b7e791	Whole interface group identical to 949 source	15be4d3bd9999c65fae9e110059d996fd9bdcf51e54d4b777c525b59e3f19915
component	517:37	bank:main_options	3	517	-1	52a9ba405049ffcb4f1430a9c55ca2f6e2737050107a7fe17e70296d97b7e791	Whole interface group identical to 949 source	15be4d3bd9999c65fae9e110059d996fd9bdcf51e54d4b777c525b59e3f19915
component	517:154	bank:main_panel	3	517	-1	52a9ba405049ffcb4f1430a9c55ca2f6e2737050107a7fe17e70296d97b7e791	Whole interface group identical to 949 source	15be4d3bd9999c65fae9e110059d996fd9bdcf51e54d4b777c525b59e3f19915
component	517:197	bank:message_nofilter	3	517	-1	52a9ba405049ffcb4f1430a9c55ca2f6e2737050107a7fe17e70296d97b7e791	Whole interface group identical to 949 source	15be4d3bd9999c65fae9e110059d996fd9bdcf51e54d4b777c525b59e3f19915
component	517:198	bank:message_nomatches	3	517	-1	52a9ba405049ffcb4f1430a9c55ca2f6e2737050107a7fe17e70296d97b7e791	Whole interface group identical to 949 source	15be4d3bd9999c65fae9e110059d996fd9bdcf51e54d4b777c525b59e3f19915
component	517:196	bank:message_nosearch	3	517	-1	52a9ba405049ffcb4f1430a9c55ca2f6e2737050107a7fe17e70296d97b7e791	Whole interface group identical to 949 source	15be4d3bd9999c65fae9e110059d996fd9bdcf51e54d4b777c525b59e3f19915
component	517:146	bank:metal_bank	3	517	-1	52a9ba405049ffcb4f1430a9c55ca2f6e2737050107a7fe17e70296d97b7e791	Whole interface group identical to 949 source	15be4d3bd9999c65fae9e110059d996fd9bdcf51e54d4b777c525b59e3f19915
component	517:147	bank:metal_bank_icon	3	517	-1	52a9ba405049ffcb4f1430a9c55ca2f6e2737050107a7fe17e70296d97b7e791	Whole interface group identical to 949 source	15be4d3bd9999c65fae9e110059d996fd9bdcf51e54d4b777c525b59e3f19915
component	517:145	bank:metal_bank_layer	3	517	-1	52a9ba405049ffcb4f1430a9c55ca2f6e2737050107a7fe17e70296d97b7e791	Whole interface group identical to 949 source	15be4d3bd9999c65fae9e110059d996fd9bdcf51e54d4b777c525b59e3f19915
component	517:19	bank:money_pouch_anim_container	3	517	-1	52a9ba405049ffcb4f1430a9c55ca2f6e2737050107a7fe17e70296d97b7e791	Whole interface group identical to 949 source	15be4d3bd9999c65fae9e110059d996fd9bdcf51e54d4b777c525b59e3f19915
component	517:20	bank:money_pouch_anim_layer	3	517	-1	52a9ba405049ffcb4f1430a9c55ca2f6e2737050107a7fe17e70296d97b7e791	Whole interface group identical to 949 source	15be4d3bd9999c65fae9e110059d996fd9bdcf51e54d4b777c525b59e3f19915
component	517:21	bank:money_pouch_anim_text	3	517	-1	52a9ba405049ffcb4f1430a9c55ca2f6e2737050107a7fe17e70296d97b7e791	Whole interface group identical to 949 source	15be4d3bd9999c65fae9e110059d996fd9bdcf51e54d4b777c525b59e3f19915
component	517:149	bank:more_storage	3	517	-1	52a9ba405049ffcb4f1430a9c55ca2f6e2737050107a7fe17e70296d97b7e791	Whole interface group identical to 949 source	15be4d3bd9999c65fae9e110059d996fd9bdcf51e54d4b777c525b59e3f19915
component	517:137	bank:more_storage_bg	3	517	-1	52a9ba405049ffcb4f1430a9c55ca2f6e2737050107a7fe17e70296d97b7e791	Whole interface group identical to 949 source	15be4d3bd9999c65fae9e110059d996fd9bdcf51e54d4b777c525b59e3f19915
component	517:136	bank:more_storage_container	3	517	-1	52a9ba405049ffcb4f1430a9c55ca2f6e2737050107a7fe17e70296d97b7e791	Whole interface group identical to 949 source	15be4d3bd9999c65fae9e110059d996fd9bdcf51e54d4b777c525b59e3f19915
component	517:150	bank:more_storage_icon	3	517	-1	52a9ba405049ffcb4f1430a9c55ca2f6e2737050107a7fe17e70296d97b7e791	Whole interface group identical to 949 source	15be4d3bd9999c65fae9e110059d996fd9bdcf51e54d4b777c525b59e3f19915
component	517:148	bank:more_storage_layer	3	517	-1	52a9ba405049ffcb4f1430a9c55ca2f6e2737050107a7fe17e70296d97b7e791	Whole interface group identical to 949 source	15be4d3bd9999c65fae9e110059d996fd9bdcf51e54d4b777c525b59e3f19915
component	517:209	bank:ondrag_highlight	3	517	-1	52a9ba405049ffcb4f1430a9c55ca2f6e2737050107a7fe17e70296d97b7e791	Whole interface group identical to 949 source	15be4d3bd9999c65fae9e110059d996fd9bdcf51e54d4b777c525b59e3f19915
component	517:214	bank:ondrag_insert_left_highlight	3	517	-1	52a9ba405049ffcb4f1430a9c55ca2f6e2737050107a7fe17e70296d97b7e791	Whole interface group identical to 949 source	15be4d3bd9999c65fae9e110059d996fd9bdcf51e54d4b777c525b59e3f19915
component	517:211	bank:ondrag_insert_right_highlight	3	517	-1	52a9ba405049ffcb4f1430a9c55ca2f6e2737050107a7fe17e70296d97b7e791	Whole interface group identical to 949 source	15be4d3bd9999c65fae9e110059d996fd9bdcf51e54d4b777c525b59e3f19915
component	517:207	bank:ondrag_placeholder_highlight	3	517	-1	52a9ba405049ffcb4f1430a9c55ca2f6e2737050107a7fe17e70296d97b7e791	Whole interface group identical to 949 source	15be4d3bd9999c65fae9e110059d996fd9bdcf51e54d4b777c525b59e3f19915
component	517:123	bank:placeholder_button	3	517	-1	52a9ba405049ffcb4f1430a9c55ca2f6e2737050107a7fe17e70296d97b7e791	Whole interface group identical to 949 source	15be4d3bd9999c65fae9e110059d996fd9bdcf51e54d4b777c525b59e3f19915
component	517:125	bank:placeholder_icon	3	517	-1	52a9ba405049ffcb4f1430a9c55ca2f6e2737050107a7fe17e70296d97b7e791	Whole interface group identical to 949 source	15be4d3bd9999c65fae9e110059d996fd9bdcf51e54d4b777c525b59e3f19915
component	517:124	bank:placeholder_item	3	517	-1	52a9ba405049ffcb4f1430a9c55ca2f6e2737050107a7fe17e70296d97b7e791	Whole interface group identical to 949 source	15be4d3bd9999c65fae9e110059d996fd9bdcf51e54d4b777c525b59e3f19915
component	517:122	bank:placeholder_layer	3	517	-1	52a9ba405049ffcb4f1430a9c55ca2f6e2737050107a7fe17e70296d97b7e791	Whole interface group identical to 949 source	15be4d3bd9999c65fae9e110059d996fd9bdcf51e54d4b777c525b59e3f19915
component	517:277	bank:preset_backpack_bg	3	517	-1	52a9ba405049ffcb4f1430a9c55ca2f6e2737050107a7fe17e70296d97b7e791	Whole interface group identical to 949 source	15be4d3bd9999c65fae9e110059d996fd9bdcf51e54d4b777c525b59e3f19915
component	517:276	bank:preset_backpack_bob	3	517	-1	52a9ba405049ffcb4f1430a9c55ca2f6e2737050107a7fe17e70296d97b7e791	Whole interface group identical to 949 source	15be4d3bd9999c65fae9e110059d996fd9bdcf51e54d4b777c525b59e3f19915
component	517:299	bank:preset_bob_checkbox	3	517	-1	52a9ba405049ffcb4f1430a9c55ca2f6e2737050107a7fe17e70296d97b7e791	Whole interface group identical to 949 source	15be4d3bd9999c65fae9e110059d996fd9bdcf51e54d4b777c525b59e3f19915
component	517:298	bank:preset_bob_graphic	3	517	-1	52a9ba405049ffcb4f1430a9c55ca2f6e2737050107a7fe17e70296d97b7e791	Whole interface group identical to 949 source	15be4d3bd9999c65fae9e110059d996fd9bdcf51e54d4b777c525b59e3f19915
component	517:86	bank:preset_close	3	517	-1	52a9ba405049ffcb4f1430a9c55ca2f6e2737050107a7fe17e70296d97b7e791	Whole interface group identical to 949 source	15be4d3bd9999c65fae9e110059d996fd9bdcf51e54d4b777c525b59e3f19915
component	517:261	bank:preset_content	3	517	-1	52a9ba405049ffcb4f1430a9c55ca2f6e2737050107a7fe17e70296d97b7e791	Whole interface group identical to 949 source	15be4d3bd9999c65fae9e110059d996fd9bdcf51e54d4b777c525b59e3f19915
component	517:300	bank:preset_dropdown	3	517	-1	52a9ba405049ffcb4f1430a9c55ca2f6e2737050107a7fe17e70296d97b7e791	Whole interface group identical to 949 source	15be4d3bd9999c65fae9e110059d996fd9bdcf51e54d4b777c525b59e3f19915
component	517:301	bank:preset_dropdown_build	3	517	-1	52a9ba405049ffcb4f1430a9c55ca2f6e2737050107a7fe17e70296d97b7e791	Whole interface group identical to 949 source	15be4d3bd9999c65fae9e110059d996fd9bdcf51e54d4b777c525b59e3f19915
component	517:302	bank:preset_dropdown_click	3	517	-1	52a9ba405049ffcb4f1430a9c55ca2f6e2737050107a7fe17e70296d97b7e791	Whole interface group identical to 949 source	15be4d3bd9999c65fae9e110059d996fd9bdcf51e54d4b777c525b59e3f19915
component	517:305	bank:preset_exact_build	3	517	-1	52a9ba405049ffcb4f1430a9c55ca2f6e2737050107a7fe17e70296d97b7e791	Whole interface group identical to 949 source	15be4d3bd9999c65fae9e110059d996fd9bdcf51e54d4b777c525b59e3f19915
component	517:306	bank:preset_exact_click	3	517	-1	52a9ba405049ffcb4f1430a9c55ca2f6e2737050107a7fe17e70296d97b7e791	Whole interface group identical to 949 source	15be4d3bd9999c65fae9e110059d996fd9bdcf51e54d4b777c525b59e3f19915
component	517:304	bank:preset_exact_match_checkbox	3	517	-1	52a9ba405049ffcb4f1430a9c55ca2f6e2737050107a7fe17e70296d97b7e791	Whole interface group identical to 949 source	15be4d3bd9999c65fae9e110059d996fd9bdcf51e54d4b777c525b59e3f19915
component	517:260	bank:preset_full_layer	3	517	-1	52a9ba405049ffcb4f1430a9c55ca2f6e2737050107a7fe17e70296d97b7e791	Whole interface group identical to 949 source	15be4d3bd9999c65fae9e110059d996fd9bdcf51e54d4b777c525b59e3f19915
component	517:273	bank:preset_highlight	3	517	-1	52a9ba405049ffcb4f1430a9c55ca2f6e2737050107a7fe17e70296d97b7e791	Whole interface group identical to 949 source	15be4d3bd9999c65fae9e110059d996fd9bdcf51e54d4b777c525b59e3f19915
component	517:272	bank:preset_highlight_container	3	517	-1	52a9ba405049ffcb4f1430a9c55ca2f6e2737050107a7fe17e70296d97b7e791	Whole interface group identical to 949 source	15be4d3bd9999c65fae9e110059d996fd9bdcf51e54d4b777c525b59e3f19915
component	517:274	bank:preset_highlight_mouseover	3	517	-1	52a9ba405049ffcb4f1430a9c55ca2f6e2737050107a7fe17e70296d97b7e791	Whole interface group identical to 949 source	15be4d3bd9999c65fae9e110059d996fd9bdcf51e54d4b777c525b59e3f19915
component	517:295	bank:preset_inv_checkbox	3	517	-1	52a9ba405049ffcb4f1430a9c55ca2f6e2737050107a7fe17e70296d97b7e791	Whole interface group identical to 949 source	15be4d3bd9999c65fae9e110059d996fd9bdcf51e54d4b777c525b59e3f19915
component	517:294	bank:preset_inv_graphic	3	517	-1	52a9ba405049ffcb4f1430a9c55ca2f6e2737050107a7fe17e70296d97b7e791	Whole interface group identical to 949 source	15be4d3bd9999c65fae9e110059d996fd9bdcf51e54d4b777c525b59e3f19915
component	517:279	bank:preset_inventory_layer	3	517	-1	52a9ba405049ffcb4f1430a9c55ca2f6e2737050107a7fe17e70296d97b7e791	Whole interface group identical to 949 source	15be4d3bd9999c65fae9e110059d996fd9bdcf51e54d4b777c525b59e3f19915
component	517:278	bank:preset_inventory_slots	3	517	-1	52a9ba405049ffcb4f1430a9c55ca2f6e2737050107a7fe17e70296d97b7e791	Whole interface group identical to 949 source	15be4d3bd9999c65fae9e110059d996fd9bdcf51e54d4b777c525b59e3f19915
component	517:68	bank:preset_keybind_1	3	517	-1	52a9ba405049ffcb4f1430a9c55ca2f6e2737050107a7fe17e70296d97b7e791	Whole interface group identical to 949 source	15be4d3bd9999c65fae9e110059d996fd9bdcf51e54d4b777c525b59e3f19915
component	517:69	bank:preset_keybind_2	3	517	-1	52a9ba405049ffcb4f1430a9c55ca2f6e2737050107a7fe17e70296d97b7e791	Whole interface group identical to 949 source	15be4d3bd9999c65fae9e110059d996fd9bdcf51e54d4b777c525b59e3f19915
component	517:67	bank:preset_keybinds	3	517	-1	52a9ba405049ffcb4f1430a9c55ca2f6e2737050107a7fe17e70296d97b7e791	Whole interface group identical to 949 source	15be4d3bd9999c65fae9e110059d996fd9bdcf51e54d4b777c525b59e3f19915
component	517:263	bank:preset_list	3	517	-1	52a9ba405049ffcb4f1430a9c55ca2f6e2737050107a7fe17e70296d97b7e791	Whole interface group identical to 949 source	15be4d3bd9999c65fae9e110059d996fd9bdcf51e54d4b777c525b59e3f19915
component	517:265	bank:preset_list_back	3	517	-1	52a9ba405049ffcb4f1430a9c55ca2f6e2737050107a7fe17e70296d97b7e791	Whole interface group identical to 949 source	15be4d3bd9999c65fae9e110059d996fd9bdcf51e54d4b777c525b59e3f19915
component	517:262	bank:preset_list_bg	3	517	-1	52a9ba405049ffcb4f1430a9c55ca2f6e2737050107a7fe17e70296d97b7e791	Whole interface group identical to 949 source	15be4d3bd9999c65fae9e110059d996fd9bdcf51e54d4b777c525b59e3f19915
component	517:266	bank:preset_list_build	3	517	-1	52a9ba405049ffcb4f1430a9c55ca2f6e2737050107a7fe17e70296d97b7e791	Whole interface group identical to 949 source	15be4d3bd9999c65fae9e110059d996fd9bdcf51e54d4b777c525b59e3f19915
component	517:267	bank:preset_list_click	3	517	-1	52a9ba405049ffcb4f1430a9c55ca2f6e2737050107a7fe17e70296d97b7e791	Whole interface group identical to 949 source	15be4d3bd9999c65fae9e110059d996fd9bdcf51e54d4b777c525b59e3f19915
component	517:271	bank:preset_list_locked	3	517	-1	52a9ba405049ffcb4f1430a9c55ca2f6e2737050107a7fe17e70296d97b7e791	Whole interface group identical to 949 source	15be4d3bd9999c65fae9e110059d996fd9bdcf51e54d4b777c525b59e3f19915
component	517:275	bank:preset_list_scrollbar	3	517	-1	52a9ba405049ffcb4f1430a9c55ca2f6e2737050107a7fe17e70296d97b7e791	Whole interface group identical to 949 source	15be4d3bd9999c65fae9e110059d996fd9bdcf51e54d4b777c525b59e3f19915
component	517:264	bank:preset_list_settings	3	517	-1	52a9ba405049ffcb4f1430a9c55ca2f6e2737050107a7fe17e70296d97b7e791	Whole interface group identical to 949 source	15be4d3bd9999c65fae9e110059d996fd9bdcf51e54d4b777c525b59e3f19915
component	517:270	bank:preset_list_status_bob	3	517	-1	52a9ba405049ffcb4f1430a9c55ca2f6e2737050107a7fe17e70296d97b7e791	Whole interface group identical to 949 source	15be4d3bd9999c65fae9e110059d996fd9bdcf51e54d4b777c525b59e3f19915
component	517:268	bank:preset_list_status_inv	3	517	-1	52a9ba405049ffcb4f1430a9c55ca2f6e2737050107a7fe17e70296d97b7e791	Whole interface group identical to 949 source	15be4d3bd9999c65fae9e110059d996fd9bdcf51e54d4b777c525b59e3f19915
component	517:269	bank:preset_list_status_worn	3	517	-1	52a9ba405049ffcb4f1430a9c55ca2f6e2737050107a7fe17e70296d97b7e791	Whole interface group identical to 949 source	15be4d3bd9999c65fae9e110059d996fd9bdcf51e54d4b777c525b59e3f19915
component	517:84	bank:preset_load	3	517	-1	52a9ba405049ffcb4f1430a9c55ca2f6e2737050107a7fe17e70296d97b7e791	Whole interface group identical to 949 source	15be4d3bd9999c65fae9e110059d996fd9bdcf51e54d4b777c525b59e3f19915
component	517:81	bank:preset_load_bg_bob	3	517	-1	52a9ba405049ffcb4f1430a9c55ca2f6e2737050107a7fe17e70296d97b7e791	Whole interface group identical to 949 source	15be4d3bd9999c65fae9e110059d996fd9bdcf51e54d4b777c525b59e3f19915
component	517:75	bank:preset_load_bg_inv	3	517	-1	52a9ba405049ffcb4f1430a9c55ca2f6e2737050107a7fe17e70296d97b7e791	Whole interface group identical to 949 source	15be4d3bd9999c65fae9e110059d996fd9bdcf51e54d4b777c525b59e3f19915
component	517:78	bank:preset_load_bg_worn	3	517	-1	52a9ba405049ffcb4f1430a9c55ca2f6e2737050107a7fe17e70296d97b7e791	Whole interface group identical to 949 source	15be4d3bd9999c65fae9e110059d996fd9bdcf51e54d4b777c525b59e3f19915
component	517:80	bank:preset_load_bob	3	517	-1	52a9ba405049ffcb4f1430a9c55ca2f6e2737050107a7fe17e70296d97b7e791	Whole interface group identical to 949 source	15be4d3bd9999c65fae9e110059d996fd9bdcf51e54d4b777c525b59e3f19915
component	517:83	bank:preset_load_bob_disabled	3	517	-1	52a9ba405049ffcb4f1430a9c55ca2f6e2737050107a7fe17e70296d97b7e791	Whole interface group identical to 949 source	15be4d3bd9999c65fae9e110059d996fd9bdcf51e54d4b777c525b59e3f19915
component	517:82	bank:preset_load_icon_bob	3	517	-1	52a9ba405049ffcb4f1430a9c55ca2f6e2737050107a7fe17e70296d97b7e791	Whole interface group identical to 949 source	15be4d3bd9999c65fae9e110059d996fd9bdcf51e54d4b777c525b59e3f19915
component	517:76	bank:preset_load_icon_inv	3	517	-1	52a9ba405049ffcb4f1430a9c55ca2f6e2737050107a7fe17e70296d97b7e791	Whole interface group identical to 949 source	15be4d3bd9999c65fae9e110059d996fd9bdcf51e54d4b777c525b59e3f19915
component	517:79	bank:preset_load_icon_worn	3	517	-1	52a9ba405049ffcb4f1430a9c55ca2f6e2737050107a7fe17e70296d97b7e791	Whole interface group identical to 949 source	15be4d3bd9999c65fae9e110059d996fd9bdcf51e54d4b777c525b59e3f19915
component	517:74	bank:preset_load_inv	3	517	-1	52a9ba405049ffcb4f1430a9c55ca2f6e2737050107a7fe17e70296d97b7e791	Whole interface group identical to 949 source	15be4d3bd9999c65fae9e110059d996fd9bdcf51e54d4b777c525b59e3f19915
component	517:77	bank:preset_load_worn	3	517	-1	52a9ba405049ffcb4f1430a9c55ca2f6e2737050107a7fe17e70296d97b7e791	Whole interface group identical to 949 source	15be4d3bd9999c65fae9e110059d996fd9bdcf51e54d4b777c525b59e3f19915
component	517:303	bank:preset_save	3	517	-1	52a9ba405049ffcb4f1430a9c55ca2f6e2737050107a7fe17e70296d97b7e791	Whole interface group identical to 949 source	15be4d3bd9999c65fae9e110059d996fd9bdcf51e54d4b777c525b59e3f19915
component	517:291	bank:preset_settings	3	517	-1	52a9ba405049ffcb4f1430a9c55ca2f6e2737050107a7fe17e70296d97b7e791	Whole interface group identical to 949 source	15be4d3bd9999c65fae9e110059d996fd9bdcf51e54d4b777c525b59e3f19915
component	517:292	bank:preset_settings_bg	3	517	-1	52a9ba405049ffcb4f1430a9c55ca2f6e2737050107a7fe17e70296d97b7e791	Whole interface group identical to 949 source	15be4d3bd9999c65fae9e110059d996fd9bdcf51e54d4b777c525b59e3f19915
component	517:280	bank:preset_worn	3	517	-1	52a9ba405049ffcb4f1430a9c55ca2f6e2737050107a7fe17e70296d97b7e791	Whole interface group identical to 949 source	15be4d3bd9999c65fae9e110059d996fd9bdcf51e54d4b777c525b59e3f19915
component	517:281	bank:preset_worn_bg	3	517	-1	52a9ba405049ffcb4f1430a9c55ca2f6e2737050107a7fe17e70296d97b7e791	Whole interface group identical to 949 source	15be4d3bd9999c65fae9e110059d996fd9bdcf51e54d4b777c525b59e3f19915
component	517:297	bank:preset_worn_checkbox	3	517	-1	52a9ba405049ffcb4f1430a9c55ca2f6e2737050107a7fe17e70296d97b7e791	Whole interface group identical to 949 source	15be4d3bd9999c65fae9e110059d996fd9bdcf51e54d4b777c525b59e3f19915
component	517:283	bank:preset_worn_contents	3	517	-1	52a9ba405049ffcb4f1430a9c55ca2f6e2737050107a7fe17e70296d97b7e791	Whole interface group identical to 949 source	15be4d3bd9999c65fae9e110059d996fd9bdcf51e54d4b777c525b59e3f19915
component	517:296	bank:preset_worn_graphic	3	517	-1	52a9ba405049ffcb4f1430a9c55ca2f6e2737050107a7fe17e70296d97b7e791	Whole interface group identical to 949 source	15be4d3bd9999c65fae9e110059d996fd9bdcf51e54d4b777c525b59e3f19915
component	517:290	bank:preset_worn_highlight_layer	3	517	-1	52a9ba405049ffcb4f1430a9c55ca2f6e2737050107a7fe17e70296d97b7e791	Whole interface group identical to 949 source	15be4d3bd9999c65fae9e110059d996fd9bdcf51e54d4b777c525b59e3f19915
component	517:289	bank:preset_worn_item_layer	3	517	-1	52a9ba405049ffcb4f1430a9c55ca2f6e2737050107a7fe17e70296d97b7e791	Whole interface group identical to 949 source	15be4d3bd9999c65fae9e110059d996fd9bdcf51e54d4b777c525b59e3f19915
component	517:288	bank:preset_worn_notification_layer	3	517	-1	52a9ba405049ffcb4f1430a9c55ca2f6e2737050107a7fe17e70296d97b7e791	Whole interface group identical to 949 source	15be4d3bd9999c65fae9e110059d996fd9bdcf51e54d4b777c525b59e3f19915
component	517:284	bank:preset_worn_scrollbar_layer	3	517	-1	52a9ba405049ffcb4f1430a9c55ca2f6e2737050107a7fe17e70296d97b7e791	Whole interface group identical to 949 source	15be4d3bd9999c65fae9e110059d996fd9bdcf51e54d4b777c525b59e3f19915
component	517:285	bank:preset_worn_scrolling_layer	3	517	-1	52a9ba405049ffcb4f1430a9c55ca2f6e2737050107a7fe17e70296d97b7e791	Whole interface group identical to 949 source	15be4d3bd9999c65fae9e110059d996fd9bdcf51e54d4b777c525b59e3f19915
component	517:287	bank:preset_worn_slot_layer	3	517	-1	52a9ba405049ffcb4f1430a9c55ca2f6e2737050107a7fe17e70296d97b7e791	Whole interface group identical to 949 source	15be4d3bd9999c65fae9e110059d996fd9bdcf51e54d4b777c525b59e3f19915
component	517:286	bank:preset_worn_tree_layer	3	517	-1	52a9ba405049ffcb4f1430a9c55ca2f6e2737050107a7fe17e70296d97b7e791	Whole interface group identical to 949 source	15be4d3bd9999c65fae9e110059d996fd9bdcf51e54d4b777c525b59e3f19915
component	517:3	bank:right_panel	3	517	-1	52a9ba405049ffcb4f1430a9c55ca2f6e2737050107a7fe17e70296d97b7e791	Whole interface group identical to 949 source	15be4d3bd9999c65fae9e110059d996fd9bdcf51e54d4b777c525b59e3f19915
component	517:195	bank:scrollbar	3	517	-1	52a9ba405049ffcb4f1430a9c55ca2f6e2737050107a7fe17e70296d97b7e791	Whole interface group identical to 949 source	15be4d3bd9999c65fae9e110059d996fd9bdcf51e54d4b777c525b59e3f19915
component	517:26	bank:scrolling_layer	3	517	-1	52a9ba405049ffcb4f1430a9c55ca2f6e2737050107a7fe17e70296d97b7e791	Whole interface group identical to 949 source	15be4d3bd9999c65fae9e110059d996fd9bdcf51e54d4b777c525b59e3f19915
component	517:233	bank:search_icon	3	517	-1	52a9ba405049ffcb4f1430a9c55ca2f6e2737050107a7fe17e70296d97b7e791	Whole interface group identical to 949 source	15be4d3bd9999c65fae9e110059d996fd9bdcf51e54d4b777c525b59e3f19915
component	517:73	bank:secondary_title_text	3	517	-1	52a9ba405049ffcb4f1430a9c55ca2f6e2737050107a7fe17e70296d97b7e791	Whole interface group identical to 949 source	15be4d3bd9999c65fae9e110059d996fd9bdcf51e54d4b777c525b59e3f19915
component	517:85	bank:separator_1	3	517	-1	52a9ba405049ffcb4f1430a9c55ca2f6e2737050107a7fe17e70296d97b7e791	Whole interface group identical to 949 source	15be4d3bd9999c65fae9e110059d996fd9bdcf51e54d4b777c525b59e3f19915
component	517:120	bank:separator_2	3	517	-1	52a9ba405049ffcb4f1430a9c55ca2f6e2737050107a7fe17e70296d97b7e791	Whole interface group identical to 949 source	15be4d3bd9999c65fae9e110059d996fd9bdcf51e54d4b777c525b59e3f19915
component	517:129	bank:separator_3	3	517	-1	52a9ba405049ffcb4f1430a9c55ca2f6e2737050107a7fe17e70296d97b7e791	Whole interface group identical to 949 source	15be4d3bd9999c65fae9e110059d996fd9bdcf51e54d4b777c525b59e3f19915
component	517:247	bank:separator_4	3	517	-1	52a9ba405049ffcb4f1430a9c55ca2f6e2737050107a7fe17e70296d97b7e791	Whole interface group identical to 949 source	15be4d3bd9999c65fae9e110059d996fd9bdcf51e54d4b777c525b59e3f19915
component	517:116	bank:share_preset_quick_buttons	3	517	-1	52a9ba405049ffcb4f1430a9c55ca2f6e2737050107a7fe17e70296d97b7e791	Whole interface group identical to 949 source	15be4d3bd9999c65fae9e110059d996fd9bdcf51e54d4b777c525b59e3f19915
component	517:117	bank:share_quick_build	3	517	-1	52a9ba405049ffcb4f1430a9c55ca2f6e2737050107a7fe17e70296d97b7e791	Whole interface group identical to 949 source	15be4d3bd9999c65fae9e110059d996fd9bdcf51e54d4b777c525b59e3f19915
component	517:119	bank:share_quick_click	3	517	-1	52a9ba405049ffcb4f1430a9c55ca2f6e2737050107a7fe17e70296d97b7e791	Whole interface group identical to 949 source	15be4d3bd9999c65fae9e110059d996fd9bdcf51e54d4b777c525b59e3f19915
component	517:118	bank:share_quick_disabled	3	517	-1	52a9ba405049ffcb4f1430a9c55ca2f6e2737050107a7fe17e70296d97b7e791	Whole interface group identical to 949 source	15be4d3bd9999c65fae9e110059d996fd9bdcf51e54d4b777c525b59e3f19915
component	517:152	bank:side_tab_options	3	517	-1	52a9ba405049ffcb4f1430a9c55ca2f6e2737050107a7fe17e70296d97b7e791	Whole interface group identical to 949 source	15be4d3bd9999c65fae9e110059d996fd9bdcf51e54d4b777c525b59e3f19915
component	517:153	bank:side_tab_presets	3	517	-1	52a9ba405049ffcb4f1430a9c55ca2f6e2737050107a7fe17e70296d97b7e791	Whole interface group identical to 949 source	15be4d3bd9999c65fae9e110059d996fd9bdcf51e54d4b777c525b59e3f19915
component	517:27	bank:slot_layer	3	517	-1	52a9ba405049ffcb4f1430a9c55ca2f6e2737050107a7fe17e70296d97b7e791	Whole interface group identical to 949 source	15be4d3bd9999c65fae9e110059d996fd9bdcf51e54d4b777c525b59e3f19915
component	517:204	bank:tab_dividers	3	517	-1	52a9ba405049ffcb4f1430a9c55ca2f6e2737050107a7fe17e70296d97b7e791	Whole interface group identical to 949 source	15be4d3bd9999c65fae9e110059d996fd9bdcf51e54d4b777c525b59e3f19915
component	517:200	bank:tab_highlights	3	517	-1	52a9ba405049ffcb4f1430a9c55ca2f6e2737050107a7fe17e70296d97b7e791	Whole interface group identical to 949 source	15be4d3bd9999c65fae9e110059d996fd9bdcf51e54d4b777c525b59e3f19915
component	517:203	bank:tab_separators	3	517	-1	52a9ba405049ffcb4f1430a9c55ca2f6e2737050107a7fe17e70296d97b7e791	Whole interface group identical to 949 source	15be4d3bd9999c65fae9e110059d996fd9bdcf51e54d4b777c525b59e3f19915
component	517:206	bank:tab_spacer_below	3	517	-1	52a9ba405049ffcb4f1430a9c55ca2f6e2737050107a7fe17e70296d97b7e791	Whole interface group identical to 949 source	15be4d3bd9999c65fae9e110059d996fd9bdcf51e54d4b777c525b59e3f19915
component	517:205	bank:tab_spacer_endrow	3	517	-1	52a9ba405049ffcb4f1430a9c55ca2f6e2737050107a7fe17e70296d97b7e791	Whole interface group identical to 949 source	15be4d3bd9999c65fae9e110059d996fd9bdcf51e54d4b777c525b59e3f19915
component	517:51	bank:tab_switching_button	3	517	-1	52a9ba405049ffcb4f1430a9c55ca2f6e2737050107a7fe17e70296d97b7e791	Whole interface group identical to 949 source	15be4d3bd9999c65fae9e110059d996fd9bdcf51e54d4b777c525b59e3f19915
component	517:52	bank:tab_switching_icon	3	517	-1	52a9ba405049ffcb4f1430a9c55ca2f6e2737050107a7fe17e70296d97b7e791	Whole interface group identical to 949 source	15be4d3bd9999c65fae9e110059d996fd9bdcf51e54d4b777c525b59e3f19915
component	517:50	bank:tab_switching_layer	3	517	-1	52a9ba405049ffcb4f1430a9c55ca2f6e2737050107a7fe17e70296d97b7e791	Whole interface group identical to 949 source	15be4d3bd9999c65fae9e110059d996fd9bdcf51e54d4b777c525b59e3f19915
component	517:158	bank:tabs	3	517	-1	52a9ba405049ffcb4f1430a9c55ca2f6e2737050107a7fe17e70296d97b7e791	Whole interface group identical to 949 source	15be4d3bd9999c65fae9e110059d996fd9bdcf51e54d4b777c525b59e3f19915
component	517:165	bank:tabs_all_button	3	517	-1	52a9ba405049ffcb4f1430a9c55ca2f6e2737050107a7fe17e70296d97b7e791	Whole interface group identical to 949 source	15be4d3bd9999c65fae9e110059d996fd9bdcf51e54d4b777c525b59e3f19915
component	517:169	bank:tabs_click	3	517	-1	52a9ba405049ffcb4f1430a9c55ca2f6e2737050107a7fe17e70296d97b7e791	Whole interface group identical to 949 source	15be4d3bd9999c65fae9e110059d996fd9bdcf51e54d4b777c525b59e3f19915
component	517:168	bank:tabs_dynamic	3	517	-1	52a9ba405049ffcb4f1430a9c55ca2f6e2737050107a7fe17e70296d97b7e791	Whole interface group identical to 949 source	15be4d3bd9999c65fae9e110059d996fd9bdcf51e54d4b777c525b59e3f19915
component	517:170	bank:tabs_icons	3	517	-1	52a9ba405049ffcb4f1430a9c55ca2f6e2737050107a7fe17e70296d97b7e791	Whole interface group identical to 949 source	15be4d3bd9999c65fae9e110059d996fd9bdcf51e54d4b777c525b59e3f19915
component	517:162	bank:tabs_scroll_down	3	517	-1	52a9ba405049ffcb4f1430a9c55ca2f6e2737050107a7fe17e70296d97b7e791	Whole interface group identical to 949 source	15be4d3bd9999c65fae9e110059d996fd9bdcf51e54d4b777c525b59e3f19915
component	517:163	bank:tabs_scroll_down_bg	3	517	-1	52a9ba405049ffcb4f1430a9c55ca2f6e2737050107a7fe17e70296d97b7e791	Whole interface group identical to 949 source	15be4d3bd9999c65fae9e110059d996fd9bdcf51e54d4b777c525b59e3f19915
component	517:164	bank:tabs_scroll_down_icon	3	517	-1	52a9ba405049ffcb4f1430a9c55ca2f6e2737050107a7fe17e70296d97b7e791	Whole interface group identical to 949 source	15be4d3bd9999c65fae9e110059d996fd9bdcf51e54d4b777c525b59e3f19915
component	517:159	bank:tabs_scroll_up	3	517	-1	52a9ba405049ffcb4f1430a9c55ca2f6e2737050107a7fe17e70296d97b7e791	Whole interface group identical to 949 source	15be4d3bd9999c65fae9e110059d996fd9bdcf51e54d4b777c525b59e3f19915
component	517:160	bank:tabs_scroll_up_bg	3	517	-1	52a9ba405049ffcb4f1430a9c55ca2f6e2737050107a7fe17e70296d97b7e791	Whole interface group identical to 949 source	15be4d3bd9999c65fae9e110059d996fd9bdcf51e54d4b777c525b59e3f19915
component	517:161	bank:tabs_scroll_up_icon	3	517	-1	52a9ba405049ffcb4f1430a9c55ca2f6e2737050107a7fe17e70296d97b7e791	Whole interface group identical to 949 source	15be4d3bd9999c65fae9e110059d996fd9bdcf51e54d4b777c525b59e3f19915
component	517:171	bank:tabs_spacers	3	517	-1	52a9ba405049ffcb4f1430a9c55ca2f6e2737050107a7fe17e70296d97b7e791	Whole interface group identical to 949 source	15be4d3bd9999c65fae9e110059d996fd9bdcf51e54d4b777c525b59e3f19915
component	517:232	bank:text_input_border	3	517	-1	52a9ba405049ffcb4f1430a9c55ca2f6e2737050107a7fe17e70296d97b7e791	Whole interface group identical to 949 source	15be4d3bd9999c65fae9e110059d996fd9bdcf51e54d4b777c525b59e3f19915
component	517:236	bank:text_input_caret	3	517	-1	52a9ba405049ffcb4f1430a9c55ca2f6e2737050107a7fe17e70296d97b7e791	Whole interface group identical to 949 source	15be4d3bd9999c65fae9e110059d996fd9bdcf51e54d4b777c525b59e3f19915
component	517:239	bank:text_input_clickout	3	517	-1	52a9ba405049ffcb4f1430a9c55ca2f6e2737050107a7fe17e70296d97b7e791	Whole interface group identical to 949 source	15be4d3bd9999c65fae9e110059d996fd9bdcf51e54d4b777c525b59e3f19915
component	517:237	bank:text_input_display	3	517	-1	52a9ba405049ffcb4f1430a9c55ca2f6e2737050107a7fe17e70296d97b7e791	Whole interface group identical to 949 source	15be4d3bd9999c65fae9e110059d996fd9bdcf51e54d4b777c525b59e3f19915
component	517:235	bank:text_input_listen	3	517	-1	52a9ba405049ffcb4f1430a9c55ca2f6e2737050107a7fe17e70296d97b7e791	Whole interface group identical to 949 source	15be4d3bd9999c65fae9e110059d996fd9bdcf51e54d4b777c525b59e3f19915
component	517:234	bank:text_input_listener	3	517	-1	52a9ba405049ffcb4f1430a9c55ca2f6e2737050107a7fe17e70296d97b7e791	Whole interface group identical to 949 source	15be4d3bd9999c65fae9e110059d996fd9bdcf51e54d4b777c525b59e3f19915
component	517:238	bank:text_input_stop_click	3	517	-1	52a9ba405049ffcb4f1430a9c55ca2f6e2737050107a7fe17e70296d97b7e791	Whole interface group identical to 949 source	15be4d3bd9999c65fae9e110059d996fd9bdcf51e54d4b777c525b59e3f19915
component	517:25	bank:tree_layer	3	517	-1	52a9ba405049ffcb4f1430a9c55ca2f6e2737050107a7fe17e70296d97b7e791	Whole interface group identical to 949 source	15be4d3bd9999c65fae9e110059d996fd9bdcf51e54d4b777c525b59e3f19915
component	517:282	bank:worn_bounding_layer	3	517	-1	52a9ba405049ffcb4f1430a9c55ca2f6e2737050107a7fe17e70296d97b7e791	Whole interface group identical to 949 source	15be4d3bd9999c65fae9e110059d996fd9bdcf51e54d4b777c525b59e3f19915
component	517:22	bank:worn_container	3	517	-1	52a9ba405049ffcb4f1430a9c55ca2f6e2737050107a7fe17e70296d97b7e791	Whole interface group identical to 949 source	15be4d3bd9999c65fae9e110059d996fd9bdcf51e54d4b777c525b59e3f19915
component	517:24	bank:worn_content_layer	3	517	-1	52a9ba405049ffcb4f1430a9c55ca2f6e2737050107a7fe17e70296d97b7e791	Whole interface group identical to 949 source	15be4d3bd9999c65fae9e110059d996fd9bdcf51e54d4b777c525b59e3f19915
component	517:30	bank:worn_stats	3	517	-1	52a9ba405049ffcb4f1430a9c55ca2f6e2737050107a7fe17e70296d97b7e791	Whole interface group identical to 949 source	15be4d3bd9999c65fae9e110059d996fd9bdcf51e54d4b777c525b59e3f19915
component	517:308	bank:worn_stats_bg	3	517	-1	52a9ba405049ffcb4f1430a9c55ca2f6e2737050107a7fe17e70296d97b7e791	Whole interface group identical to 949 source	15be4d3bd9999c65fae9e110059d996fd9bdcf51e54d4b777c525b59e3f19915
component	517:310	bank:worn_stats_close	3	517	-1	52a9ba405049ffcb4f1430a9c55ca2f6e2737050107a7fe17e70296d97b7e791	Whole interface group identical to 949 source	15be4d3bd9999c65fae9e110059d996fd9bdcf51e54d4b777c525b59e3f19915
component	517:307	bank:worn_stats_panel	3	517	-1	52a9ba405049ffcb4f1430a9c55ca2f6e2737050107a7fe17e70296d97b7e791	Whole interface group identical to 949 source	15be4d3bd9999c65fae9e110059d996fd9bdcf51e54d4b777c525b59e3f19915
component	517:309	bank:worn_stats_suboverlay	3	517	-1	52a9ba405049ffcb4f1430a9c55ca2f6e2737050107a7fe17e70296d97b7e791	Whole interface group identical to 949 source	15be4d3bd9999c65fae9e110059d996fd9bdcf51e54d4b777c525b59e3f19915
component	517:59	bank:worn_tab_build	3	517	-1	52a9ba405049ffcb4f1430a9c55ca2f6e2737050107a7fe17e70296d97b7e791	Whole interface group identical to 949 source	15be4d3bd9999c65fae9e110059d996fd9bdcf51e54d4b777c525b59e3f19915
component	517:60	bank:worn_tab_click	3	517	-1	52a9ba405049ffcb4f1430a9c55ca2f6e2737050107a7fe17e70296d97b7e791	Whole interface group identical to 949 source	15be4d3bd9999c65fae9e110059d996fd9bdcf51e54d4b777c525b59e3f19915
component	517:58	bank:worn_tab_layer	3	517	-1	52a9ba405049ffcb4f1430a9c55ca2f6e2737050107a7fe17e70296d97b7e791	Whole interface group identical to 949 source	15be4d3bd9999c65fae9e110059d996fd9bdcf51e54d4b777c525b59e3f19915
component	623:20	machinima_skybox_filter:3x3_button	3	623	-1	93d10aa193b3d225910a377249cdae4fdd470283efdbd919e701cfd343dddb95	Whole interface group identical to 949 source	15be4d3bd9999c65fae9e110059d996fd9bdcf51e54d4b777c525b59e3f19915
component	623:19	machinima_skybox_filter:3x3_button_1	3	623	-1	93d10aa193b3d225910a377249cdae4fdd470283efdbd919e701cfd343dddb95	Whole interface group identical to 949 source	15be4d3bd9999c65fae9e110059d996fd9bdcf51e54d4b777c525b59e3f19915
component	623:99	machinima_skybox_filter:3x3_button_10	3	623	-1	93d10aa193b3d225910a377249cdae4fdd470283efdbd919e701cfd343dddb95	Whole interface group identical to 949 source	15be4d3bd9999c65fae9e110059d996fd9bdcf51e54d4b777c525b59e3f19915
component	623:107	machinima_skybox_filter:3x3_button_11	3	623	-1	93d10aa193b3d225910a377249cdae4fdd470283efdbd919e701cfd343dddb95	Whole interface group identical to 949 source	15be4d3bd9999c65fae9e110059d996fd9bdcf51e54d4b777c525b59e3f19915
component	623:18	machinima_skybox_filter:3x3_button_2	3	623	-1	93d10aa193b3d225910a377249cdae4fdd470283efdbd919e701cfd343dddb95	Whole interface group identical to 949 source	15be4d3bd9999c65fae9e110059d996fd9bdcf51e54d4b777c525b59e3f19915
component	623:70	machinima_skybox_filter:3x3_button_3	3	623	-1	93d10aa193b3d225910a377249cdae4fdd470283efdbd919e701cfd343dddb95	Whole interface group identical to 949 source	15be4d3bd9999c65fae9e110059d996fd9bdcf51e54d4b777c525b59e3f19915
component	623:74	machinima_skybox_filter:3x3_button_4	3	623	-1	93d10aa193b3d225910a377249cdae4fdd470283efdbd919e701cfd343dddb95	Whole interface group identical to 949 source	15be4d3bd9999c65fae9e110059d996fd9bdcf51e54d4b777c525b59e3f19915
component	623:59	machinima_skybox_filter:3x3_button_5	3	623	-1	93d10aa193b3d225910a377249cdae4fdd470283efdbd919e701cfd343dddb95	Whole interface group identical to 949 source	15be4d3bd9999c65fae9e110059d996fd9bdcf51e54d4b777c525b59e3f19915
component	623:78	machinima_skybox_filter:3x3_button_6	3	623	-1	93d10aa193b3d225910a377249cdae4fdd470283efdbd919e701cfd343dddb95	Whole interface group identical to 949 source	15be4d3bd9999c65fae9e110059d996fd9bdcf51e54d4b777c525b59e3f19915
component	623:86	machinima_skybox_filter:3x3_button_7	3	623	-1	93d10aa193b3d225910a377249cdae4fdd470283efdbd919e701cfd343dddb95	Whole interface group identical to 949 source	15be4d3bd9999c65fae9e110059d996fd9bdcf51e54d4b777c525b59e3f19915
component	623:91	machinima_skybox_filter:3x3_button_8	3	623	-1	93d10aa193b3d225910a377249cdae4fdd470283efdbd919e701cfd343dddb95	Whole interface group identical to 949 source	15be4d3bd9999c65fae9e110059d996fd9bdcf51e54d4b777c525b59e3f19915
component	623:95	machinima_skybox_filter:3x3_button_9	3	623	-1	93d10aa193b3d225910a377249cdae4fdd470283efdbd919e701cfd343dddb95	Whole interface group identical to 949 source	15be4d3bd9999c65fae9e110059d996fd9bdcf51e54d4b777c525b59e3f19915
component	623:31	machinima_skybox_filter:advanced_layer	3	623	-1	93d10aa193b3d225910a377249cdae4fdd470283efdbd919e701cfd343dddb95	Whole interface group identical to 949 source	15be4d3bd9999c65fae9e110059d996fd9bdcf51e54d4b777c525b59e3f19915
component	623:25	machinima_skybox_filter:advanced_tab	3	623	-1	93d10aa193b3d225910a377249cdae4fdd470283efdbd919e701cfd343dddb95	Whole interface group identical to 949 source	15be4d3bd9999c65fae9e110059d996fd9bdcf51e54d4b777c525b59e3f19915
component	623:46	machinima_skybox_filter:advanced_tab_build	3	623	-1	93d10aa193b3d225910a377249cdae4fdd470283efdbd919e701cfd343dddb95	Whole interface group identical to 949 source	15be4d3bd9999c65fae9e110059d996fd9bdcf51e54d4b777c525b59e3f19915
component	623:47	machinima_skybox_filter:advanced_tab_click	3	623	-1	93d10aa193b3d225910a377249cdae4fdd470283efdbd919e701cfd343dddb95	Whole interface group identical to 949 source	15be4d3bd9999c65fae9e110059d996fd9bdcf51e54d4b777c525b59e3f19915
component	623:37	machinima_skybox_filter:button_click_layer	3	623	-1	93d10aa193b3d225910a377249cdae4fdd470283efdbd919e701cfd343dddb95	Whole interface group identical to 949 source	15be4d3bd9999c65fae9e110059d996fd9bdcf51e54d4b777c525b59e3f19915
component	623:36	machinima_skybox_filter:button_draw_layer	3	623	-1	93d10aa193b3d225910a377249cdae4fdd470283efdbd919e701cfd343dddb95	Whole interface group identical to 949 source	15be4d3bd9999c65fae9e110059d996fd9bdcf51e54d4b777c525b59e3f19915
component	623:34	machinima_skybox_filter:button_layer	3	623	-1	93d10aa193b3d225910a377249cdae4fdd470283efdbd919e701cfd343dddb95	Whole interface group identical to 949 source	15be4d3bd9999c65fae9e110059d996fd9bdcf51e54d4b777c525b59e3f19915
component	623:35	machinima_skybox_filter:button_scroll_layer	3	623	-1	93d10aa193b3d225910a377249cdae4fdd470283efdbd919e701cfd343dddb95	Whole interface group identical to 949 source	15be4d3bd9999c65fae9e110059d996fd9bdcf51e54d4b777c525b59e3f19915
component	623:14	machinima_skybox_filter:buttons	3	623	-1	93d10aa193b3d225910a377249cdae4fdd470283efdbd919e701cfd343dddb95	Whole interface group identical to 949 source	15be4d3bd9999c65fae9e110059d996fd9bdcf51e54d4b777c525b59e3f19915
component	623:103	machinima_skybox_filter:com_103	3	623	-1	93d10aa193b3d225910a377249cdae4fdd470283efdbd919e701cfd343dddb95	Whole interface group identical to 949 source	15be4d3bd9999c65fae9e110059d996fd9bdcf51e54d4b777c525b59e3f19915
component	623:104	machinima_skybox_filter:com_104	3	623	-1	93d10aa193b3d225910a377249cdae4fdd470283efdbd919e701cfd343dddb95	Whole interface group identical to 949 source	15be4d3bd9999c65fae9e110059d996fd9bdcf51e54d4b777c525b59e3f19915
component	623:105	machinima_skybox_filter:com_105	3	623	-1	93d10aa193b3d225910a377249cdae4fdd470283efdbd919e701cfd343dddb95	Whole interface group identical to 949 source	15be4d3bd9999c65fae9e110059d996fd9bdcf51e54d4b777c525b59e3f19915
component	623:106	machinima_skybox_filter:com_106	3	623	-1	93d10aa193b3d225910a377249cdae4fdd470283efdbd919e701cfd343dddb95	Whole interface group identical to 949 source	15be4d3bd9999c65fae9e110059d996fd9bdcf51e54d4b777c525b59e3f19915
component	623:111	machinima_skybox_filter:com_111	3	623	-1	93d10aa193b3d225910a377249cdae4fdd470283efdbd919e701cfd343dddb95	Whole interface group identical to 949 source	15be4d3bd9999c65fae9e110059d996fd9bdcf51e54d4b777c525b59e3f19915
component	623:21	machinima_skybox_filter:com_21	3	623	-1	93d10aa193b3d225910a377249cdae4fdd470283efdbd919e701cfd343dddb95	Whole interface group identical to 949 source	15be4d3bd9999c65fae9e110059d996fd9bdcf51e54d4b777c525b59e3f19915
component	623:22	machinima_skybox_filter:com_22	3	623	-1	93d10aa193b3d225910a377249cdae4fdd470283efdbd919e701cfd343dddb95	Whole interface group identical to 949 source	15be4d3bd9999c65fae9e110059d996fd9bdcf51e54d4b777c525b59e3f19915
component	623:23	machinima_skybox_filter:com_23	3	623	-1	93d10aa193b3d225910a377249cdae4fdd470283efdbd919e701cfd343dddb95	Whole interface group identical to 949 source	15be4d3bd9999c65fae9e110059d996fd9bdcf51e54d4b777c525b59e3f19915
component	623:24	machinima_skybox_filter:com_24	3	623	-1	93d10aa193b3d225910a377249cdae4fdd470283efdbd919e701cfd343dddb95	Whole interface group identical to 949 source	15be4d3bd9999c65fae9e110059d996fd9bdcf51e54d4b777c525b59e3f19915
component	623:63	machinima_skybox_filter:com_63	3	623	-1	93d10aa193b3d225910a377249cdae4fdd470283efdbd919e701cfd343dddb95	Whole interface group identical to 949 source	15be4d3bd9999c65fae9e110059d996fd9bdcf51e54d4b777c525b59e3f19915
component	623:82	machinima_skybox_filter:com_82	3	623	-1	93d10aa193b3d225910a377249cdae4fdd470283efdbd919e701cfd343dddb95	Whole interface group identical to 949 source	15be4d3bd9999c65fae9e110059d996fd9bdcf51e54d4b777c525b59e3f19915
component	623:83	machinima_skybox_filter:com_83	3	623	-1	93d10aa193b3d225910a377249cdae4fdd470283efdbd919e701cfd343dddb95	Whole interface group identical to 949 source	15be4d3bd9999c65fae9e110059d996fd9bdcf51e54d4b777c525b59e3f19915
component	623:84	machinima_skybox_filter:com_84	3	623	-1	93d10aa193b3d225910a377249cdae4fdd470283efdbd919e701cfd343dddb95	Whole interface group identical to 949 source	15be4d3bd9999c65fae9e110059d996fd9bdcf51e54d4b777c525b59e3f19915
component	623:85	machinima_skybox_filter:com_85	3	623	-1	93d10aa193b3d225910a377249cdae4fdd470283efdbd919e701cfd343dddb95	Whole interface group identical to 949 source	15be4d3bd9999c65fae9e110059d996fd9bdcf51e54d4b777c525b59e3f19915
component	623:90	machinima_skybox_filter:com_90	3	623	-1	93d10aa193b3d225910a377249cdae4fdd470283efdbd919e701cfd343dddb95	Whole interface group identical to 949 source	15be4d3bd9999c65fae9e110059d996fd9bdcf51e54d4b777c525b59e3f19915
component	623:11	machinima_skybox_filter:content_panel_blue	3	623	-1	93d10aa193b3d225910a377249cdae4fdd470283efdbd919e701cfd343dddb95	Whole interface group identical to 949 source	15be4d3bd9999c65fae9e110059d996fd9bdcf51e54d4b777c525b59e3f19915
component	623:64	machinima_skybox_filter:data_build	3	623	-1	93d10aa193b3d225910a377249cdae4fdd470283efdbd919e701cfd343dddb95	Whole interface group identical to 949 source	15be4d3bd9999c65fae9e110059d996fd9bdcf51e54d4b777c525b59e3f19915
component	623:15	machinima_skybox_filter:data_button	3	623	-1	93d10aa193b3d225910a377249cdae4fdd470283efdbd919e701cfd343dddb95	Whole interface group identical to 949 source	15be4d3bd9999c65fae9e110059d996fd9bdcf51e54d4b777c525b59e3f19915
component	623:65	machinima_skybox_filter:data_click	3	623	-1	93d10aa193b3d225910a377249cdae4fdd470283efdbd919e701cfd343dddb95	Whole interface group identical to 949 source	15be4d3bd9999c65fae9e110059d996fd9bdcf51e54d4b777c525b59e3f19915
component	623:39	machinima_skybox_filter:description	3	623	-1	93d10aa193b3d225910a377249cdae4fdd470283efdbd919e701cfd343dddb95	Whole interface group identical to 949 source	15be4d3bd9999c65fae9e110059d996fd9bdcf51e54d4b777c525b59e3f19915
component	623:66	machinima_skybox_filter:enable_advanced_build_withlabel	3	623	-1	93d10aa193b3d225910a377249cdae4fdd470283efdbd919e701cfd343dddb95	Whole interface group identical to 949 source	15be4d3bd9999c65fae9e110059d996fd9bdcf51e54d4b777c525b59e3f19915
component	623:9	machinima_skybox_filter:enable_advanced_checkbox_withlabel	3	623	-1	93d10aa193b3d225910a377249cdae4fdd470283efdbd919e701cfd343dddb95	Whole interface group identical to 949 source	15be4d3bd9999c65fae9e110059d996fd9bdcf51e54d4b777c525b59e3f19915
component	623:67	machinima_skybox_filter:enable_advanced_click_withlabel	3	623	-1	93d10aa193b3d225910a377249cdae4fdd470283efdbd919e701cfd343dddb95	Whole interface group identical to 949 source	15be4d3bd9999c65fae9e110059d996fd9bdcf51e54d4b777c525b59e3f19915
component	623:26	machinima_skybox_filter:filter_tab	3	623	-1	93d10aa193b3d225910a377249cdae4fdd470283efdbd919e701cfd343dddb95	Whole interface group identical to 949 source	15be4d3bd9999c65fae9e110059d996fd9bdcf51e54d4b777c525b59e3f19915
component	623:44	machinima_skybox_filter:filter_tab_build	3	623	-1	93d10aa193b3d225910a377249cdae4fdd470283efdbd919e701cfd343dddb95	Whole interface group identical to 949 source	15be4d3bd9999c65fae9e110059d996fd9bdcf51e54d4b777c525b59e3f19915
component	623:45	machinima_skybox_filter:filter_tab_click	3	623	-1	93d10aa193b3d225910a377249cdae4fdd470283efdbd919e701cfd343dddb95	Whole interface group identical to 949 source	15be4d3bd9999c65fae9e110059d996fd9bdcf51e54d4b777c525b59e3f19915
component	623:71	machinima_skybox_filter:fog_b_build	3	623	-1	93d10aa193b3d225910a377249cdae4fdd470283efdbd919e701cfd343dddb95	Whole interface group identical to 949 source	15be4d3bd9999c65fae9e110059d996fd9bdcf51e54d4b777c525b59e3f19915
component	623:72	machinima_skybox_filter:fog_b_click	3	623	-1	93d10aa193b3d225910a377249cdae4fdd470283efdbd919e701cfd343dddb95	Whole interface group identical to 949 source	15be4d3bd9999c65fae9e110059d996fd9bdcf51e54d4b777c525b59e3f19915
component	623:3	machinima_skybox_filter:fog_colour	3	623	-1	93d10aa193b3d225910a377249cdae4fdd470283efdbd919e701cfd343dddb95	Whole interface group identical to 949 source	15be4d3bd9999c65fae9e110059d996fd9bdcf51e54d4b777c525b59e3f19915
component	623:73	machinima_skybox_filter:fog_colour_b	3	623	-1	93d10aa193b3d225910a377249cdae4fdd470283efdbd919e701cfd343dddb95	Whole interface group identical to 949 source	15be4d3bd9999c65fae9e110059d996fd9bdcf51e54d4b777c525b59e3f19915
component	623:77	machinima_skybox_filter:fog_colour_g	3	623	-1	93d10aa193b3d225910a377249cdae4fdd470283efdbd919e701cfd343dddb95	Whole interface group identical to 949 source	15be4d3bd9999c65fae9e110059d996fd9bdcf51e54d4b777c525b59e3f19915
component	623:81	machinima_skybox_filter:fog_colour_r	3	623	-1	93d10aa193b3d225910a377249cdae4fdd470283efdbd919e701cfd343dddb95	Whole interface group identical to 949 source	15be4d3bd9999c65fae9e110059d996fd9bdcf51e54d4b777c525b59e3f19915
component	623:4	machinima_skybox_filter:fog_depth	3	623	-1	93d10aa193b3d225910a377249cdae4fdd470283efdbd919e701cfd343dddb95	Whole interface group identical to 949 source	15be4d3bd9999c65fae9e110059d996fd9bdcf51e54d4b777c525b59e3f19915
component	623:87	machinima_skybox_filter:fog_depth_build	3	623	-1	93d10aa193b3d225910a377249cdae4fdd470283efdbd919e701cfd343dddb95	Whole interface group identical to 949 source	15be4d3bd9999c65fae9e110059d996fd9bdcf51e54d4b777c525b59e3f19915
component	623:88	machinima_skybox_filter:fog_depth_click	3	623	-1	93d10aa193b3d225910a377249cdae4fdd470283efdbd919e701cfd343dddb95	Whole interface group identical to 949 source	15be4d3bd9999c65fae9e110059d996fd9bdcf51e54d4b777c525b59e3f19915
component	623:89	machinima_skybox_filter:fog_depth_text	3	623	-1	93d10aa193b3d225910a377249cdae4fdd470283efdbd919e701cfd343dddb95	Whole interface group identical to 949 source	15be4d3bd9999c65fae9e110059d996fd9bdcf51e54d4b777c525b59e3f19915
component	623:75	machinima_skybox_filter:fog_g_build	3	623	-1	93d10aa193b3d225910a377249cdae4fdd470283efdbd919e701cfd343dddb95	Whole interface group identical to 949 source	15be4d3bd9999c65fae9e110059d996fd9bdcf51e54d4b777c525b59e3f19915
component	623:76	machinima_skybox_filter:fog_g_click	3	623	-1	93d10aa193b3d225910a377249cdae4fdd470283efdbd919e701cfd343dddb95	Whole interface group identical to 949 source	15be4d3bd9999c65fae9e110059d996fd9bdcf51e54d4b777c525b59e3f19915
component	623:79	machinima_skybox_filter:fog_r_build	3	623	-1	93d10aa193b3d225910a377249cdae4fdd470283efdbd919e701cfd343dddb95	Whole interface group identical to 949 source	15be4d3bd9999c65fae9e110059d996fd9bdcf51e54d4b777c525b59e3f19915
component	623:80	machinima_skybox_filter:fog_r_click	3	623	-1	93d10aa193b3d225910a377249cdae4fdd470283efdbd919e701cfd343dddb95	Whole interface group identical to 949 source	15be4d3bd9999c65fae9e110059d996fd9bdcf51e54d4b777c525b59e3f19915
component	623:33	machinima_skybox_filter:line	3	623	-1	93d10aa193b3d225910a377249cdae4fdd470283efdbd919e701cfd343dddb95	Whole interface group identical to 949 source	15be4d3bd9999c65fae9e110059d996fd9bdcf51e54d4b777c525b59e3f19915
component	623:0	machinima_skybox_filter:line_1	3	623	-1	93d10aa193b3d225910a377249cdae4fdd470283efdbd919e701cfd343dddb95	Whole interface group identical to 949 source	15be4d3bd9999c65fae9e110059d996fd9bdcf51e54d4b777c525b59e3f19915
component	623:68	machinima_skybox_filter:load_save_build	3	623	-1	93d10aa193b3d225910a377249cdae4fdd470283efdbd919e701cfd343dddb95	Whole interface group identical to 949 source	15be4d3bd9999c65fae9e110059d996fd9bdcf51e54d4b777c525b59e3f19915
component	623:16	machinima_skybox_filter:load_save_button	3	623	-1	93d10aa193b3d225910a377249cdae4fdd470283efdbd919e701cfd343dddb95	Whole interface group identical to 949 source	15be4d3bd9999c65fae9e110059d996fd9bdcf51e54d4b777c525b59e3f19915
component	623:69	machinima_skybox_filter:load_save_click	3	623	-1	93d10aa193b3d225910a377249cdae4fdd470283efdbd919e701cfd343dddb95	Whole interface group identical to 949 source	15be4d3bd9999c65fae9e110059d996fd9bdcf51e54d4b777c525b59e3f19915
component	623:28	machinima_skybox_filter:mainmodal_window	3	623	-1	93d10aa193b3d225910a377249cdae4fdd470283efdbd919e701cfd343dddb95	Whole interface group identical to 949 source	15be4d3bd9999c65fae9e110059d996fd9bdcf51e54d4b777c525b59e3f19915
component	623:29	machinima_skybox_filter:mainmodal_window_background	3	623	-1	93d10aa193b3d225910a377249cdae4fdd470283efdbd919e701cfd343dddb95	Whole interface group identical to 949 source	15be4d3bd9999c65fae9e110059d996fd9bdcf51e54d4b777c525b59e3f19915
component	623:40	machinima_skybox_filter:mainmodal_window_border	3	623	-1	93d10aa193b3d225910a377249cdae4fdd470283efdbd919e701cfd343dddb95	Whole interface group identical to 949 source	15be4d3bd9999c65fae9e110059d996fd9bdcf51e54d4b777c525b59e3f19915
component	623:41	machinima_skybox_filter:mainmodal_window_close_button	3	623	-1	93d10aa193b3d225910a377249cdae4fdd470283efdbd919e701cfd343dddb95	Whole interface group identical to 949 source	15be4d3bd9999c65fae9e110059d996fd9bdcf51e54d4b777c525b59e3f19915
component	623:30	machinima_skybox_filter:mainmodal_window_content	3	623	-1	93d10aa193b3d225910a377249cdae4fdd470283efdbd919e701cfd343dddb95	Whole interface group identical to 949 source	15be4d3bd9999c65fae9e110059d996fd9bdcf51e54d4b777c525b59e3f19915
component	623:48	machinima_skybox_filter:save_build	3	623	-1	93d10aa193b3d225910a377249cdae4fdd470283efdbd919e701cfd343dddb95	Whole interface group identical to 949 source	15be4d3bd9999c65fae9e110059d996fd9bdcf51e54d4b777c525b59e3f19915
component	623:17	machinima_skybox_filter:save_button	3	623	-1	93d10aa193b3d225910a377249cdae4fdd470283efdbd919e701cfd343dddb95	Whole interface group identical to 949 source	15be4d3bd9999c65fae9e110059d996fd9bdcf51e54d4b777c525b59e3f19915
component	623:49	machinima_skybox_filter:save_click	3	623	-1	93d10aa193b3d225910a377249cdae4fdd470283efdbd919e701cfd343dddb95	Whole interface group identical to 949 source	15be4d3bd9999c65fae9e110059d996fd9bdcf51e54d4b777c525b59e3f19915
component	623:12	machinima_skybox_filter:scroll_bar	3	623	-1	93d10aa193b3d225910a377249cdae4fdd470283efdbd919e701cfd343dddb95	Whole interface group identical to 949 source	15be4d3bd9999c65fae9e110059d996fd9bdcf51e54d4b777c525b59e3f19915
component	623:38	machinima_skybox_filter:scroll_bar_button	3	623	-1	93d10aa193b3d225910a377249cdae4fdd470283efdbd919e701cfd343dddb95	Whole interface group identical to 949 source	15be4d3bd9999c65fae9e110059d996fd9bdcf51e54d4b777c525b59e3f19915
component	623:13	machinima_skybox_filter:scroll_layer	3	623	-1	93d10aa193b3d225910a377249cdae4fdd470283efdbd919e701cfd343dddb95	Whole interface group identical to 949 source	15be4d3bd9999c65fae9e110059d996fd9bdcf51e54d4b777c525b59e3f19915
component	623:8	machinima_skybox_filter:skybox_1	3	623	-1	93d10aa193b3d225910a377249cdae4fdd470283efdbd919e701cfd343dddb95	Whole interface group identical to 949 source	15be4d3bd9999c65fae9e110059d996fd9bdcf51e54d4b777c525b59e3f19915
component	623:7	machinima_skybox_filter:skybox_base	3	623	-1	93d10aa193b3d225910a377249cdae4fdd470283efdbd919e701cfd343dddb95	Whole interface group identical to 949 source	15be4d3bd9999c65fae9e110059d996fd9bdcf51e54d4b777c525b59e3f19915
component	623:27	machinima_skybox_filter:skybox_tab	3	623	-1	93d10aa193b3d225910a377249cdae4fdd470283efdbd919e701cfd343dddb95	Whole interface group identical to 949 source	15be4d3bd9999c65fae9e110059d996fd9bdcf51e54d4b777c525b59e3f19915
component	623:42	machinima_skybox_filter:skybox_tab_build	3	623	-1	93d10aa193b3d225910a377249cdae4fdd470283efdbd919e701cfd343dddb95	Whole interface group identical to 949 source	15be4d3bd9999c65fae9e110059d996fd9bdcf51e54d4b777c525b59e3f19915
component	623:43	machinima_skybox_filter:skybox_tab_click	3	623	-1	93d10aa193b3d225910a377249cdae4fdd470283efdbd919e701cfd343dddb95	Whole interface group identical to 949 source	15be4d3bd9999c65fae9e110059d996fd9bdcf51e54d4b777c525b59e3f19915
component	623:2	machinima_skybox_filter:sun_ambient	3	623	-1	93d10aa193b3d225910a377249cdae4fdd470283efdbd919e701cfd343dddb95	Whole interface group identical to 949 source	15be4d3bd9999c65fae9e110059d996fd9bdcf51e54d4b777c525b59e3f19915
component	623:60	machinima_skybox_filter:sun_ambient_build	3	623	-1	93d10aa193b3d225910a377249cdae4fdd470283efdbd919e701cfd343dddb95	Whole interface group identical to 949 source	15be4d3bd9999c65fae9e110059d996fd9bdcf51e54d4b777c525b59e3f19915
component	623:61	machinima_skybox_filter:sun_ambient_click	3	623	-1	93d10aa193b3d225910a377249cdae4fdd470283efdbd919e701cfd343dddb95	Whole interface group identical to 949 source	15be4d3bd9999c65fae9e110059d996fd9bdcf51e54d4b777c525b59e3f19915
component	623:58	machinima_skybox_filter:sun_ambient_colour_b	3	623	-1	93d10aa193b3d225910a377249cdae4fdd470283efdbd919e701cfd343dddb95	Whole interface group identical to 949 source	15be4d3bd9999c65fae9e110059d996fd9bdcf51e54d4b777c525b59e3f19915
component	623:55	machinima_skybox_filter:sun_ambient_colour_g	3	623	-1	93d10aa193b3d225910a377249cdae4fdd470283efdbd919e701cfd343dddb95	Whole interface group identical to 949 source	15be4d3bd9999c65fae9e110059d996fd9bdcf51e54d4b777c525b59e3f19915
component	623:52	machinima_skybox_filter:sun_ambient_colour_r	3	623	-1	93d10aa193b3d225910a377249cdae4fdd470283efdbd919e701cfd343dddb95	Whole interface group identical to 949 source	15be4d3bd9999c65fae9e110059d996fd9bdcf51e54d4b777c525b59e3f19915
component	623:62	machinima_skybox_filter:sun_ambient_text	3	623	-1	93d10aa193b3d225910a377249cdae4fdd470283efdbd919e701cfd343dddb95	Whole interface group identical to 949 source	15be4d3bd9999c65fae9e110059d996fd9bdcf51e54d4b777c525b59e3f19915
component	623:56	machinima_skybox_filter:sun_b_build	3	623	-1	93d10aa193b3d225910a377249cdae4fdd470283efdbd919e701cfd343dddb95	Whole interface group identical to 949 source	15be4d3bd9999c65fae9e110059d996fd9bdcf51e54d4b777c525b59e3f19915
component	623:57	machinima_skybox_filter:sun_b_click	3	623	-1	93d10aa193b3d225910a377249cdae4fdd470283efdbd919e701cfd343dddb95	Whole interface group identical to 949 source	15be4d3bd9999c65fae9e110059d996fd9bdcf51e54d4b777c525b59e3f19915
component	623:1	machinima_skybox_filter:sun_colour	3	623	-1	93d10aa193b3d225910a377249cdae4fdd470283efdbd919e701cfd343dddb95	Whole interface group identical to 949 source	15be4d3bd9999c65fae9e110059d996fd9bdcf51e54d4b777c525b59e3f19915
component	623:53	machinima_skybox_filter:sun_g_build	3	623	-1	93d10aa193b3d225910a377249cdae4fdd470283efdbd919e701cfd343dddb95	Whole interface group identical to 949 source	15be4d3bd9999c65fae9e110059d996fd9bdcf51e54d4b777c525b59e3f19915
component	623:54	machinima_skybox_filter:sun_g_click	3	623	-1	93d10aa193b3d225910a377249cdae4fdd470283efdbd919e701cfd343dddb95	Whole interface group identical to 949 source	15be4d3bd9999c65fae9e110059d996fd9bdcf51e54d4b777c525b59e3f19915
component	623:50	machinima_skybox_filter:sun_r_build	3	623	-1	93d10aa193b3d225910a377249cdae4fdd470283efdbd919e701cfd343dddb95	Whole interface group identical to 949 source	15be4d3bd9999c65fae9e110059d996fd9bdcf51e54d4b777c525b59e3f19915
component	623:51	machinima_skybox_filter:sun_r_click	3	623	-1	93d10aa193b3d225910a377249cdae4fdd470283efdbd919e701cfd343dddb95	Whole interface group identical to 949 source	15be4d3bd9999c65fae9e110059d996fd9bdcf51e54d4b777c525b59e3f19915
component	623:32	machinima_skybox_filter:tab_layer	3	623	-1	93d10aa193b3d225910a377249cdae4fdd470283efdbd919e701cfd343dddb95	Whole interface group identical to 949 source	15be4d3bd9999c65fae9e110059d996fd9bdcf51e54d4b777c525b59e3f19915
component	623:10	machinima_skybox_filter:values	3	623	-1	93d10aa193b3d225910a377249cdae4fdd470283efdbd919e701cfd343dddb95	Whole interface group identical to 949 source	15be4d3bd9999c65fae9e110059d996fd9bdcf51e54d4b777c525b59e3f19915
component	623:92	machinima_skybox_filter:volumetric_b_build	3	623	-1	93d10aa193b3d225910a377249cdae4fdd470283efdbd919e701cfd343dddb95	Whole interface group identical to 949 source	15be4d3bd9999c65fae9e110059d996fd9bdcf51e54d4b777c525b59e3f19915
component	623:93	machinima_skybox_filter:volumetric_b_click	3	623	-1	93d10aa193b3d225910a377249cdae4fdd470283efdbd919e701cfd343dddb95	Whole interface group identical to 949 source	15be4d3bd9999c65fae9e110059d996fd9bdcf51e54d4b777c525b59e3f19915
component	623:5	machinima_skybox_filter:volumetric_colour	3	623	-1	93d10aa193b3d225910a377249cdae4fdd470283efdbd919e701cfd343dddb95	Whole interface group identical to 949 source	15be4d3bd9999c65fae9e110059d996fd9bdcf51e54d4b777c525b59e3f19915
component	623:94	machinima_skybox_filter:volumetric_colour_b	3	623	-1	93d10aa193b3d225910a377249cdae4fdd470283efdbd919e701cfd343dddb95	Whole interface group identical to 949 source	15be4d3bd9999c65fae9e110059d996fd9bdcf51e54d4b777c525b59e3f19915
component	623:98	machinima_skybox_filter:volumetric_colour_g	3	623	-1	93d10aa193b3d225910a377249cdae4fdd470283efdbd919e701cfd343dddb95	Whole interface group identical to 949 source	15be4d3bd9999c65fae9e110059d996fd9bdcf51e54d4b777c525b59e3f19915
component	623:102	machinima_skybox_filter:volumetric_colour_r	3	623	-1	93d10aa193b3d225910a377249cdae4fdd470283efdbd919e701cfd343dddb95	Whole interface group identical to 949 source	15be4d3bd9999c65fae9e110059d996fd9bdcf51e54d4b777c525b59e3f19915
component	623:6	machinima_skybox_filter:volumetric_density	3	623	-1	93d10aa193b3d225910a377249cdae4fdd470283efdbd919e701cfd343dddb95	Whole interface group identical to 949 source	15be4d3bd9999c65fae9e110059d996fd9bdcf51e54d4b777c525b59e3f19915
component	623:108	machinima_skybox_filter:volumetric_density_build	3	623	-1	93d10aa193b3d225910a377249cdae4fdd470283efdbd919e701cfd343dddb95	Whole interface group identical to 949 source	15be4d3bd9999c65fae9e110059d996fd9bdcf51e54d4b777c525b59e3f19915
component	623:109	machinima_skybox_filter:volumetric_density_click	3	623	-1	93d10aa193b3d225910a377249cdae4fdd470283efdbd919e701cfd343dddb95	Whole interface group identical to 949 source	15be4d3bd9999c65fae9e110059d996fd9bdcf51e54d4b777c525b59e3f19915
component	623:110	machinima_skybox_filter:volumetric_density_text	3	623	-1	93d10aa193b3d225910a377249cdae4fdd470283efdbd919e701cfd343dddb95	Whole interface group identical to 949 source	15be4d3bd9999c65fae9e110059d996fd9bdcf51e54d4b777c525b59e3f19915
component	623:96	machinima_skybox_filter:volumetric_g_build	3	623	-1	93d10aa193b3d225910a377249cdae4fdd470283efdbd919e701cfd343dddb95	Whole interface group identical to 949 source	15be4d3bd9999c65fae9e110059d996fd9bdcf51e54d4b777c525b59e3f19915
component	623:97	machinima_skybox_filter:volumetric_g_click	3	623	-1	93d10aa193b3d225910a377249cdae4fdd470283efdbd919e701cfd343dddb95	Whole interface group identical to 949 source	15be4d3bd9999c65fae9e110059d996fd9bdcf51e54d4b777c525b59e3f19915
component	623:100	machinima_skybox_filter:volumetric_r_build	3	623	-1	93d10aa193b3d225910a377249cdae4fdd470283efdbd919e701cfd343dddb95	Whole interface group identical to 949 source	15be4d3bd9999c65fae9e110059d996fd9bdcf51e54d4b777c525b59e3f19915
component	623:101	machinima_skybox_filter:volumetric_r_click	3	623	-1	93d10aa193b3d225910a377249cdae4fdd470283efdbd919e701cfd343dddb95	Whole interface group identical to 949 source	15be4d3bd9999c65fae9e110059d996fd9bdcf51e54d4b777c525b59e3f19915
component	938:35	rand_complexity_select:comp_armour_icon	3	938	-1	360c7f49be7910b9019a0056d17a7eea065f084b15f439f9cbc21a73096b5a1d	Whole interface group identical to 949 source	15be4d3bd9999c65fae9e110059d996fd9bdcf51e54d4b777c525b59e3f19915
component	938:36	rand_complexity_select:comp_armour_label	3	938	-1	360c7f49be7910b9019a0056d17a7eea065f084b15f439f9cbc21a73096b5a1d	Whole interface group identical to 949 source	15be4d3bd9999c65fae9e110059d996fd9bdcf51e54d4b777c525b59e3f19915
component	938:1	rand_complexity_select:comp_bg_layer	3	938	-1	360c7f49be7910b9019a0056d17a7eea065f084b15f439f9cbc21a73096b5a1d	Whole interface group identical to 949 source	15be4d3bd9999c65fae9e110059d996fd9bdcf51e54d4b777c525b59e3f19915
component	938:7	rand_complexity_select:comp_choice_layer	3	938	-1	360c7f49be7910b9019a0056d17a7eea065f084b15f439f9cbc21a73096b5a1d	Whole interface group identical to 949 source	15be4d3bd9999c65fae9e110059d996fd9bdcf51e54d4b777c525b59e3f19915
component	938:33	rand_complexity_select:comp_combat_icon	3	938	-1	360c7f49be7910b9019a0056d17a7eea065f084b15f439f9cbc21a73096b5a1d	Whole interface group identical to 949 source	15be4d3bd9999c65fae9e110059d996fd9bdcf51e54d4b777c525b59e3f19915
component	938:34	rand_complexity_select:comp_combat_label	3	938	-1	360c7f49be7910b9019a0056d17a7eea065f084b15f439f9cbc21a73096b5a1d	Whole interface group identical to 949 source	15be4d3bd9999c65fae9e110059d996fd9bdcf51e54d4b777c525b59e3f19915
component	938:27	rand_complexity_select:comp_construction_icon	3	938	-1	360c7f49be7910b9019a0056d17a7eea065f084b15f439f9cbc21a73096b5a1d	Whole interface group identical to 949 source	15be4d3bd9999c65fae9e110059d996fd9bdcf51e54d4b777c525b59e3f19915
component	938:28	rand_complexity_select:comp_construction_label	3	938	-1	360c7f49be7910b9019a0056d17a7eea065f084b15f439f9cbc21a73096b5a1d	Whole interface group identical to 949 source	15be4d3bd9999c65fae9e110059d996fd9bdcf51e54d4b777c525b59e3f19915
component	938:39	rand_complexity_select:comp_cooking_icon	3	938	-1	360c7f49be7910b9019a0056d17a7eea065f084b15f439f9cbc21a73096b5a1d	Whole interface group identical to 949 source	15be4d3bd9999c65fae9e110059d996fd9bdcf51e54d4b777c525b59e3f19915
component	938:40	rand_complexity_select:comp_cooking_label	3	938	-1	360c7f49be7910b9019a0056d17a7eea065f084b15f439f9cbc21a73096b5a1d	Whole interface group identical to 949 source	15be4d3bd9999c65fae9e110059d996fd9bdcf51e54d4b777c525b59e3f19915
component	938:12	rand_complexity_select:comp_details_layer	3	938	-1	360c7f49be7910b9019a0056d17a7eea065f084b15f439f9cbc21a73096b5a1d	Whole interface group identical to 949 source	15be4d3bd9999c65fae9e110059d996fd9bdcf51e54d4b777c525b59e3f19915
component	938:31	rand_complexity_select:comp_divination_icon	3	938	-1	360c7f49be7910b9019a0056d17a7eea065f084b15f439f9cbc21a73096b5a1d	Whole interface group identical to 949 source	15be4d3bd9999c65fae9e110059d996fd9bdcf51e54d4b777c525b59e3f19915
component	938:32	rand_complexity_select:comp_divination_label	3	938	-1	360c7f49be7910b9019a0056d17a7eea065f084b15f439f9cbc21a73096b5a1d	Whole interface group identical to 949 source	15be4d3bd9999c65fae9e110059d996fd9bdcf51e54d4b777c525b59e3f19915
component	938:41	rand_complexity_select:comp_firemaking_icon	3	938	-1	360c7f49be7910b9019a0056d17a7eea065f084b15f439f9cbc21a73096b5a1d	Whole interface group identical to 949 source	15be4d3bd9999c65fae9e110059d996fd9bdcf51e54d4b777c525b59e3f19915
component	938:42	rand_complexity_select:comp_firemaking_label	3	938	-1	360c7f49be7910b9019a0056d17a7eea065f084b15f439f9cbc21a73096b5a1d	Whole interface group identical to 949 source	15be4d3bd9999c65fae9e110059d996fd9bdcf51e54d4b777c525b59e3f19915
component	938:45	rand_complexity_select:comp_fishing_icon	3	938	-1	360c7f49be7910b9019a0056d17a7eea065f084b15f439f9cbc21a73096b5a1d	Whole interface group identical to 949 source	15be4d3bd9999c65fae9e110059d996fd9bdcf51e54d4b777c525b59e3f19915
component	938:46	rand_complexity_select:comp_fishing_label	3	938	-1	360c7f49be7910b9019a0056d17a7eea065f084b15f439f9cbc21a73096b5a1d	Whole interface group identical to 949 source	15be4d3bd9999c65fae9e110059d996fd9bdcf51e54d4b777c525b59e3f19915
component	938:19	rand_complexity_select:comp_herblore_icon	3	938	-1	360c7f49be7910b9019a0056d17a7eea065f084b15f439f9cbc21a73096b5a1d	Whole interface group identical to 949 source	15be4d3bd9999c65fae9e110059d996fd9bdcf51e54d4b777c525b59e3f19915
component	938:20	rand_complexity_select:comp_herblore_label	3	938	-1	360c7f49be7910b9019a0056d17a7eea065f084b15f439f9cbc21a73096b5a1d	Whole interface group identical to 949 source	15be4d3bd9999c65fae9e110059d996fd9bdcf51e54d4b777c525b59e3f19915
component	938:21	rand_complexity_select:comp_hunting_icon	3	938	-1	360c7f49be7910b9019a0056d17a7eea065f084b15f439f9cbc21a73096b5a1d	Whole interface group identical to 949 source	15be4d3bd9999c65fae9e110059d996fd9bdcf51e54d4b777c525b59e3f19915
component	938:22	rand_complexity_select:comp_hunting_label	3	938	-1	360c7f49be7910b9019a0056d17a7eea065f084b15f439f9cbc21a73096b5a1d	Whole interface group identical to 949 source	15be4d3bd9999c65fae9e110059d996fd9bdcf51e54d4b777c525b59e3f19915
component	938:47	rand_complexity_select:comp_mining_icon	3	938	-1	360c7f49be7910b9019a0056d17a7eea065f084b15f439f9cbc21a73096b5a1d	Whole interface group identical to 949 source	15be4d3bd9999c65fae9e110059d996fd9bdcf51e54d4b777c525b59e3f19915
component	938:48	rand_complexity_select:comp_mining_label	3	938	-1	360c7f49be7910b9019a0056d17a7eea065f084b15f439f9cbc21a73096b5a1d	Whole interface group identical to 949 source	15be4d3bd9999c65fae9e110059d996fd9bdcf51e54d4b777c525b59e3f19915
component	938:29	rand_complexity_select:comp_runecrafting_icon	3	938	-1	360c7f49be7910b9019a0056d17a7eea065f084b15f439f9cbc21a73096b5a1d	Whole interface group identical to 949 source	15be4d3bd9999c65fae9e110059d996fd9bdcf51e54d4b777c525b59e3f19915
component	938:30	rand_complexity_select:comp_runecrafting_label	3	938	-1	360c7f49be7910b9019a0056d17a7eea065f084b15f439f9cbc21a73096b5a1d	Whole interface group identical to 949 source	15be4d3bd9999c65fae9e110059d996fd9bdcf51e54d4b777c525b59e3f19915
component	938:15	rand_complexity_select:comp_seeds_icon	3	938	-1	360c7f49be7910b9019a0056d17a7eea065f084b15f439f9cbc21a73096b5a1d	Whole interface group identical to 949 source	15be4d3bd9999c65fae9e110059d996fd9bdcf51e54d4b777c525b59e3f19915
component	938:16	rand_complexity_select:comp_seeds_label	3	938	-1	360c7f49be7910b9019a0056d17a7eea065f084b15f439f9cbc21a73096b5a1d	Whole interface group identical to 949 source	15be4d3bd9999c65fae9e110059d996fd9bdcf51e54d4b777c525b59e3f19915
component	938:25	rand_complexity_select:comp_summoning_icon	3	938	-1	360c7f49be7910b9019a0056d17a7eea065f084b15f439f9cbc21a73096b5a1d	Whole interface group identical to 949 source	15be4d3bd9999c65fae9e110059d996fd9bdcf51e54d4b777c525b59e3f19915
component	938:26	rand_complexity_select:comp_summoning_label	3	938	-1	360c7f49be7910b9019a0056d17a7eea065f084b15f439f9cbc21a73096b5a1d	Whole interface group identical to 949 source	15be4d3bd9999c65fae9e110059d996fd9bdcf51e54d4b777c525b59e3f19915
component	938:17	rand_complexity_select:comp_textiles_icon	3	938	-1	360c7f49be7910b9019a0056d17a7eea065f084b15f439f9cbc21a73096b5a1d	Whole interface group identical to 949 source	15be4d3bd9999c65fae9e110059d996fd9bdcf51e54d4b777c525b59e3f19915
component	938:18	rand_complexity_select:comp_textiles_label	3	938	-1	360c7f49be7910b9019a0056d17a7eea065f084b15f439f9cbc21a73096b5a1d	Whole interface group identical to 949 source	15be4d3bd9999c65fae9e110059d996fd9bdcf51e54d4b777c525b59e3f19915
component	938:23	rand_complexity_select:comp_thieving_icon	3	938	-1	360c7f49be7910b9019a0056d17a7eea065f084b15f439f9cbc21a73096b5a1d	Whole interface group identical to 949 source	15be4d3bd9999c65fae9e110059d996fd9bdcf51e54d4b777c525b59e3f19915
component	938:24	rand_complexity_select:comp_thieving_label	3	938	-1	360c7f49be7910b9019a0056d17a7eea065f084b15f439f9cbc21a73096b5a1d	Whole interface group identical to 949 source	15be4d3bd9999c65fae9e110059d996fd9bdcf51e54d4b777c525b59e3f19915
component	938:37	rand_complexity_select:comp_weapons_icon	3	938	-1	360c7f49be7910b9019a0056d17a7eea065f084b15f439f9cbc21a73096b5a1d	Whole interface group identical to 949 source	15be4d3bd9999c65fae9e110059d996fd9bdcf51e54d4b777c525b59e3f19915
component	938:38	rand_complexity_select:comp_weapons_label	3	938	-1	360c7f49be7910b9019a0056d17a7eea065f084b15f439f9cbc21a73096b5a1d	Whole interface group identical to 949 source	15be4d3bd9999c65fae9e110059d996fd9bdcf51e54d4b777c525b59e3f19915
component	938:43	rand_complexity_select:comp_woodcutting_icon	3	938	-1	360c7f49be7910b9019a0056d17a7eea065f084b15f439f9cbc21a73096b5a1d	Whole interface group identical to 949 source	15be4d3bd9999c65fae9e110059d996fd9bdcf51e54d4b777c525b59e3f19915
component	938:44	rand_complexity_select:comp_woodcutting_label	3	938	-1	360c7f49be7910b9019a0056d17a7eea065f084b15f439f9cbc21a73096b5a1d	Whole interface group identical to 949 source	15be4d3bd9999c65fae9e110059d996fd9bdcf51e54d4b777c525b59e3f19915
component	938:49	rand_complexity_select:comp_xp_label	3	938	-1	360c7f49be7910b9019a0056d17a7eea065f084b15f439f9cbc21a73096b5a1d	Whole interface group identical to 949 source	15be4d3bd9999c65fae9e110059d996fd9bdcf51e54d4b777c525b59e3f19915
component	938:5	rand_complexity_select:complexity_box	3	938	-1	360c7f49be7910b9019a0056d17a7eea065f084b15f439f9cbc21a73096b5a1d	Whole interface group identical to 949 source	15be4d3bd9999c65fae9e110059d996fd9bdcf51e54d4b777c525b59e3f19915
component	938:10	rand_complexity_select:complexity_button_high	3	938	-1	360c7f49be7910b9019a0056d17a7eea065f084b15f439f9cbc21a73096b5a1d	Whole interface group identical to 949 source	15be4d3bd9999c65fae9e110059d996fd9bdcf51e54d4b777c525b59e3f19915
component	938:8	rand_complexity_select:complexity_button_low	3	938	-1	360c7f49be7910b9019a0056d17a7eea065f084b15f439f9cbc21a73096b5a1d	Whole interface group identical to 949 source	15be4d3bd9999c65fae9e110059d996fd9bdcf51e54d4b777c525b59e3f19915
component	938:2	rand_complexity_select:complexity_display_layer	3	938	-1	360c7f49be7910b9019a0056d17a7eea065f084b15f439f9cbc21a73096b5a1d	Whole interface group identical to 949 source	15be4d3bd9999c65fae9e110059d996fd9bdcf51e54d4b777c525b59e3f19915
component	938:11	rand_complexity_select:complexity_label_high	3	938	-1	360c7f49be7910b9019a0056d17a7eea065f084b15f439f9cbc21a73096b5a1d	Whole interface group identical to 949 source	15be4d3bd9999c65fae9e110059d996fd9bdcf51e54d4b777c525b59e3f19915
component	938:9	rand_complexity_select:complexity_label_low	3	938	-1	360c7f49be7910b9019a0056d17a7eea065f084b15f439f9cbc21a73096b5a1d	Whole interface group identical to 949 source	15be4d3bd9999c65fae9e110059d996fd9bdcf51e54d4b777c525b59e3f19915
component	938:0	rand_complexity_select:complexity_select_layer	3	938	-1	360c7f49be7910b9019a0056d17a7eea065f084b15f439f9cbc21a73096b5a1d	Whole interface group identical to 949 source	15be4d3bd9999c65fae9e110059d996fd9bdcf51e54d4b777c525b59e3f19915
component	938:61	rand_complexity_select:confirm	3	938	-1	360c7f49be7910b9019a0056d17a7eea065f084b15f439f9cbc21a73096b5a1d	Whole interface group identical to 949 source	15be4d3bd9999c65fae9e110059d996fd9bdcf51e54d4b777c525b59e3f19915
component	938:3	rand_complexity_select:confirm_layer	3	938	-1	360c7f49be7910b9019a0056d17a7eea065f084b15f439f9cbc21a73096b5a1d	Whole interface group identical to 949 source	15be4d3bd9999c65fae9e110059d996fd9bdcf51e54d4b777c525b59e3f19915
component	938:6	rand_complexity_select:current_level	3	938	-1	360c7f49be7910b9019a0056d17a7eea065f084b15f439f9cbc21a73096b5a1d	Whole interface group identical to 949 source	15be4d3bd9999c65fae9e110059d996fd9bdcf51e54d4b777c525b59e3f19915
component	938:4	rand_complexity_select:current_level_label	3	938	-1	360c7f49be7910b9019a0056d17a7eea065f084b15f439f9cbc21a73096b5a1d	Whole interface group identical to 949 source	15be4d3bd9999c65fae9e110059d996fd9bdcf51e54d4b777c525b59e3f19915
component	938:69	rand_complexity_select:info_button_active_layer	3	938	-1	360c7f49be7910b9019a0056d17a7eea065f084b15f439f9cbc21a73096b5a1d	Whole interface group identical to 949 source	15be4d3bd9999c65fae9e110059d996fd9bdcf51e54d4b777c525b59e3f19915
component	938:70	rand_complexity_select:info_button_disabled_layer	3	938	-1	360c7f49be7910b9019a0056d17a7eea065f084b15f439f9cbc21a73096b5a1d	Whole interface group identical to 949 source	15be4d3bd9999c65fae9e110059d996fd9bdcf51e54d4b777c525b59e3f19915
component	938:67	rand_complexity_select:info_button_hit_layer	3	938	-1	360c7f49be7910b9019a0056d17a7eea065f084b15f439f9cbc21a73096b5a1d	Whole interface group identical to 949 source	15be4d3bd9999c65fae9e110059d996fd9bdcf51e54d4b777c525b59e3f19915
component	938:55	rand_complexity_select:info_button_layer	3	938	-1	360c7f49be7910b9019a0056d17a7eea065f084b15f439f9cbc21a73096b5a1d	Whole interface group identical to 949 source	15be4d3bd9999c65fae9e110059d996fd9bdcf51e54d4b777c525b59e3f19915
component	938:65	rand_complexity_select:info_button_on_layer	3	938	-1	360c7f49be7910b9019a0056d17a7eea065f084b15f439f9cbc21a73096b5a1d	Whole interface group identical to 949 source	15be4d3bd9999c65fae9e110059d996fd9bdcf51e54d4b777c525b59e3f19915
component	938:66	rand_complexity_select:info_button_over_layer	3	938	-1	360c7f49be7910b9019a0056d17a7eea065f084b15f439f9cbc21a73096b5a1d	Whole interface group identical to 949 source	15be4d3bd9999c65fae9e110059d996fd9bdcf51e54d4b777c525b59e3f19915
component	938:68	rand_complexity_select:info_button_selected_layer	3	938	-1	360c7f49be7910b9019a0056d17a7eea065f084b15f439f9cbc21a73096b5a1d	Whole interface group identical to 949 source	15be4d3bd9999c65fae9e110059d996fd9bdcf51e54d4b777c525b59e3f19915
component	938:50	rand_complexity_select:mainmodal_window	3	938	-1	360c7f49be7910b9019a0056d17a7eea065f084b15f439f9cbc21a73096b5a1d	Whole interface group identical to 949 source	15be4d3bd9999c65fae9e110059d996fd9bdcf51e54d4b777c525b59e3f19915
component	938:51	rand_complexity_select:mainmodal_window_background	3	938	-1	360c7f49be7910b9019a0056d17a7eea065f084b15f439f9cbc21a73096b5a1d	Whole interface group identical to 949 source	15be4d3bd9999c65fae9e110059d996fd9bdcf51e54d4b777c525b59e3f19915
component	938:53	rand_complexity_select:mainmodal_window_border	3	938	-1	360c7f49be7910b9019a0056d17a7eea065f084b15f439f9cbc21a73096b5a1d	Whole interface group identical to 949 source	15be4d3bd9999c65fae9e110059d996fd9bdcf51e54d4b777c525b59e3f19915
component	938:54	rand_complexity_select:mainmodal_window_close_button	3	938	-1	360c7f49be7910b9019a0056d17a7eea065f084b15f439f9cbc21a73096b5a1d	Whole interface group identical to 949 source	15be4d3bd9999c65fae9e110059d996fd9bdcf51e54d4b777c525b59e3f19915
component	938:52	rand_complexity_select:mainmodal_window_content	3	938	-1	360c7f49be7910b9019a0056d17a7eea065f084b15f439f9cbc21a73096b5a1d	Whole interface group identical to 949 source	15be4d3bd9999c65fae9e110059d996fd9bdcf51e54d4b777c525b59e3f19915
component	938:62	rand_complexity_select:positive_button_disabled_layer	3	938	-1	360c7f49be7910b9019a0056d17a7eea065f084b15f439f9cbc21a73096b5a1d	Whole interface group identical to 949 source	15be4d3bd9999c65fae9e110059d996fd9bdcf51e54d4b777c525b59e3f19915
component	938:59	rand_complexity_select:positive_button_hit_layer	3	938	-1	360c7f49be7910b9019a0056d17a7eea065f084b15f439f9cbc21a73096b5a1d	Whole interface group identical to 949 source	15be4d3bd9999c65fae9e110059d996fd9bdcf51e54d4b777c525b59e3f19915
component	938:56	rand_complexity_select:positive_button_layer	3	938	-1	360c7f49be7910b9019a0056d17a7eea065f084b15f439f9cbc21a73096b5a1d	Whole interface group identical to 949 source	15be4d3bd9999c65fae9e110059d996fd9bdcf51e54d4b777c525b59e3f19915
component	938:57	rand_complexity_select:positive_button_on_layer	3	938	-1	360c7f49be7910b9019a0056d17a7eea065f084b15f439f9cbc21a73096b5a1d	Whole interface group identical to 949 source	15be4d3bd9999c65fae9e110059d996fd9bdcf51e54d4b777c525b59e3f19915
component	938:58	rand_complexity_select:positive_button_over_layer	3	938	-1	360c7f49be7910b9019a0056d17a7eea065f084b15f439f9cbc21a73096b5a1d	Whole interface group identical to 949 source	15be4d3bd9999c65fae9e110059d996fd9bdcf51e54d4b777c525b59e3f19915
component	938:60	rand_complexity_select:positive_button_selected_layer	3	938	-1	360c7f49be7910b9019a0056d17a7eea065f084b15f439f9cbc21a73096b5a1d	Whole interface group identical to 949 source	15be4d3bd9999c65fae9e110059d996fd9bdcf51e54d4b777c525b59e3f19915
component	938:64	rand_complexity_select:positive_button_text	3	938	-1	360c7f49be7910b9019a0056d17a7eea065f084b15f439f9cbc21a73096b5a1d	Whole interface group identical to 949 source	15be4d3bd9999c65fae9e110059d996fd9bdcf51e54d4b777c525b59e3f19915
component	938:63	rand_complexity_select:positive_button_text_layer	3	938	-1	360c7f49be7910b9019a0056d17a7eea065f084b15f439f9cbc21a73096b5a1d	Whole interface group identical to 949 source	15be4d3bd9999c65fae9e110059d996fd9bdcf51e54d4b777c525b59e3f19915
component	938:13	rand_complexity_select:skills_left_column	3	938	-1	360c7f49be7910b9019a0056d17a7eea065f084b15f439f9cbc21a73096b5a1d	Whole interface group identical to 949 source	15be4d3bd9999c65fae9e110059d996fd9bdcf51e54d4b777c525b59e3f19915
component	938:14	rand_complexity_select:skills_right_column	3	938	-1	360c7f49be7910b9019a0056d17a7eea065f084b15f439f9cbc21a73096b5a1d	Whole interface group identical to 949 source	15be4d3bd9999c65fae9e110059d996fd9bdcf51e54d4b777c525b59e3f19915
component	947:734	rand_floor_select:buff_1_active_text	3	947	-1	c9b6568ca23d6adabf32ff8dd9028f06328600ff348ea77d9ea04289b753c4bc	Whole interface group identical to 949 source	15be4d3bd9999c65fae9e110059d996fd9bdcf51e54d4b777c525b59e3f19915
component	947:732	rand_floor_select:buff_1_bg	3	947	-1	c9b6568ca23d6adabf32ff8dd9028f06328600ff348ea77d9ea04289b753c4bc	Whole interface group identical to 949 source	15be4d3bd9999c65fae9e110059d996fd9bdcf51e54d4b777c525b59e3f19915
component	947:731	rand_floor_select:buff_1_layer	3	947	-1	c9b6568ca23d6adabf32ff8dd9028f06328600ff348ea77d9ea04289b753c4bc	Whole interface group identical to 949 source	15be4d3bd9999c65fae9e110059d996fd9bdcf51e54d4b777c525b59e3f19915
component	947:733	rand_floor_select:buff_1_text	3	947	-1	c9b6568ca23d6adabf32ff8dd9028f06328600ff348ea77d9ea04289b753c4bc	Whole interface group identical to 949 source	15be4d3bd9999c65fae9e110059d996fd9bdcf51e54d4b777c525b59e3f19915
component	947:738	rand_floor_select:buff_2_active_text	3	947	-1	c9b6568ca23d6adabf32ff8dd9028f06328600ff348ea77d9ea04289b753c4bc	Whole interface group identical to 949 source	15be4d3bd9999c65fae9e110059d996fd9bdcf51e54d4b777c525b59e3f19915
component	947:736	rand_floor_select:buff_2_bg	3	947	-1	c9b6568ca23d6adabf32ff8dd9028f06328600ff348ea77d9ea04289b753c4bc	Whole interface group identical to 949 source	15be4d3bd9999c65fae9e110059d996fd9bdcf51e54d4b777c525b59e3f19915
component	947:735	rand_floor_select:buff_2_layer	3	947	-1	c9b6568ca23d6adabf32ff8dd9028f06328600ff348ea77d9ea04289b753c4bc	Whole interface group identical to 949 source	15be4d3bd9999c65fae9e110059d996fd9bdcf51e54d4b777c525b59e3f19915
component	947:737	rand_floor_select:buff_2_text	3	947	-1	c9b6568ca23d6adabf32ff8dd9028f06328600ff348ea77d9ea04289b753c4bc	Whole interface group identical to 949 source	15be4d3bd9999c65fae9e110059d996fd9bdcf51e54d4b777c525b59e3f19915
component	947:742	rand_floor_select:buff_3_active_text	3	947	-1	c9b6568ca23d6adabf32ff8dd9028f06328600ff348ea77d9ea04289b753c4bc	Whole interface group identical to 949 source	15be4d3bd9999c65fae9e110059d996fd9bdcf51e54d4b777c525b59e3f19915
component	947:740	rand_floor_select:buff_3_bg	3	947	-1	c9b6568ca23d6adabf32ff8dd9028f06328600ff348ea77d9ea04289b753c4bc	Whole interface group identical to 949 source	15be4d3bd9999c65fae9e110059d996fd9bdcf51e54d4b777c525b59e3f19915
component	947:739	rand_floor_select:buff_3_layer	3	947	-1	c9b6568ca23d6adabf32ff8dd9028f06328600ff348ea77d9ea04289b753c4bc	Whole interface group identical to 949 source	15be4d3bd9999c65fae9e110059d996fd9bdcf51e54d4b777c525b59e3f19915
component	947:741	rand_floor_select:buff_3_text	3	947	-1	c9b6568ca23d6adabf32ff8dd9028f06328600ff348ea77d9ea04289b753c4bc	Whole interface group identical to 949 source	15be4d3bd9999c65fae9e110059d996fd9bdcf51e54d4b777c525b59e3f19915
component	947:746	rand_floor_select:buff_4_active_text	3	947	-1	c9b6568ca23d6adabf32ff8dd9028f06328600ff348ea77d9ea04289b753c4bc	Whole interface group identical to 949 source	15be4d3bd9999c65fae9e110059d996fd9bdcf51e54d4b777c525b59e3f19915
component	947:744	rand_floor_select:buff_4_bg	3	947	-1	c9b6568ca23d6adabf32ff8dd9028f06328600ff348ea77d9ea04289b753c4bc	Whole interface group identical to 949 source	15be4d3bd9999c65fae9e110059d996fd9bdcf51e54d4b777c525b59e3f19915
component	947:743	rand_floor_select:buff_4_layer	3	947	-1	c9b6568ca23d6adabf32ff8dd9028f06328600ff348ea77d9ea04289b753c4bc	Whole interface group identical to 949 source	15be4d3bd9999c65fae9e110059d996fd9bdcf51e54d4b777c525b59e3f19915
component	947:745	rand_floor_select:buff_4_text	3	947	-1	c9b6568ca23d6adabf32ff8dd9028f06328600ff348ea77d9ea04289b753c4bc	Whole interface group identical to 949 source	15be4d3bd9999c65fae9e110059d996fd9bdcf51e54d4b777c525b59e3f19915
component	947:750	rand_floor_select:buff_5_active_text	3	947	-1	c9b6568ca23d6adabf32ff8dd9028f06328600ff348ea77d9ea04289b753c4bc	Whole interface group identical to 949 source	15be4d3bd9999c65fae9e110059d996fd9bdcf51e54d4b777c525b59e3f19915
component	947:748	rand_floor_select:buff_5_bg	3	947	-1	c9b6568ca23d6adabf32ff8dd9028f06328600ff348ea77d9ea04289b753c4bc	Whole interface group identical to 949 source	15be4d3bd9999c65fae9e110059d996fd9bdcf51e54d4b777c525b59e3f19915
component	947:747	rand_floor_select:buff_5_layer	3	947	-1	c9b6568ca23d6adabf32ff8dd9028f06328600ff348ea77d9ea04289b753c4bc	Whole interface group identical to 949 source	15be4d3bd9999c65fae9e110059d996fd9bdcf51e54d4b777c525b59e3f19915
component	947:749	rand_floor_select:buff_5_text	3	947	-1	c9b6568ca23d6adabf32ff8dd9028f06328600ff348ea77d9ea04289b753c4bc	Whole interface group identical to 949 source	15be4d3bd9999c65fae9e110059d996fd9bdcf51e54d4b777c525b59e3f19915
component	947:729	rand_floor_select:buff_bg_layer	3	947	-1	c9b6568ca23d6adabf32ff8dd9028f06328600ff348ea77d9ea04289b753c4bc	Whole interface group identical to 949 source	15be4d3bd9999c65fae9e110059d996fd9bdcf51e54d4b777c525b59e3f19915
component	947:730	rand_floor_select:buff_details_layer	3	947	-1	c9b6568ca23d6adabf32ff8dd9028f06328600ff348ea77d9ea04289b753c4bc	Whole interface group identical to 949 source	15be4d3bd9999c65fae9e110059d996fd9bdcf51e54d4b777c525b59e3f19915
component	947:751	rand_floor_select:buff_divider	3	947	-1	c9b6568ca23d6adabf32ff8dd9028f06328600ff348ea77d9ea04289b753c4bc	Whole interface group identical to 949 source	15be4d3bd9999c65fae9e110059d996fd9bdcf51e54d4b777c525b59e3f19915
component	947:728	rand_floor_select:buff_layer	3	947	-1	c9b6568ca23d6adabf32ff8dd9028f06328600ff348ea77d9ea04289b753c4bc	Whole interface group identical to 949 source	15be4d3bd9999c65fae9e110059d996fd9bdcf51e54d4b777c525b59e3f19915
component	947:752	rand_floor_select:buff_title_text	3	947	-1	c9b6568ca23d6adabf32ff8dd9028f06328600ff348ea77d9ea04289b753c4bc	Whole interface group identical to 949 source	15be4d3bd9999c65fae9e110059d996fd9bdcf51e54d4b777c525b59e3f19915
component	947:11	rand_floor_select:com_11	3	947	-1	c9b6568ca23d6adabf32ff8dd9028f06328600ff348ea77d9ea04289b753c4bc	Whole interface group identical to 949 source	15be4d3bd9999c65fae9e110059d996fd9bdcf51e54d4b777c525b59e3f19915
component	947:17	rand_floor_select:com_17	3	947	-1	c9b6568ca23d6adabf32ff8dd9028f06328600ff348ea77d9ea04289b753c4bc	Whole interface group identical to 949 source	15be4d3bd9999c65fae9e110059d996fd9bdcf51e54d4b777c525b59e3f19915
component	947:23	rand_floor_select:com_23	3	947	-1	c9b6568ca23d6adabf32ff8dd9028f06328600ff348ea77d9ea04289b753c4bc	Whole interface group identical to 949 source	15be4d3bd9999c65fae9e110059d996fd9bdcf51e54d4b777c525b59e3f19915
component	947:29	rand_floor_select:com_29	3	947	-1	c9b6568ca23d6adabf32ff8dd9028f06328600ff348ea77d9ea04289b753c4bc	Whole interface group identical to 949 source	15be4d3bd9999c65fae9e110059d996fd9bdcf51e54d4b777c525b59e3f19915
component	947:35	rand_floor_select:com_35	3	947	-1	c9b6568ca23d6adabf32ff8dd9028f06328600ff348ea77d9ea04289b753c4bc	Whole interface group identical to 949 source	15be4d3bd9999c65fae9e110059d996fd9bdcf51e54d4b777c525b59e3f19915
component	947:41	rand_floor_select:com_41	3	947	-1	c9b6568ca23d6adabf32ff8dd9028f06328600ff348ea77d9ea04289b753c4bc	Whole interface group identical to 949 source	15be4d3bd9999c65fae9e110059d996fd9bdcf51e54d4b777c525b59e3f19915
component	947:47	rand_floor_select:com_47	3	947	-1	c9b6568ca23d6adabf32ff8dd9028f06328600ff348ea77d9ea04289b753c4bc	Whole interface group identical to 949 source	15be4d3bd9999c65fae9e110059d996fd9bdcf51e54d4b777c525b59e3f19915
component	947:53	rand_floor_select:com_53	3	947	-1	c9b6568ca23d6adabf32ff8dd9028f06328600ff348ea77d9ea04289b753c4bc	Whole interface group identical to 949 source	15be4d3bd9999c65fae9e110059d996fd9bdcf51e54d4b777c525b59e3f19915
component	947:59	rand_floor_select:com_59	3	947	-1	c9b6568ca23d6adabf32ff8dd9028f06328600ff348ea77d9ea04289b753c4bc	Whole interface group identical to 949 source	15be4d3bd9999c65fae9e110059d996fd9bdcf51e54d4b777c525b59e3f19915
component	947:65	rand_floor_select:com_65	3	947	-1	c9b6568ca23d6adabf32ff8dd9028f06328600ff348ea77d9ea04289b753c4bc	Whole interface group identical to 949 source	15be4d3bd9999c65fae9e110059d996fd9bdcf51e54d4b777c525b59e3f19915
component	947:709	rand_floor_select:com_709	3	947	-1	c9b6568ca23d6adabf32ff8dd9028f06328600ff348ea77d9ea04289b753c4bc	Whole interface group identical to 949 source	15be4d3bd9999c65fae9e110059d996fd9bdcf51e54d4b777c525b59e3f19915
component	947:71	rand_floor_select:com_71	3	947	-1	c9b6568ca23d6adabf32ff8dd9028f06328600ff348ea77d9ea04289b753c4bc	Whole interface group identical to 949 source	15be4d3bd9999c65fae9e110059d996fd9bdcf51e54d4b777c525b59e3f19915
component	947:710	rand_floor_select:com_710	3	947	-1	c9b6568ca23d6adabf32ff8dd9028f06328600ff348ea77d9ea04289b753c4bc	Whole interface group identical to 949 source	15be4d3bd9999c65fae9e110059d996fd9bdcf51e54d4b777c525b59e3f19915
component	947:77	rand_floor_select:com_77	3	947	-1	c9b6568ca23d6adabf32ff8dd9028f06328600ff348ea77d9ea04289b753c4bc	Whole interface group identical to 949 source	15be4d3bd9999c65fae9e110059d996fd9bdcf51e54d4b777c525b59e3f19915
component	947:82	rand_floor_select:com_82	3	947	-1	c9b6568ca23d6adabf32ff8dd9028f06328600ff348ea77d9ea04289b753c4bc	Whole interface group identical to 949 source	15be4d3bd9999c65fae9e110059d996fd9bdcf51e54d4b777c525b59e3f19915
component	947:83	rand_floor_select:com_83	3	947	-1	c9b6568ca23d6adabf32ff8dd9028f06328600ff348ea77d9ea04289b753c4bc	Whole interface group identical to 949 source	15be4d3bd9999c65fae9e110059d996fd9bdcf51e54d4b777c525b59e3f19915
component	947:84	rand_floor_select:com_84	3	947	-1	c9b6568ca23d6adabf32ff8dd9028f06328600ff348ea77d9ea04289b753c4bc	Whole interface group identical to 949 source	15be4d3bd9999c65fae9e110059d996fd9bdcf51e54d4b777c525b59e3f19915
component	947:85	rand_floor_select:com_85	3	947	-1	c9b6568ca23d6adabf32ff8dd9028f06328600ff348ea77d9ea04289b753c4bc	Whole interface group identical to 949 source	15be4d3bd9999c65fae9e110059d996fd9bdcf51e54d4b777c525b59e3f19915
component	947:86	rand_floor_select:com_86	3	947	-1	c9b6568ca23d6adabf32ff8dd9028f06328600ff348ea77d9ea04289b753c4bc	Whole interface group identical to 949 source	15be4d3bd9999c65fae9e110059d996fd9bdcf51e54d4b777c525b59e3f19915
component	947:721	rand_floor_select:confirm	3	947	-1	c9b6568ca23d6adabf32ff8dd9028f06328600ff348ea77d9ea04289b753c4bc	Whole interface group identical to 949 source	15be4d3bd9999c65fae9e110059d996fd9bdcf51e54d4b777c525b59e3f19915
component	947:715	rand_floor_select:confirm_layer	3	947	-1	c9b6568ca23d6adabf32ff8dd9028f06328600ff348ea77d9ea04289b753c4bc	Whole interface group identical to 949 source	15be4d3bd9999c65fae9e110059d996fd9bdcf51e54d4b777c525b59e3f19915
component	947:708	rand_floor_select:content_panel_blue	3	947	-1	c9b6568ca23d6adabf32ff8dd9028f06328600ff348ea77d9ea04289b753c4bc	Whole interface group identical to 949 source	15be4d3bd9999c65fae9e110059d996fd9bdcf51e54d4b777c525b59e3f19915
component	947:81	rand_floor_select:content_panel_tabbed	3	947	-1	c9b6568ca23d6adabf32ff8dd9028f06328600ff348ea77d9ea04289b753c4bc	Whole interface group identical to 949 source	15be4d3bd9999c65fae9e110059d996fd9bdcf51e54d4b777c525b59e3f19915
component	947:727	rand_floor_select:current_floor	3	947	-1	c9b6568ca23d6adabf32ff8dd9028f06328600ff348ea77d9ea04289b753c4bc	Whole interface group identical to 949 source	15be4d3bd9999c65fae9e110059d996fd9bdcf51e54d4b777c525b59e3f19915
component	947:725	rand_floor_select:current_floor_label	3	947	-1	c9b6568ca23d6adabf32ff8dd9028f06328600ff348ea77d9ea04289b753c4bc	Whole interface group identical to 949 source	15be4d3bd9999c65fae9e110059d996fd9bdcf51e54d4b777c525b59e3f19915
component	947:98	rand_floor_select:floor_10_p_1	3	947	-1	c9b6568ca23d6adabf32ff8dd9028f06328600ff348ea77d9ea04289b753c4bc	Whole interface group identical to 949 source	15be4d3bd9999c65fae9e110059d996fd9bdcf51e54d4b777c525b59e3f19915
component	947:655	rand_floor_select:floor_10_p_10	3	947	-1	c9b6568ca23d6adabf32ff8dd9028f06328600ff348ea77d9ea04289b753c4bc	Whole interface group identical to 949 source	15be4d3bd9999c65fae9e110059d996fd9bdcf51e54d4b777c525b59e3f19915
component	947:222	rand_floor_select:floor_10_p_2	3	947	-1	c9b6568ca23d6adabf32ff8dd9028f06328600ff348ea77d9ea04289b753c4bc	Whole interface group identical to 949 source	15be4d3bd9999c65fae9e110059d996fd9bdcf51e54d4b777c525b59e3f19915
component	947:346	rand_floor_select:floor_10_p_3	3	947	-1	c9b6568ca23d6adabf32ff8dd9028f06328600ff348ea77d9ea04289b753c4bc	Whole interface group identical to 949 source	15be4d3bd9999c65fae9e110059d996fd9bdcf51e54d4b777c525b59e3f19915
component	947:470	rand_floor_select:floor_10_p_4	3	947	-1	c9b6568ca23d6adabf32ff8dd9028f06328600ff348ea77d9ea04289b753c4bc	Whole interface group identical to 949 source	15be4d3bd9999c65fae9e110059d996fd9bdcf51e54d4b777c525b59e3f19915
component	947:594	rand_floor_select:floor_10_p_5	3	947	-1	c9b6568ca23d6adabf32ff8dd9028f06328600ff348ea77d9ea04289b753c4bc	Whole interface group identical to 949 source	15be4d3bd9999c65fae9e110059d996fd9bdcf51e54d4b777c525b59e3f19915
component	947:159	rand_floor_select:floor_10_p_6	3	947	-1	c9b6568ca23d6adabf32ff8dd9028f06328600ff348ea77d9ea04289b753c4bc	Whole interface group identical to 949 source	15be4d3bd9999c65fae9e110059d996fd9bdcf51e54d4b777c525b59e3f19915
component	947:283	rand_floor_select:floor_10_p_7	3	947	-1	c9b6568ca23d6adabf32ff8dd9028f06328600ff348ea77d9ea04289b753c4bc	Whole interface group identical to 949 source	15be4d3bd9999c65fae9e110059d996fd9bdcf51e54d4b777c525b59e3f19915
component	947:407	rand_floor_select:floor_10_p_8	3	947	-1	c9b6568ca23d6adabf32ff8dd9028f06328600ff348ea77d9ea04289b753c4bc	Whole interface group identical to 949 source	15be4d3bd9999c65fae9e110059d996fd9bdcf51e54d4b777c525b59e3f19915
component	947:531	rand_floor_select:floor_10_p_9	3	947	-1	c9b6568ca23d6adabf32ff8dd9028f06328600ff348ea77d9ea04289b753c4bc	Whole interface group identical to 949 source	15be4d3bd9999c65fae9e110059d996fd9bdcf51e54d4b777c525b59e3f19915
component	947:99	rand_floor_select:floor_11_p_1	3	947	-1	c9b6568ca23d6adabf32ff8dd9028f06328600ff348ea77d9ea04289b753c4bc	Whole interface group identical to 949 source	15be4d3bd9999c65fae9e110059d996fd9bdcf51e54d4b777c525b59e3f19915
component	947:656	rand_floor_select:floor_11_p_10	3	947	-1	c9b6568ca23d6adabf32ff8dd9028f06328600ff348ea77d9ea04289b753c4bc	Whole interface group identical to 949 source	15be4d3bd9999c65fae9e110059d996fd9bdcf51e54d4b777c525b59e3f19915
component	947:223	rand_floor_select:floor_11_p_2	3	947	-1	c9b6568ca23d6adabf32ff8dd9028f06328600ff348ea77d9ea04289b753c4bc	Whole interface group identical to 949 source	15be4d3bd9999c65fae9e110059d996fd9bdcf51e54d4b777c525b59e3f19915
component	947:347	rand_floor_select:floor_11_p_3	3	947	-1	c9b6568ca23d6adabf32ff8dd9028f06328600ff348ea77d9ea04289b753c4bc	Whole interface group identical to 949 source	15be4d3bd9999c65fae9e110059d996fd9bdcf51e54d4b777c525b59e3f19915
component	947:471	rand_floor_select:floor_11_p_4	3	947	-1	c9b6568ca23d6adabf32ff8dd9028f06328600ff348ea77d9ea04289b753c4bc	Whole interface group identical to 949 source	15be4d3bd9999c65fae9e110059d996fd9bdcf51e54d4b777c525b59e3f19915
component	947:595	rand_floor_select:floor_11_p_5	3	947	-1	c9b6568ca23d6adabf32ff8dd9028f06328600ff348ea77d9ea04289b753c4bc	Whole interface group identical to 949 source	15be4d3bd9999c65fae9e110059d996fd9bdcf51e54d4b777c525b59e3f19915
component	947:160	rand_floor_select:floor_11_p_6	3	947	-1	c9b6568ca23d6adabf32ff8dd9028f06328600ff348ea77d9ea04289b753c4bc	Whole interface group identical to 949 source	15be4d3bd9999c65fae9e110059d996fd9bdcf51e54d4b777c525b59e3f19915
component	947:284	rand_floor_select:floor_11_p_7	3	947	-1	c9b6568ca23d6adabf32ff8dd9028f06328600ff348ea77d9ea04289b753c4bc	Whole interface group identical to 949 source	15be4d3bd9999c65fae9e110059d996fd9bdcf51e54d4b777c525b59e3f19915
component	947:408	rand_floor_select:floor_11_p_8	3	947	-1	c9b6568ca23d6adabf32ff8dd9028f06328600ff348ea77d9ea04289b753c4bc	Whole interface group identical to 949 source	15be4d3bd9999c65fae9e110059d996fd9bdcf51e54d4b777c525b59e3f19915
component	947:532	rand_floor_select:floor_11_p_9	3	947	-1	c9b6568ca23d6adabf32ff8dd9028f06328600ff348ea77d9ea04289b753c4bc	Whole interface group identical to 949 source	15be4d3bd9999c65fae9e110059d996fd9bdcf51e54d4b777c525b59e3f19915
component	947:100	rand_floor_select:floor_12_p_1	3	947	-1	c9b6568ca23d6adabf32ff8dd9028f06328600ff348ea77d9ea04289b753c4bc	Whole interface group identical to 949 source	15be4d3bd9999c65fae9e110059d996fd9bdcf51e54d4b777c525b59e3f19915
component	947:657	rand_floor_select:floor_12_p_10	3	947	-1	c9b6568ca23d6adabf32ff8dd9028f06328600ff348ea77d9ea04289b753c4bc	Whole interface group identical to 949 source	15be4d3bd9999c65fae9e110059d996fd9bdcf51e54d4b777c525b59e3f19915
component	947:224	rand_floor_select:floor_12_p_2	3	947	-1	c9b6568ca23d6adabf32ff8dd9028f06328600ff348ea77d9ea04289b753c4bc	Whole interface group identical to 949 source	15be4d3bd9999c65fae9e110059d996fd9bdcf51e54d4b777c525b59e3f19915
component	947:348	rand_floor_select:floor_12_p_3	3	947	-1	c9b6568ca23d6adabf32ff8dd9028f06328600ff348ea77d9ea04289b753c4bc	Whole interface group identical to 949 source	15be4d3bd9999c65fae9e110059d996fd9bdcf51e54d4b777c525b59e3f19915
component	947:472	rand_floor_select:floor_12_p_4	3	947	-1	c9b6568ca23d6adabf32ff8dd9028f06328600ff348ea77d9ea04289b753c4bc	Whole interface group identical to 949 source	15be4d3bd9999c65fae9e110059d996fd9bdcf51e54d4b777c525b59e3f19915
component	947:596	rand_floor_select:floor_12_p_5	3	947	-1	c9b6568ca23d6adabf32ff8dd9028f06328600ff348ea77d9ea04289b753c4bc	Whole interface group identical to 949 source	15be4d3bd9999c65fae9e110059d996fd9bdcf51e54d4b777c525b59e3f19915
component	947:161	rand_floor_select:floor_12_p_6	3	947	-1	c9b6568ca23d6adabf32ff8dd9028f06328600ff348ea77d9ea04289b753c4bc	Whole interface group identical to 949 source	15be4d3bd9999c65fae9e110059d996fd9bdcf51e54d4b777c525b59e3f19915
component	947:285	rand_floor_select:floor_12_p_7	3	947	-1	c9b6568ca23d6adabf32ff8dd9028f06328600ff348ea77d9ea04289b753c4bc	Whole interface group identical to 949 source	15be4d3bd9999c65fae9e110059d996fd9bdcf51e54d4b777c525b59e3f19915
component	947:409	rand_floor_select:floor_12_p_8	3	947	-1	c9b6568ca23d6adabf32ff8dd9028f06328600ff348ea77d9ea04289b753c4bc	Whole interface group identical to 949 source	15be4d3bd9999c65fae9e110059d996fd9bdcf51e54d4b777c525b59e3f19915
component	947:533	rand_floor_select:floor_12_p_9	3	947	-1	c9b6568ca23d6adabf32ff8dd9028f06328600ff348ea77d9ea04289b753c4bc	Whole interface group identical to 949 source	15be4d3bd9999c65fae9e110059d996fd9bdcf51e54d4b777c525b59e3f19915
component	947:101	rand_floor_select:floor_13_p_1	3	947	-1	c9b6568ca23d6adabf32ff8dd9028f06328600ff348ea77d9ea04289b753c4bc	Whole interface group identical to 949 source	15be4d3bd9999c65fae9e110059d996fd9bdcf51e54d4b777c525b59e3f19915
component	947:658	rand_floor_select:floor_13_p_10	3	947	-1	c9b6568ca23d6adabf32ff8dd9028f06328600ff348ea77d9ea04289b753c4bc	Whole interface group identical to 949 source	15be4d3bd9999c65fae9e110059d996fd9bdcf51e54d4b777c525b59e3f19915
component	947:225	rand_floor_select:floor_13_p_2	3	947	-1	c9b6568ca23d6adabf32ff8dd9028f06328600ff348ea77d9ea04289b753c4bc	Whole interface group identical to 949 source	15be4d3bd9999c65fae9e110059d996fd9bdcf51e54d4b777c525b59e3f19915
component	947:349	rand_floor_select:floor_13_p_3	3	947	-1	c9b6568ca23d6adabf32ff8dd9028f06328600ff348ea77d9ea04289b753c4bc	Whole interface group identical to 949 source	15be4d3bd9999c65fae9e110059d996fd9bdcf51e54d4b777c525b59e3f19915
component	947:473	rand_floor_select:floor_13_p_4	3	947	-1	c9b6568ca23d6adabf32ff8dd9028f06328600ff348ea77d9ea04289b753c4bc	Whole interface group identical to 949 source	15be4d3bd9999c65fae9e110059d996fd9bdcf51e54d4b777c525b59e3f19915
component	947:597	rand_floor_select:floor_13_p_5	3	947	-1	c9b6568ca23d6adabf32ff8dd9028f06328600ff348ea77d9ea04289b753c4bc	Whole interface group identical to 949 source	15be4d3bd9999c65fae9e110059d996fd9bdcf51e54d4b777c525b59e3f19915
component	947:162	rand_floor_select:floor_13_p_6	3	947	-1	c9b6568ca23d6adabf32ff8dd9028f06328600ff348ea77d9ea04289b753c4bc	Whole interface group identical to 949 source	15be4d3bd9999c65fae9e110059d996fd9bdcf51e54d4b777c525b59e3f19915
component	947:286	rand_floor_select:floor_13_p_7	3	947	-1	c9b6568ca23d6adabf32ff8dd9028f06328600ff348ea77d9ea04289b753c4bc	Whole interface group identical to 949 source	15be4d3bd9999c65fae9e110059d996fd9bdcf51e54d4b777c525b59e3f19915
component	947:410	rand_floor_select:floor_13_p_8	3	947	-1	c9b6568ca23d6adabf32ff8dd9028f06328600ff348ea77d9ea04289b753c4bc	Whole interface group identical to 949 source	15be4d3bd9999c65fae9e110059d996fd9bdcf51e54d4b777c525b59e3f19915
component	947:534	rand_floor_select:floor_13_p_9	3	947	-1	c9b6568ca23d6adabf32ff8dd9028f06328600ff348ea77d9ea04289b753c4bc	Whole interface group identical to 949 source	15be4d3bd9999c65fae9e110059d996fd9bdcf51e54d4b777c525b59e3f19915
component	947:102	rand_floor_select:floor_14_p_1	3	947	-1	c9b6568ca23d6adabf32ff8dd9028f06328600ff348ea77d9ea04289b753c4bc	Whole interface group identical to 949 source	15be4d3bd9999c65fae9e110059d996fd9bdcf51e54d4b777c525b59e3f19915
component	947:659	rand_floor_select:floor_14_p_10	3	947	-1	c9b6568ca23d6adabf32ff8dd9028f06328600ff348ea77d9ea04289b753c4bc	Whole interface group identical to 949 source	15be4d3bd9999c65fae9e110059d996fd9bdcf51e54d4b777c525b59e3f19915
component	947:226	rand_floor_select:floor_14_p_2	3	947	-1	c9b6568ca23d6adabf32ff8dd9028f06328600ff348ea77d9ea04289b753c4bc	Whole interface group identical to 949 source	15be4d3bd9999c65fae9e110059d996fd9bdcf51e54d4b777c525b59e3f19915
component	947:350	rand_floor_select:floor_14_p_3	3	947	-1	c9b6568ca23d6adabf32ff8dd9028f06328600ff348ea77d9ea04289b753c4bc	Whole interface group identical to 949 source	15be4d3bd9999c65fae9e110059d996fd9bdcf51e54d4b777c525b59e3f19915
component	947:474	rand_floor_select:floor_14_p_4	3	947	-1	c9b6568ca23d6adabf32ff8dd9028f06328600ff348ea77d9ea04289b753c4bc	Whole interface group identical to 949 source	15be4d3bd9999c65fae9e110059d996fd9bdcf51e54d4b777c525b59e3f19915
component	947:598	rand_floor_select:floor_14_p_5	3	947	-1	c9b6568ca23d6adabf32ff8dd9028f06328600ff348ea77d9ea04289b753c4bc	Whole interface group identical to 949 source	15be4d3bd9999c65fae9e110059d996fd9bdcf51e54d4b777c525b59e3f19915
component	947:163	rand_floor_select:floor_14_p_6	3	947	-1	c9b6568ca23d6adabf32ff8dd9028f06328600ff348ea77d9ea04289b753c4bc	Whole interface group identical to 949 source	15be4d3bd9999c65fae9e110059d996fd9bdcf51e54d4b777c525b59e3f19915
component	947:287	rand_floor_select:floor_14_p_7	3	947	-1	c9b6568ca23d6adabf32ff8dd9028f06328600ff348ea77d9ea04289b753c4bc	Whole interface group identical to 949 source	15be4d3bd9999c65fae9e110059d996fd9bdcf51e54d4b777c525b59e3f19915
component	947:411	rand_floor_select:floor_14_p_8	3	947	-1	c9b6568ca23d6adabf32ff8dd9028f06328600ff348ea77d9ea04289b753c4bc	Whole interface group identical to 949 source	15be4d3bd9999c65fae9e110059d996fd9bdcf51e54d4b777c525b59e3f19915
component	947:535	rand_floor_select:floor_14_p_9	3	947	-1	c9b6568ca23d6adabf32ff8dd9028f06328600ff348ea77d9ea04289b753c4bc	Whole interface group identical to 949 source	15be4d3bd9999c65fae9e110059d996fd9bdcf51e54d4b777c525b59e3f19915
component	947:103	rand_floor_select:floor_15_p_1	3	947	-1	c9b6568ca23d6adabf32ff8dd9028f06328600ff348ea77d9ea04289b753c4bc	Whole interface group identical to 949 source	15be4d3bd9999c65fae9e110059d996fd9bdcf51e54d4b777c525b59e3f19915
component	947:660	rand_floor_select:floor_15_p_10	3	947	-1	c9b6568ca23d6adabf32ff8dd9028f06328600ff348ea77d9ea04289b753c4bc	Whole interface group identical to 949 source	15be4d3bd9999c65fae9e110059d996fd9bdcf51e54d4b777c525b59e3f19915
component	947:227	rand_floor_select:floor_15_p_2	3	947	-1	c9b6568ca23d6adabf32ff8dd9028f06328600ff348ea77d9ea04289b753c4bc	Whole interface group identical to 949 source	15be4d3bd9999c65fae9e110059d996fd9bdcf51e54d4b777c525b59e3f19915
component	947:351	rand_floor_select:floor_15_p_3	3	947	-1	c9b6568ca23d6adabf32ff8dd9028f06328600ff348ea77d9ea04289b753c4bc	Whole interface group identical to 949 source	15be4d3bd9999c65fae9e110059d996fd9bdcf51e54d4b777c525b59e3f19915
component	947:475	rand_floor_select:floor_15_p_4	3	947	-1	c9b6568ca23d6adabf32ff8dd9028f06328600ff348ea77d9ea04289b753c4bc	Whole interface group identical to 949 source	15be4d3bd9999c65fae9e110059d996fd9bdcf51e54d4b777c525b59e3f19915
component	947:599	rand_floor_select:floor_15_p_5	3	947	-1	c9b6568ca23d6adabf32ff8dd9028f06328600ff348ea77d9ea04289b753c4bc	Whole interface group identical to 949 source	15be4d3bd9999c65fae9e110059d996fd9bdcf51e54d4b777c525b59e3f19915
component	947:164	rand_floor_select:floor_15_p_6	3	947	-1	c9b6568ca23d6adabf32ff8dd9028f06328600ff348ea77d9ea04289b753c4bc	Whole interface group identical to 949 source	15be4d3bd9999c65fae9e110059d996fd9bdcf51e54d4b777c525b59e3f19915
component	947:288	rand_floor_select:floor_15_p_7	3	947	-1	c9b6568ca23d6adabf32ff8dd9028f06328600ff348ea77d9ea04289b753c4bc	Whole interface group identical to 949 source	15be4d3bd9999c65fae9e110059d996fd9bdcf51e54d4b777c525b59e3f19915
component	947:412	rand_floor_select:floor_15_p_8	3	947	-1	c9b6568ca23d6adabf32ff8dd9028f06328600ff348ea77d9ea04289b753c4bc	Whole interface group identical to 949 source	15be4d3bd9999c65fae9e110059d996fd9bdcf51e54d4b777c525b59e3f19915
component	947:536	rand_floor_select:floor_15_p_9	3	947	-1	c9b6568ca23d6adabf32ff8dd9028f06328600ff348ea77d9ea04289b753c4bc	Whole interface group identical to 949 source	15be4d3bd9999c65fae9e110059d996fd9bdcf51e54d4b777c525b59e3f19915
component	947:104	rand_floor_select:floor_16_p_1	3	947	-1	c9b6568ca23d6adabf32ff8dd9028f06328600ff348ea77d9ea04289b753c4bc	Whole interface group identical to 949 source	15be4d3bd9999c65fae9e110059d996fd9bdcf51e54d4b777c525b59e3f19915
component	947:661	rand_floor_select:floor_16_p_10	3	947	-1	c9b6568ca23d6adabf32ff8dd9028f06328600ff348ea77d9ea04289b753c4bc	Whole interface group identical to 949 source	15be4d3bd9999c65fae9e110059d996fd9bdcf51e54d4b777c525b59e3f19915
component	947:228	rand_floor_select:floor_16_p_2	3	947	-1	c9b6568ca23d6adabf32ff8dd9028f06328600ff348ea77d9ea04289b753c4bc	Whole interface group identical to 949 source	15be4d3bd9999c65fae9e110059d996fd9bdcf51e54d4b777c525b59e3f19915
component	947:352	rand_floor_select:floor_16_p_3	3	947	-1	c9b6568ca23d6adabf32ff8dd9028f06328600ff348ea77d9ea04289b753c4bc	Whole interface group identical to 949 source	15be4d3bd9999c65fae9e110059d996fd9bdcf51e54d4b777c525b59e3f19915
component	947:476	rand_floor_select:floor_16_p_4	3	947	-1	c9b6568ca23d6adabf32ff8dd9028f06328600ff348ea77d9ea04289b753c4bc	Whole interface group identical to 949 source	15be4d3bd9999c65fae9e110059d996fd9bdcf51e54d4b777c525b59e3f19915
component	947:600	rand_floor_select:floor_16_p_5	3	947	-1	c9b6568ca23d6adabf32ff8dd9028f06328600ff348ea77d9ea04289b753c4bc	Whole interface group identical to 949 source	15be4d3bd9999c65fae9e110059d996fd9bdcf51e54d4b777c525b59e3f19915
component	947:165	rand_floor_select:floor_16_p_6	3	947	-1	c9b6568ca23d6adabf32ff8dd9028f06328600ff348ea77d9ea04289b753c4bc	Whole interface group identical to 949 source	15be4d3bd9999c65fae9e110059d996fd9bdcf51e54d4b777c525b59e3f19915
component	947:289	rand_floor_select:floor_16_p_7	3	947	-1	c9b6568ca23d6adabf32ff8dd9028f06328600ff348ea77d9ea04289b753c4bc	Whole interface group identical to 949 source	15be4d3bd9999c65fae9e110059d996fd9bdcf51e54d4b777c525b59e3f19915
component	947:413	rand_floor_select:floor_16_p_8	3	947	-1	c9b6568ca23d6adabf32ff8dd9028f06328600ff348ea77d9ea04289b753c4bc	Whole interface group identical to 949 source	15be4d3bd9999c65fae9e110059d996fd9bdcf51e54d4b777c525b59e3f19915
component	947:537	rand_floor_select:floor_16_p_9	3	947	-1	c9b6568ca23d6adabf32ff8dd9028f06328600ff348ea77d9ea04289b753c4bc	Whole interface group identical to 949 source	15be4d3bd9999c65fae9e110059d996fd9bdcf51e54d4b777c525b59e3f19915
component	947:105	rand_floor_select:floor_17_p_1	3	947	-1	c9b6568ca23d6adabf32ff8dd9028f06328600ff348ea77d9ea04289b753c4bc	Whole interface group identical to 949 source	15be4d3bd9999c65fae9e110059d996fd9bdcf51e54d4b777c525b59e3f19915
component	947:662	rand_floor_select:floor_17_p_10	3	947	-1	c9b6568ca23d6adabf32ff8dd9028f06328600ff348ea77d9ea04289b753c4bc	Whole interface group identical to 949 source	15be4d3bd9999c65fae9e110059d996fd9bdcf51e54d4b777c525b59e3f19915
component	947:229	rand_floor_select:floor_17_p_2	3	947	-1	c9b6568ca23d6adabf32ff8dd9028f06328600ff348ea77d9ea04289b753c4bc	Whole interface group identical to 949 source	15be4d3bd9999c65fae9e110059d996fd9bdcf51e54d4b777c525b59e3f19915
component	947:353	rand_floor_select:floor_17_p_3	3	947	-1	c9b6568ca23d6adabf32ff8dd9028f06328600ff348ea77d9ea04289b753c4bc	Whole interface group identical to 949 source	15be4d3bd9999c65fae9e110059d996fd9bdcf51e54d4b777c525b59e3f19915
component	947:477	rand_floor_select:floor_17_p_4	3	947	-1	c9b6568ca23d6adabf32ff8dd9028f06328600ff348ea77d9ea04289b753c4bc	Whole interface group identical to 949 source	15be4d3bd9999c65fae9e110059d996fd9bdcf51e54d4b777c525b59e3f19915
component	947:601	rand_floor_select:floor_17_p_5	3	947	-1	c9b6568ca23d6adabf32ff8dd9028f06328600ff348ea77d9ea04289b753c4bc	Whole interface group identical to 949 source	15be4d3bd9999c65fae9e110059d996fd9bdcf51e54d4b777c525b59e3f19915
component	947:166	rand_floor_select:floor_17_p_6	3	947	-1	c9b6568ca23d6adabf32ff8dd9028f06328600ff348ea77d9ea04289b753c4bc	Whole interface group identical to 949 source	15be4d3bd9999c65fae9e110059d996fd9bdcf51e54d4b777c525b59e3f19915
component	947:290	rand_floor_select:floor_17_p_7	3	947	-1	c9b6568ca23d6adabf32ff8dd9028f06328600ff348ea77d9ea04289b753c4bc	Whole interface group identical to 949 source	15be4d3bd9999c65fae9e110059d996fd9bdcf51e54d4b777c525b59e3f19915
component	947:414	rand_floor_select:floor_17_p_8	3	947	-1	c9b6568ca23d6adabf32ff8dd9028f06328600ff348ea77d9ea04289b753c4bc	Whole interface group identical to 949 source	15be4d3bd9999c65fae9e110059d996fd9bdcf51e54d4b777c525b59e3f19915
component	947:538	rand_floor_select:floor_17_p_9	3	947	-1	c9b6568ca23d6adabf32ff8dd9028f06328600ff348ea77d9ea04289b753c4bc	Whole interface group identical to 949 source	15be4d3bd9999c65fae9e110059d996fd9bdcf51e54d4b777c525b59e3f19915
component	947:106	rand_floor_select:floor_18_p_1	3	947	-1	c9b6568ca23d6adabf32ff8dd9028f06328600ff348ea77d9ea04289b753c4bc	Whole interface group identical to 949 source	15be4d3bd9999c65fae9e110059d996fd9bdcf51e54d4b777c525b59e3f19915
component	947:663	rand_floor_select:floor_18_p_10	3	947	-1	c9b6568ca23d6adabf32ff8dd9028f06328600ff348ea77d9ea04289b753c4bc	Whole interface group identical to 949 source	15be4d3bd9999c65fae9e110059d996fd9bdcf51e54d4b777c525b59e3f19915
component	947:230	rand_floor_select:floor_18_p_2	3	947	-1	c9b6568ca23d6adabf32ff8dd9028f06328600ff348ea77d9ea04289b753c4bc	Whole interface group identical to 949 source	15be4d3bd9999c65fae9e110059d996fd9bdcf51e54d4b777c525b59e3f19915
component	947:354	rand_floor_select:floor_18_p_3	3	947	-1	c9b6568ca23d6adabf32ff8dd9028f06328600ff348ea77d9ea04289b753c4bc	Whole interface group identical to 949 source	15be4d3bd9999c65fae9e110059d996fd9bdcf51e54d4b777c525b59e3f19915
component	947:478	rand_floor_select:floor_18_p_4	3	947	-1	c9b6568ca23d6adabf32ff8dd9028f06328600ff348ea77d9ea04289b753c4bc	Whole interface group identical to 949 source	15be4d3bd9999c65fae9e110059d996fd9bdcf51e54d4b777c525b59e3f19915
component	947:602	rand_floor_select:floor_18_p_5	3	947	-1	c9b6568ca23d6adabf32ff8dd9028f06328600ff348ea77d9ea04289b753c4bc	Whole interface group identical to 949 source	15be4d3bd9999c65fae9e110059d996fd9bdcf51e54d4b777c525b59e3f19915
component	947:167	rand_floor_select:floor_18_p_6	3	947	-1	c9b6568ca23d6adabf32ff8dd9028f06328600ff348ea77d9ea04289b753c4bc	Whole interface group identical to 949 source	15be4d3bd9999c65fae9e110059d996fd9bdcf51e54d4b777c525b59e3f19915
component	947:291	rand_floor_select:floor_18_p_7	3	947	-1	c9b6568ca23d6adabf32ff8dd9028f06328600ff348ea77d9ea04289b753c4bc	Whole interface group identical to 949 source	15be4d3bd9999c65fae9e110059d996fd9bdcf51e54d4b777c525b59e3f19915
component	947:415	rand_floor_select:floor_18_p_8	3	947	-1	c9b6568ca23d6adabf32ff8dd9028f06328600ff348ea77d9ea04289b753c4bc	Whole interface group identical to 949 source	15be4d3bd9999c65fae9e110059d996fd9bdcf51e54d4b777c525b59e3f19915
component	947:539	rand_floor_select:floor_18_p_9	3	947	-1	c9b6568ca23d6adabf32ff8dd9028f06328600ff348ea77d9ea04289b753c4bc	Whole interface group identical to 949 source	15be4d3bd9999c65fae9e110059d996fd9bdcf51e54d4b777c525b59e3f19915
component	947:107	rand_floor_select:floor_19_p_1	3	947	-1	c9b6568ca23d6adabf32ff8dd9028f06328600ff348ea77d9ea04289b753c4bc	Whole interface group identical to 949 source	15be4d3bd9999c65fae9e110059d996fd9bdcf51e54d4b777c525b59e3f19915
component	947:664	rand_floor_select:floor_19_p_10	3	947	-1	c9b6568ca23d6adabf32ff8dd9028f06328600ff348ea77d9ea04289b753c4bc	Whole interface group identical to 949 source	15be4d3bd9999c65fae9e110059d996fd9bdcf51e54d4b777c525b59e3f19915
component	947:231	rand_floor_select:floor_19_p_2	3	947	-1	c9b6568ca23d6adabf32ff8dd9028f06328600ff348ea77d9ea04289b753c4bc	Whole interface group identical to 949 source	15be4d3bd9999c65fae9e110059d996fd9bdcf51e54d4b777c525b59e3f19915
component	947:355	rand_floor_select:floor_19_p_3	3	947	-1	c9b6568ca23d6adabf32ff8dd9028f06328600ff348ea77d9ea04289b753c4bc	Whole interface group identical to 949 source	15be4d3bd9999c65fae9e110059d996fd9bdcf51e54d4b777c525b59e3f19915
component	947:479	rand_floor_select:floor_19_p_4	3	947	-1	c9b6568ca23d6adabf32ff8dd9028f06328600ff348ea77d9ea04289b753c4bc	Whole interface group identical to 949 source	15be4d3bd9999c65fae9e110059d996fd9bdcf51e54d4b777c525b59e3f19915
component	947:603	rand_floor_select:floor_19_p_5	3	947	-1	c9b6568ca23d6adabf32ff8dd9028f06328600ff348ea77d9ea04289b753c4bc	Whole interface group identical to 949 source	15be4d3bd9999c65fae9e110059d996fd9bdcf51e54d4b777c525b59e3f19915
component	947:168	rand_floor_select:floor_19_p_6	3	947	-1	c9b6568ca23d6adabf32ff8dd9028f06328600ff348ea77d9ea04289b753c4bc	Whole interface group identical to 949 source	15be4d3bd9999c65fae9e110059d996fd9bdcf51e54d4b777c525b59e3f19915
component	947:292	rand_floor_select:floor_19_p_7	3	947	-1	c9b6568ca23d6adabf32ff8dd9028f06328600ff348ea77d9ea04289b753c4bc	Whole interface group identical to 949 source	15be4d3bd9999c65fae9e110059d996fd9bdcf51e54d4b777c525b59e3f19915
component	947:416	rand_floor_select:floor_19_p_8	3	947	-1	c9b6568ca23d6adabf32ff8dd9028f06328600ff348ea77d9ea04289b753c4bc	Whole interface group identical to 949 source	15be4d3bd9999c65fae9e110059d996fd9bdcf51e54d4b777c525b59e3f19915
component	947:540	rand_floor_select:floor_19_p_9	3	947	-1	c9b6568ca23d6adabf32ff8dd9028f06328600ff348ea77d9ea04289b753c4bc	Whole interface group identical to 949 source	15be4d3bd9999c65fae9e110059d996fd9bdcf51e54d4b777c525b59e3f19915
component	947:89	rand_floor_select:floor_1_p_1	3	947	-1	c9b6568ca23d6adabf32ff8dd9028f06328600ff348ea77d9ea04289b753c4bc	Whole interface group identical to 949 source	15be4d3bd9999c65fae9e110059d996fd9bdcf51e54d4b777c525b59e3f19915
component	947:646	rand_floor_select:floor_1_p_10	3	947	-1	c9b6568ca23d6adabf32ff8dd9028f06328600ff348ea77d9ea04289b753c4bc	Whole interface group identical to 949 source	15be4d3bd9999c65fae9e110059d996fd9bdcf51e54d4b777c525b59e3f19915
component	947:213	rand_floor_select:floor_1_p_2	3	947	-1	c9b6568ca23d6adabf32ff8dd9028f06328600ff348ea77d9ea04289b753c4bc	Whole interface group identical to 949 source	15be4d3bd9999c65fae9e110059d996fd9bdcf51e54d4b777c525b59e3f19915
component	947:337	rand_floor_select:floor_1_p_3	3	947	-1	c9b6568ca23d6adabf32ff8dd9028f06328600ff348ea77d9ea04289b753c4bc	Whole interface group identical to 949 source	15be4d3bd9999c65fae9e110059d996fd9bdcf51e54d4b777c525b59e3f19915
component	947:461	rand_floor_select:floor_1_p_4	3	947	-1	c9b6568ca23d6adabf32ff8dd9028f06328600ff348ea77d9ea04289b753c4bc	Whole interface group identical to 949 source	15be4d3bd9999c65fae9e110059d996fd9bdcf51e54d4b777c525b59e3f19915
component	947:585	rand_floor_select:floor_1_p_5	3	947	-1	c9b6568ca23d6adabf32ff8dd9028f06328600ff348ea77d9ea04289b753c4bc	Whole interface group identical to 949 source	15be4d3bd9999c65fae9e110059d996fd9bdcf51e54d4b777c525b59e3f19915
component	947:150	rand_floor_select:floor_1_p_6	3	947	-1	c9b6568ca23d6adabf32ff8dd9028f06328600ff348ea77d9ea04289b753c4bc	Whole interface group identical to 949 source	15be4d3bd9999c65fae9e110059d996fd9bdcf51e54d4b777c525b59e3f19915
component	947:274	rand_floor_select:floor_1_p_7	3	947	-1	c9b6568ca23d6adabf32ff8dd9028f06328600ff348ea77d9ea04289b753c4bc	Whole interface group identical to 949 source	15be4d3bd9999c65fae9e110059d996fd9bdcf51e54d4b777c525b59e3f19915
component	947:398	rand_floor_select:floor_1_p_8	3	947	-1	c9b6568ca23d6adabf32ff8dd9028f06328600ff348ea77d9ea04289b753c4bc	Whole interface group identical to 949 source	15be4d3bd9999c65fae9e110059d996fd9bdcf51e54d4b777c525b59e3f19915
component	947:522	rand_floor_select:floor_1_p_9	3	947	-1	c9b6568ca23d6adabf32ff8dd9028f06328600ff348ea77d9ea04289b753c4bc	Whole interface group identical to 949 source	15be4d3bd9999c65fae9e110059d996fd9bdcf51e54d4b777c525b59e3f19915
component	947:108	rand_floor_select:floor_20_p_1	3	947	-1	c9b6568ca23d6adabf32ff8dd9028f06328600ff348ea77d9ea04289b753c4bc	Whole interface group identical to 949 source	15be4d3bd9999c65fae9e110059d996fd9bdcf51e54d4b777c525b59e3f19915
component	947:665	rand_floor_select:floor_20_p_10	3	947	-1	c9b6568ca23d6adabf32ff8dd9028f06328600ff348ea77d9ea04289b753c4bc	Whole interface group identical to 949 source	15be4d3bd9999c65fae9e110059d996fd9bdcf51e54d4b777c525b59e3f19915
component	947:232	rand_floor_select:floor_20_p_2	3	947	-1	c9b6568ca23d6adabf32ff8dd9028f06328600ff348ea77d9ea04289b753c4bc	Whole interface group identical to 949 source	15be4d3bd9999c65fae9e110059d996fd9bdcf51e54d4b777c525b59e3f19915
component	947:356	rand_floor_select:floor_20_p_3	3	947	-1	c9b6568ca23d6adabf32ff8dd9028f06328600ff348ea77d9ea04289b753c4bc	Whole interface group identical to 949 source	15be4d3bd9999c65fae9e110059d996fd9bdcf51e54d4b777c525b59e3f19915
component	947:480	rand_floor_select:floor_20_p_4	3	947	-1	c9b6568ca23d6adabf32ff8dd9028f06328600ff348ea77d9ea04289b753c4bc	Whole interface group identical to 949 source	15be4d3bd9999c65fae9e110059d996fd9bdcf51e54d4b777c525b59e3f19915
component	947:604	rand_floor_select:floor_20_p_5	3	947	-1	c9b6568ca23d6adabf32ff8dd9028f06328600ff348ea77d9ea04289b753c4bc	Whole interface group identical to 949 source	15be4d3bd9999c65fae9e110059d996fd9bdcf51e54d4b777c525b59e3f19915
component	947:169	rand_floor_select:floor_20_p_6	3	947	-1	c9b6568ca23d6adabf32ff8dd9028f06328600ff348ea77d9ea04289b753c4bc	Whole interface group identical to 949 source	15be4d3bd9999c65fae9e110059d996fd9bdcf51e54d4b777c525b59e3f19915
component	947:293	rand_floor_select:floor_20_p_7	3	947	-1	c9b6568ca23d6adabf32ff8dd9028f06328600ff348ea77d9ea04289b753c4bc	Whole interface group identical to 949 source	15be4d3bd9999c65fae9e110059d996fd9bdcf51e54d4b777c525b59e3f19915
component	947:417	rand_floor_select:floor_20_p_8	3	947	-1	c9b6568ca23d6adabf32ff8dd9028f06328600ff348ea77d9ea04289b753c4bc	Whole interface group identical to 949 source	15be4d3bd9999c65fae9e110059d996fd9bdcf51e54d4b777c525b59e3f19915
component	947:541	rand_floor_select:floor_20_p_9	3	947	-1	c9b6568ca23d6adabf32ff8dd9028f06328600ff348ea77d9ea04289b753c4bc	Whole interface group identical to 949 source	15be4d3bd9999c65fae9e110059d996fd9bdcf51e54d4b777c525b59e3f19915
component	947:109	rand_floor_select:floor_21_p_1	3	947	-1	c9b6568ca23d6adabf32ff8dd9028f06328600ff348ea77d9ea04289b753c4bc	Whole interface group identical to 949 source	15be4d3bd9999c65fae9e110059d996fd9bdcf51e54d4b777c525b59e3f19915
component	947:666	rand_floor_select:floor_21_p_10	3	947	-1	c9b6568ca23d6adabf32ff8dd9028f06328600ff348ea77d9ea04289b753c4bc	Whole interface group identical to 949 source	15be4d3bd9999c65fae9e110059d996fd9bdcf51e54d4b777c525b59e3f19915
component	947:233	rand_floor_select:floor_21_p_2	3	947	-1	c9b6568ca23d6adabf32ff8dd9028f06328600ff348ea77d9ea04289b753c4bc	Whole interface group identical to 949 source	15be4d3bd9999c65fae9e110059d996fd9bdcf51e54d4b777c525b59e3f19915
component	947:357	rand_floor_select:floor_21_p_3	3	947	-1	c9b6568ca23d6adabf32ff8dd9028f06328600ff348ea77d9ea04289b753c4bc	Whole interface group identical to 949 source	15be4d3bd9999c65fae9e110059d996fd9bdcf51e54d4b777c525b59e3f19915
component	947:481	rand_floor_select:floor_21_p_4	3	947	-1	c9b6568ca23d6adabf32ff8dd9028f06328600ff348ea77d9ea04289b753c4bc	Whole interface group identical to 949 source	15be4d3bd9999c65fae9e110059d996fd9bdcf51e54d4b777c525b59e3f19915
component	947:605	rand_floor_select:floor_21_p_5	3	947	-1	c9b6568ca23d6adabf32ff8dd9028f06328600ff348ea77d9ea04289b753c4bc	Whole interface group identical to 949 source	15be4d3bd9999c65fae9e110059d996fd9bdcf51e54d4b777c525b59e3f19915
component	947:170	rand_floor_select:floor_21_p_6	3	947	-1	c9b6568ca23d6adabf32ff8dd9028f06328600ff348ea77d9ea04289b753c4bc	Whole interface group identical to 949 source	15be4d3bd9999c65fae9e110059d996fd9bdcf51e54d4b777c525b59e3f19915
component	947:294	rand_floor_select:floor_21_p_7	3	947	-1	c9b6568ca23d6adabf32ff8dd9028f06328600ff348ea77d9ea04289b753c4bc	Whole interface group identical to 949 source	15be4d3bd9999c65fae9e110059d996fd9bdcf51e54d4b777c525b59e3f19915
component	947:418	rand_floor_select:floor_21_p_8	3	947	-1	c9b6568ca23d6adabf32ff8dd9028f06328600ff348ea77d9ea04289b753c4bc	Whole interface group identical to 949 source	15be4d3bd9999c65fae9e110059d996fd9bdcf51e54d4b777c525b59e3f19915
component	947:542	rand_floor_select:floor_21_p_9	3	947	-1	c9b6568ca23d6adabf32ff8dd9028f06328600ff348ea77d9ea04289b753c4bc	Whole interface group identical to 949 source	15be4d3bd9999c65fae9e110059d996fd9bdcf51e54d4b777c525b59e3f19915
component	947:110	rand_floor_select:floor_22_p_1	3	947	-1	c9b6568ca23d6adabf32ff8dd9028f06328600ff348ea77d9ea04289b753c4bc	Whole interface group identical to 949 source	15be4d3bd9999c65fae9e110059d996fd9bdcf51e54d4b777c525b59e3f19915
component	947:667	rand_floor_select:floor_22_p_10	3	947	-1	c9b6568ca23d6adabf32ff8dd9028f06328600ff348ea77d9ea04289b753c4bc	Whole interface group identical to 949 source	15be4d3bd9999c65fae9e110059d996fd9bdcf51e54d4b777c525b59e3f19915
component	947:234	rand_floor_select:floor_22_p_2	3	947	-1	c9b6568ca23d6adabf32ff8dd9028f06328600ff348ea77d9ea04289b753c4bc	Whole interface group identical to 949 source	15be4d3bd9999c65fae9e110059d996fd9bdcf51e54d4b777c525b59e3f19915
component	947:358	rand_floor_select:floor_22_p_3	3	947	-1	c9b6568ca23d6adabf32ff8dd9028f06328600ff348ea77d9ea04289b753c4bc	Whole interface group identical to 949 source	15be4d3bd9999c65fae9e110059d996fd9bdcf51e54d4b777c525b59e3f19915
component	947:482	rand_floor_select:floor_22_p_4	3	947	-1	c9b6568ca23d6adabf32ff8dd9028f06328600ff348ea77d9ea04289b753c4bc	Whole interface group identical to 949 source	15be4d3bd9999c65fae9e110059d996fd9bdcf51e54d4b777c525b59e3f19915
component	947:606	rand_floor_select:floor_22_p_5	3	947	-1	c9b6568ca23d6adabf32ff8dd9028f06328600ff348ea77d9ea04289b753c4bc	Whole interface group identical to 949 source	15be4d3bd9999c65fae9e110059d996fd9bdcf51e54d4b777c525b59e3f19915
component	947:171	rand_floor_select:floor_22_p_6	3	947	-1	c9b6568ca23d6adabf32ff8dd9028f06328600ff348ea77d9ea04289b753c4bc	Whole interface group identical to 949 source	15be4d3bd9999c65fae9e110059d996fd9bdcf51e54d4b777c525b59e3f19915
component	947:295	rand_floor_select:floor_22_p_7	3	947	-1	c9b6568ca23d6adabf32ff8dd9028f06328600ff348ea77d9ea04289b753c4bc	Whole interface group identical to 949 source	15be4d3bd9999c65fae9e110059d996fd9bdcf51e54d4b777c525b59e3f19915
component	947:419	rand_floor_select:floor_22_p_8	3	947	-1	c9b6568ca23d6adabf32ff8dd9028f06328600ff348ea77d9ea04289b753c4bc	Whole interface group identical to 949 source	15be4d3bd9999c65fae9e110059d996fd9bdcf51e54d4b777c525b59e3f19915
component	947:543	rand_floor_select:floor_22_p_9	3	947	-1	c9b6568ca23d6adabf32ff8dd9028f06328600ff348ea77d9ea04289b753c4bc	Whole interface group identical to 949 source	15be4d3bd9999c65fae9e110059d996fd9bdcf51e54d4b777c525b59e3f19915
component	947:111	rand_floor_select:floor_23_p_1	3	947	-1	c9b6568ca23d6adabf32ff8dd9028f06328600ff348ea77d9ea04289b753c4bc	Whole interface group identical to 949 source	15be4d3bd9999c65fae9e110059d996fd9bdcf51e54d4b777c525b59e3f19915
component	947:668	rand_floor_select:floor_23_p_10	3	947	-1	c9b6568ca23d6adabf32ff8dd9028f06328600ff348ea77d9ea04289b753c4bc	Whole interface group identical to 949 source	15be4d3bd9999c65fae9e110059d996fd9bdcf51e54d4b777c525b59e3f19915
component	947:235	rand_floor_select:floor_23_p_2	3	947	-1	c9b6568ca23d6adabf32ff8dd9028f06328600ff348ea77d9ea04289b753c4bc	Whole interface group identical to 949 source	15be4d3bd9999c65fae9e110059d996fd9bdcf51e54d4b777c525b59e3f19915
component	947:359	rand_floor_select:floor_23_p_3	3	947	-1	c9b6568ca23d6adabf32ff8dd9028f06328600ff348ea77d9ea04289b753c4bc	Whole interface group identical to 949 source	15be4d3bd9999c65fae9e110059d996fd9bdcf51e54d4b777c525b59e3f19915
component	947:483	rand_floor_select:floor_23_p_4	3	947	-1	c9b6568ca23d6adabf32ff8dd9028f06328600ff348ea77d9ea04289b753c4bc	Whole interface group identical to 949 source	15be4d3bd9999c65fae9e110059d996fd9bdcf51e54d4b777c525b59e3f19915
component	947:607	rand_floor_select:floor_23_p_5	3	947	-1	c9b6568ca23d6adabf32ff8dd9028f06328600ff348ea77d9ea04289b753c4bc	Whole interface group identical to 949 source	15be4d3bd9999c65fae9e110059d996fd9bdcf51e54d4b777c525b59e3f19915
component	947:172	rand_floor_select:floor_23_p_6	3	947	-1	c9b6568ca23d6adabf32ff8dd9028f06328600ff348ea77d9ea04289b753c4bc	Whole interface group identical to 949 source	15be4d3bd9999c65fae9e110059d996fd9bdcf51e54d4b777c525b59e3f19915
component	947:296	rand_floor_select:floor_23_p_7	3	947	-1	c9b6568ca23d6adabf32ff8dd9028f06328600ff348ea77d9ea04289b753c4bc	Whole interface group identical to 949 source	15be4d3bd9999c65fae9e110059d996fd9bdcf51e54d4b777c525b59e3f19915
component	947:420	rand_floor_select:floor_23_p_8	3	947	-1	c9b6568ca23d6adabf32ff8dd9028f06328600ff348ea77d9ea04289b753c4bc	Whole interface group identical to 949 source	15be4d3bd9999c65fae9e110059d996fd9bdcf51e54d4b777c525b59e3f19915
component	947:544	rand_floor_select:floor_23_p_9	3	947	-1	c9b6568ca23d6adabf32ff8dd9028f06328600ff348ea77d9ea04289b753c4bc	Whole interface group identical to 949 source	15be4d3bd9999c65fae9e110059d996fd9bdcf51e54d4b777c525b59e3f19915
component	947:112	rand_floor_select:floor_24_p_1	3	947	-1	c9b6568ca23d6adabf32ff8dd9028f06328600ff348ea77d9ea04289b753c4bc	Whole interface group identical to 949 source	15be4d3bd9999c65fae9e110059d996fd9bdcf51e54d4b777c525b59e3f19915
component	947:669	rand_floor_select:floor_24_p_10	3	947	-1	c9b6568ca23d6adabf32ff8dd9028f06328600ff348ea77d9ea04289b753c4bc	Whole interface group identical to 949 source	15be4d3bd9999c65fae9e110059d996fd9bdcf51e54d4b777c525b59e3f19915
component	947:236	rand_floor_select:floor_24_p_2	3	947	-1	c9b6568ca23d6adabf32ff8dd9028f06328600ff348ea77d9ea04289b753c4bc	Whole interface group identical to 949 source	15be4d3bd9999c65fae9e110059d996fd9bdcf51e54d4b777c525b59e3f19915
component	947:360	rand_floor_select:floor_24_p_3	3	947	-1	c9b6568ca23d6adabf32ff8dd9028f06328600ff348ea77d9ea04289b753c4bc	Whole interface group identical to 949 source	15be4d3bd9999c65fae9e110059d996fd9bdcf51e54d4b777c525b59e3f19915
component	947:484	rand_floor_select:floor_24_p_4	3	947	-1	c9b6568ca23d6adabf32ff8dd9028f06328600ff348ea77d9ea04289b753c4bc	Whole interface group identical to 949 source	15be4d3bd9999c65fae9e110059d996fd9bdcf51e54d4b777c525b59e3f19915
component	947:608	rand_floor_select:floor_24_p_5	3	947	-1	c9b6568ca23d6adabf32ff8dd9028f06328600ff348ea77d9ea04289b753c4bc	Whole interface group identical to 949 source	15be4d3bd9999c65fae9e110059d996fd9bdcf51e54d4b777c525b59e3f19915
component	947:173	rand_floor_select:floor_24_p_6	3	947	-1	c9b6568ca23d6adabf32ff8dd9028f06328600ff348ea77d9ea04289b753c4bc	Whole interface group identical to 949 source	15be4d3bd9999c65fae9e110059d996fd9bdcf51e54d4b777c525b59e3f19915
component	947:297	rand_floor_select:floor_24_p_7	3	947	-1	c9b6568ca23d6adabf32ff8dd9028f06328600ff348ea77d9ea04289b753c4bc	Whole interface group identical to 949 source	15be4d3bd9999c65fae9e110059d996fd9bdcf51e54d4b777c525b59e3f19915
component	947:421	rand_floor_select:floor_24_p_8	3	947	-1	c9b6568ca23d6adabf32ff8dd9028f06328600ff348ea77d9ea04289b753c4bc	Whole interface group identical to 949 source	15be4d3bd9999c65fae9e110059d996fd9bdcf51e54d4b777c525b59e3f19915
component	947:545	rand_floor_select:floor_24_p_9	3	947	-1	c9b6568ca23d6adabf32ff8dd9028f06328600ff348ea77d9ea04289b753c4bc	Whole interface group identical to 949 source	15be4d3bd9999c65fae9e110059d996fd9bdcf51e54d4b777c525b59e3f19915
component	947:113	rand_floor_select:floor_25_p_1	3	947	-1	c9b6568ca23d6adabf32ff8dd9028f06328600ff348ea77d9ea04289b753c4bc	Whole interface group identical to 949 source	15be4d3bd9999c65fae9e110059d996fd9bdcf51e54d4b777c525b59e3f19915
component	947:670	rand_floor_select:floor_25_p_10	3	947	-1	c9b6568ca23d6adabf32ff8dd9028f06328600ff348ea77d9ea04289b753c4bc	Whole interface group identical to 949 source	15be4d3bd9999c65fae9e110059d996fd9bdcf51e54d4b777c525b59e3f19915
component	947:237	rand_floor_select:floor_25_p_2	3	947	-1	c9b6568ca23d6adabf32ff8dd9028f06328600ff348ea77d9ea04289b753c4bc	Whole interface group identical to 949 source	15be4d3bd9999c65fae9e110059d996fd9bdcf51e54d4b777c525b59e3f19915
component	947:361	rand_floor_select:floor_25_p_3	3	947	-1	c9b6568ca23d6adabf32ff8dd9028f06328600ff348ea77d9ea04289b753c4bc	Whole interface group identical to 949 source	15be4d3bd9999c65fae9e110059d996fd9bdcf51e54d4b777c525b59e3f19915
component	947:485	rand_floor_select:floor_25_p_4	3	947	-1	c9b6568ca23d6adabf32ff8dd9028f06328600ff348ea77d9ea04289b753c4bc	Whole interface group identical to 949 source	15be4d3bd9999c65fae9e110059d996fd9bdcf51e54d4b777c525b59e3f19915
component	947:609	rand_floor_select:floor_25_p_5	3	947	-1	c9b6568ca23d6adabf32ff8dd9028f06328600ff348ea77d9ea04289b753c4bc	Whole interface group identical to 949 source	15be4d3bd9999c65fae9e110059d996fd9bdcf51e54d4b777c525b59e3f19915
component	947:174	rand_floor_select:floor_25_p_6	3	947	-1	c9b6568ca23d6adabf32ff8dd9028f06328600ff348ea77d9ea04289b753c4bc	Whole interface group identical to 949 source	15be4d3bd9999c65fae9e110059d996fd9bdcf51e54d4b777c525b59e3f19915
component	947:298	rand_floor_select:floor_25_p_7	3	947	-1	c9b6568ca23d6adabf32ff8dd9028f06328600ff348ea77d9ea04289b753c4bc	Whole interface group identical to 949 source	15be4d3bd9999c65fae9e110059d996fd9bdcf51e54d4b777c525b59e3f19915
component	947:422	rand_floor_select:floor_25_p_8	3	947	-1	c9b6568ca23d6adabf32ff8dd9028f06328600ff348ea77d9ea04289b753c4bc	Whole interface group identical to 949 source	15be4d3bd9999c65fae9e110059d996fd9bdcf51e54d4b777c525b59e3f19915
component	947:546	rand_floor_select:floor_25_p_9	3	947	-1	c9b6568ca23d6adabf32ff8dd9028f06328600ff348ea77d9ea04289b753c4bc	Whole interface group identical to 949 source	15be4d3bd9999c65fae9e110059d996fd9bdcf51e54d4b777c525b59e3f19915
component	947:114	rand_floor_select:floor_26_p_1	3	947	-1	c9b6568ca23d6adabf32ff8dd9028f06328600ff348ea77d9ea04289b753c4bc	Whole interface group identical to 949 source	15be4d3bd9999c65fae9e110059d996fd9bdcf51e54d4b777c525b59e3f19915
component	947:671	rand_floor_select:floor_26_p_10	3	947	-1	c9b6568ca23d6adabf32ff8dd9028f06328600ff348ea77d9ea04289b753c4bc	Whole interface group identical to 949 source	15be4d3bd9999c65fae9e110059d996fd9bdcf51e54d4b777c525b59e3f19915
component	947:238	rand_floor_select:floor_26_p_2	3	947	-1	c9b6568ca23d6adabf32ff8dd9028f06328600ff348ea77d9ea04289b753c4bc	Whole interface group identical to 949 source	15be4d3bd9999c65fae9e110059d996fd9bdcf51e54d4b777c525b59e3f19915
component	947:362	rand_floor_select:floor_26_p_3	3	947	-1	c9b6568ca23d6adabf32ff8dd9028f06328600ff348ea77d9ea04289b753c4bc	Whole interface group identical to 949 source	15be4d3bd9999c65fae9e110059d996fd9bdcf51e54d4b777c525b59e3f19915
component	947:486	rand_floor_select:floor_26_p_4	3	947	-1	c9b6568ca23d6adabf32ff8dd9028f06328600ff348ea77d9ea04289b753c4bc	Whole interface group identical to 949 source	15be4d3bd9999c65fae9e110059d996fd9bdcf51e54d4b777c525b59e3f19915
component	947:610	rand_floor_select:floor_26_p_5	3	947	-1	c9b6568ca23d6adabf32ff8dd9028f06328600ff348ea77d9ea04289b753c4bc	Whole interface group identical to 949 source	15be4d3bd9999c65fae9e110059d996fd9bdcf51e54d4b777c525b59e3f19915
component	947:175	rand_floor_select:floor_26_p_6	3	947	-1	c9b6568ca23d6adabf32ff8dd9028f06328600ff348ea77d9ea04289b753c4bc	Whole interface group identical to 949 source	15be4d3bd9999c65fae9e110059d996fd9bdcf51e54d4b777c525b59e3f19915
component	947:299	rand_floor_select:floor_26_p_7	3	947	-1	c9b6568ca23d6adabf32ff8dd9028f06328600ff348ea77d9ea04289b753c4bc	Whole interface group identical to 949 source	15be4d3bd9999c65fae9e110059d996fd9bdcf51e54d4b777c525b59e3f19915
component	947:423	rand_floor_select:floor_26_p_8	3	947	-1	c9b6568ca23d6adabf32ff8dd9028f06328600ff348ea77d9ea04289b753c4bc	Whole interface group identical to 949 source	15be4d3bd9999c65fae9e110059d996fd9bdcf51e54d4b777c525b59e3f19915
component	947:547	rand_floor_select:floor_26_p_9	3	947	-1	c9b6568ca23d6adabf32ff8dd9028f06328600ff348ea77d9ea04289b753c4bc	Whole interface group identical to 949 source	15be4d3bd9999c65fae9e110059d996fd9bdcf51e54d4b777c525b59e3f19915
component	947:115	rand_floor_select:floor_27_p_1	3	947	-1	c9b6568ca23d6adabf32ff8dd9028f06328600ff348ea77d9ea04289b753c4bc	Whole interface group identical to 949 source	15be4d3bd9999c65fae9e110059d996fd9bdcf51e54d4b777c525b59e3f19915
component	947:672	rand_floor_select:floor_27_p_10	3	947	-1	c9b6568ca23d6adabf32ff8dd9028f06328600ff348ea77d9ea04289b753c4bc	Whole interface group identical to 949 source	15be4d3bd9999c65fae9e110059d996fd9bdcf51e54d4b777c525b59e3f19915
component	947:239	rand_floor_select:floor_27_p_2	3	947	-1	c9b6568ca23d6adabf32ff8dd9028f06328600ff348ea77d9ea04289b753c4bc	Whole interface group identical to 949 source	15be4d3bd9999c65fae9e110059d996fd9bdcf51e54d4b777c525b59e3f19915
component	947:363	rand_floor_select:floor_27_p_3	3	947	-1	c9b6568ca23d6adabf32ff8dd9028f06328600ff348ea77d9ea04289b753c4bc	Whole interface group identical to 949 source	15be4d3bd9999c65fae9e110059d996fd9bdcf51e54d4b777c525b59e3f19915
component	947:487	rand_floor_select:floor_27_p_4	3	947	-1	c9b6568ca23d6adabf32ff8dd9028f06328600ff348ea77d9ea04289b753c4bc	Whole interface group identical to 949 source	15be4d3bd9999c65fae9e110059d996fd9bdcf51e54d4b777c525b59e3f19915
component	947:611	rand_floor_select:floor_27_p_5	3	947	-1	c9b6568ca23d6adabf32ff8dd9028f06328600ff348ea77d9ea04289b753c4bc	Whole interface group identical to 949 source	15be4d3bd9999c65fae9e110059d996fd9bdcf51e54d4b777c525b59e3f19915
component	947:176	rand_floor_select:floor_27_p_6	3	947	-1	c9b6568ca23d6adabf32ff8dd9028f06328600ff348ea77d9ea04289b753c4bc	Whole interface group identical to 949 source	15be4d3bd9999c65fae9e110059d996fd9bdcf51e54d4b777c525b59e3f19915
component	947:300	rand_floor_select:floor_27_p_7	3	947	-1	c9b6568ca23d6adabf32ff8dd9028f06328600ff348ea77d9ea04289b753c4bc	Whole interface group identical to 949 source	15be4d3bd9999c65fae9e110059d996fd9bdcf51e54d4b777c525b59e3f19915
component	947:424	rand_floor_select:floor_27_p_8	3	947	-1	c9b6568ca23d6adabf32ff8dd9028f06328600ff348ea77d9ea04289b753c4bc	Whole interface group identical to 949 source	15be4d3bd9999c65fae9e110059d996fd9bdcf51e54d4b777c525b59e3f19915
component	947:548	rand_floor_select:floor_27_p_9	3	947	-1	c9b6568ca23d6adabf32ff8dd9028f06328600ff348ea77d9ea04289b753c4bc	Whole interface group identical to 949 source	15be4d3bd9999c65fae9e110059d996fd9bdcf51e54d4b777c525b59e3f19915
component	947:116	rand_floor_select:floor_28_p_1	3	947	-1	c9b6568ca23d6adabf32ff8dd9028f06328600ff348ea77d9ea04289b753c4bc	Whole interface group identical to 949 source	15be4d3bd9999c65fae9e110059d996fd9bdcf51e54d4b777c525b59e3f19915
component	947:673	rand_floor_select:floor_28_p_10	3	947	-1	c9b6568ca23d6adabf32ff8dd9028f06328600ff348ea77d9ea04289b753c4bc	Whole interface group identical to 949 source	15be4d3bd9999c65fae9e110059d996fd9bdcf51e54d4b777c525b59e3f19915
component	947:240	rand_floor_select:floor_28_p_2	3	947	-1	c9b6568ca23d6adabf32ff8dd9028f06328600ff348ea77d9ea04289b753c4bc	Whole interface group identical to 949 source	15be4d3bd9999c65fae9e110059d996fd9bdcf51e54d4b777c525b59e3f19915
component	947:364	rand_floor_select:floor_28_p_3	3	947	-1	c9b6568ca23d6adabf32ff8dd9028f06328600ff348ea77d9ea04289b753c4bc	Whole interface group identical to 949 source	15be4d3bd9999c65fae9e110059d996fd9bdcf51e54d4b777c525b59e3f19915
component	947:488	rand_floor_select:floor_28_p_4	3	947	-1	c9b6568ca23d6adabf32ff8dd9028f06328600ff348ea77d9ea04289b753c4bc	Whole interface group identical to 949 source	15be4d3bd9999c65fae9e110059d996fd9bdcf51e54d4b777c525b59e3f19915
component	947:612	rand_floor_select:floor_28_p_5	3	947	-1	c9b6568ca23d6adabf32ff8dd9028f06328600ff348ea77d9ea04289b753c4bc	Whole interface group identical to 949 source	15be4d3bd9999c65fae9e110059d996fd9bdcf51e54d4b777c525b59e3f19915
component	947:177	rand_floor_select:floor_28_p_6	3	947	-1	c9b6568ca23d6adabf32ff8dd9028f06328600ff348ea77d9ea04289b753c4bc	Whole interface group identical to 949 source	15be4d3bd9999c65fae9e110059d996fd9bdcf51e54d4b777c525b59e3f19915
component	947:301	rand_floor_select:floor_28_p_7	3	947	-1	c9b6568ca23d6adabf32ff8dd9028f06328600ff348ea77d9ea04289b753c4bc	Whole interface group identical to 949 source	15be4d3bd9999c65fae9e110059d996fd9bdcf51e54d4b777c525b59e3f19915
component	947:425	rand_floor_select:floor_28_p_8	3	947	-1	c9b6568ca23d6adabf32ff8dd9028f06328600ff348ea77d9ea04289b753c4bc	Whole interface group identical to 949 source	15be4d3bd9999c65fae9e110059d996fd9bdcf51e54d4b777c525b59e3f19915
component	947:549	rand_floor_select:floor_28_p_9	3	947	-1	c9b6568ca23d6adabf32ff8dd9028f06328600ff348ea77d9ea04289b753c4bc	Whole interface group identical to 949 source	15be4d3bd9999c65fae9e110059d996fd9bdcf51e54d4b777c525b59e3f19915
component	947:117	rand_floor_select:floor_29_p_1	3	947	-1	c9b6568ca23d6adabf32ff8dd9028f06328600ff348ea77d9ea04289b753c4bc	Whole interface group identical to 949 source	15be4d3bd9999c65fae9e110059d996fd9bdcf51e54d4b777c525b59e3f19915
component	947:674	rand_floor_select:floor_29_p_10	3	947	-1	c9b6568ca23d6adabf32ff8dd9028f06328600ff348ea77d9ea04289b753c4bc	Whole interface group identical to 949 source	15be4d3bd9999c65fae9e110059d996fd9bdcf51e54d4b777c525b59e3f19915
component	947:241	rand_floor_select:floor_29_p_2	3	947	-1	c9b6568ca23d6adabf32ff8dd9028f06328600ff348ea77d9ea04289b753c4bc	Whole interface group identical to 949 source	15be4d3bd9999c65fae9e110059d996fd9bdcf51e54d4b777c525b59e3f19915
component	947:365	rand_floor_select:floor_29_p_3	3	947	-1	c9b6568ca23d6adabf32ff8dd9028f06328600ff348ea77d9ea04289b753c4bc	Whole interface group identical to 949 source	15be4d3bd9999c65fae9e110059d996fd9bdcf51e54d4b777c525b59e3f19915
component	947:489	rand_floor_select:floor_29_p_4	3	947	-1	c9b6568ca23d6adabf32ff8dd9028f06328600ff348ea77d9ea04289b753c4bc	Whole interface group identical to 949 source	15be4d3bd9999c65fae9e110059d996fd9bdcf51e54d4b777c525b59e3f19915
component	947:613	rand_floor_select:floor_29_p_5	3	947	-1	c9b6568ca23d6adabf32ff8dd9028f06328600ff348ea77d9ea04289b753c4bc	Whole interface group identical to 949 source	15be4d3bd9999c65fae9e110059d996fd9bdcf51e54d4b777c525b59e3f19915
component	947:178	rand_floor_select:floor_29_p_6	3	947	-1	c9b6568ca23d6adabf32ff8dd9028f06328600ff348ea77d9ea04289b753c4bc	Whole interface group identical to 949 source	15be4d3bd9999c65fae9e110059d996fd9bdcf51e54d4b777c525b59e3f19915
component	947:302	rand_floor_select:floor_29_p_7	3	947	-1	c9b6568ca23d6adabf32ff8dd9028f06328600ff348ea77d9ea04289b753c4bc	Whole interface group identical to 949 source	15be4d3bd9999c65fae9e110059d996fd9bdcf51e54d4b777c525b59e3f19915
component	947:426	rand_floor_select:floor_29_p_8	3	947	-1	c9b6568ca23d6adabf32ff8dd9028f06328600ff348ea77d9ea04289b753c4bc	Whole interface group identical to 949 source	15be4d3bd9999c65fae9e110059d996fd9bdcf51e54d4b777c525b59e3f19915
component	947:550	rand_floor_select:floor_29_p_9	3	947	-1	c9b6568ca23d6adabf32ff8dd9028f06328600ff348ea77d9ea04289b753c4bc	Whole interface group identical to 949 source	15be4d3bd9999c65fae9e110059d996fd9bdcf51e54d4b777c525b59e3f19915
component	947:90	rand_floor_select:floor_2_p_1	3	947	-1	c9b6568ca23d6adabf32ff8dd9028f06328600ff348ea77d9ea04289b753c4bc	Whole interface group identical to 949 source	15be4d3bd9999c65fae9e110059d996fd9bdcf51e54d4b777c525b59e3f19915
component	947:647	rand_floor_select:floor_2_p_10	3	947	-1	c9b6568ca23d6adabf32ff8dd9028f06328600ff348ea77d9ea04289b753c4bc	Whole interface group identical to 949 source	15be4d3bd9999c65fae9e110059d996fd9bdcf51e54d4b777c525b59e3f19915
component	947:214	rand_floor_select:floor_2_p_2	3	947	-1	c9b6568ca23d6adabf32ff8dd9028f06328600ff348ea77d9ea04289b753c4bc	Whole interface group identical to 949 source	15be4d3bd9999c65fae9e110059d996fd9bdcf51e54d4b777c525b59e3f19915
component	947:338	rand_floor_select:floor_2_p_3	3	947	-1	c9b6568ca23d6adabf32ff8dd9028f06328600ff348ea77d9ea04289b753c4bc	Whole interface group identical to 949 source	15be4d3bd9999c65fae9e110059d996fd9bdcf51e54d4b777c525b59e3f19915
component	947:462	rand_floor_select:floor_2_p_4	3	947	-1	c9b6568ca23d6adabf32ff8dd9028f06328600ff348ea77d9ea04289b753c4bc	Whole interface group identical to 949 source	15be4d3bd9999c65fae9e110059d996fd9bdcf51e54d4b777c525b59e3f19915
component	947:586	rand_floor_select:floor_2_p_5	3	947	-1	c9b6568ca23d6adabf32ff8dd9028f06328600ff348ea77d9ea04289b753c4bc	Whole interface group identical to 949 source	15be4d3bd9999c65fae9e110059d996fd9bdcf51e54d4b777c525b59e3f19915
component	947:151	rand_floor_select:floor_2_p_6	3	947	-1	c9b6568ca23d6adabf32ff8dd9028f06328600ff348ea77d9ea04289b753c4bc	Whole interface group identical to 949 source	15be4d3bd9999c65fae9e110059d996fd9bdcf51e54d4b777c525b59e3f19915
component	947:275	rand_floor_select:floor_2_p_7	3	947	-1	c9b6568ca23d6adabf32ff8dd9028f06328600ff348ea77d9ea04289b753c4bc	Whole interface group identical to 949 source	15be4d3bd9999c65fae9e110059d996fd9bdcf51e54d4b777c525b59e3f19915
component	947:399	rand_floor_select:floor_2_p_8	3	947	-1	c9b6568ca23d6adabf32ff8dd9028f06328600ff348ea77d9ea04289b753c4bc	Whole interface group identical to 949 source	15be4d3bd9999c65fae9e110059d996fd9bdcf51e54d4b777c525b59e3f19915
component	947:523	rand_floor_select:floor_2_p_9	3	947	-1	c9b6568ca23d6adabf32ff8dd9028f06328600ff348ea77d9ea04289b753c4bc	Whole interface group identical to 949 source	15be4d3bd9999c65fae9e110059d996fd9bdcf51e54d4b777c525b59e3f19915
component	947:118	rand_floor_select:floor_30_p_1	3	947	-1	c9b6568ca23d6adabf32ff8dd9028f06328600ff348ea77d9ea04289b753c4bc	Whole interface group identical to 949 source	15be4d3bd9999c65fae9e110059d996fd9bdcf51e54d4b777c525b59e3f19915
component	947:675	rand_floor_select:floor_30_p_10	3	947	-1	c9b6568ca23d6adabf32ff8dd9028f06328600ff348ea77d9ea04289b753c4bc	Whole interface group identical to 949 source	15be4d3bd9999c65fae9e110059d996fd9bdcf51e54d4b777c525b59e3f19915
component	947:242	rand_floor_select:floor_30_p_2	3	947	-1	c9b6568ca23d6adabf32ff8dd9028f06328600ff348ea77d9ea04289b753c4bc	Whole interface group identical to 949 source	15be4d3bd9999c65fae9e110059d996fd9bdcf51e54d4b777c525b59e3f19915
component	947:366	rand_floor_select:floor_30_p_3	3	947	-1	c9b6568ca23d6adabf32ff8dd9028f06328600ff348ea77d9ea04289b753c4bc	Whole interface group identical to 949 source	15be4d3bd9999c65fae9e110059d996fd9bdcf51e54d4b777c525b59e3f19915
component	947:490	rand_floor_select:floor_30_p_4	3	947	-1	c9b6568ca23d6adabf32ff8dd9028f06328600ff348ea77d9ea04289b753c4bc	Whole interface group identical to 949 source	15be4d3bd9999c65fae9e110059d996fd9bdcf51e54d4b777c525b59e3f19915
component	947:614	rand_floor_select:floor_30_p_5	3	947	-1	c9b6568ca23d6adabf32ff8dd9028f06328600ff348ea77d9ea04289b753c4bc	Whole interface group identical to 949 source	15be4d3bd9999c65fae9e110059d996fd9bdcf51e54d4b777c525b59e3f19915
component	947:179	rand_floor_select:floor_30_p_6	3	947	-1	c9b6568ca23d6adabf32ff8dd9028f06328600ff348ea77d9ea04289b753c4bc	Whole interface group identical to 949 source	15be4d3bd9999c65fae9e110059d996fd9bdcf51e54d4b777c525b59e3f19915
component	947:303	rand_floor_select:floor_30_p_7	3	947	-1	c9b6568ca23d6adabf32ff8dd9028f06328600ff348ea77d9ea04289b753c4bc	Whole interface group identical to 949 source	15be4d3bd9999c65fae9e110059d996fd9bdcf51e54d4b777c525b59e3f19915
component	947:427	rand_floor_select:floor_30_p_8	3	947	-1	c9b6568ca23d6adabf32ff8dd9028f06328600ff348ea77d9ea04289b753c4bc	Whole interface group identical to 949 source	15be4d3bd9999c65fae9e110059d996fd9bdcf51e54d4b777c525b59e3f19915
component	947:551	rand_floor_select:floor_30_p_9	3	947	-1	c9b6568ca23d6adabf32ff8dd9028f06328600ff348ea77d9ea04289b753c4bc	Whole interface group identical to 949 source	15be4d3bd9999c65fae9e110059d996fd9bdcf51e54d4b777c525b59e3f19915
component	947:119	rand_floor_select:floor_31_p_1	3	947	-1	c9b6568ca23d6adabf32ff8dd9028f06328600ff348ea77d9ea04289b753c4bc	Whole interface group identical to 949 source	15be4d3bd9999c65fae9e110059d996fd9bdcf51e54d4b777c525b59e3f19915
component	947:676	rand_floor_select:floor_31_p_10	3	947	-1	c9b6568ca23d6adabf32ff8dd9028f06328600ff348ea77d9ea04289b753c4bc	Whole interface group identical to 949 source	15be4d3bd9999c65fae9e110059d996fd9bdcf51e54d4b777c525b59e3f19915
component	947:243	rand_floor_select:floor_31_p_2	3	947	-1	c9b6568ca23d6adabf32ff8dd9028f06328600ff348ea77d9ea04289b753c4bc	Whole interface group identical to 949 source	15be4d3bd9999c65fae9e110059d996fd9bdcf51e54d4b777c525b59e3f19915
component	947:367	rand_floor_select:floor_31_p_3	3	947	-1	c9b6568ca23d6adabf32ff8dd9028f06328600ff348ea77d9ea04289b753c4bc	Whole interface group identical to 949 source	15be4d3bd9999c65fae9e110059d996fd9bdcf51e54d4b777c525b59e3f19915
component	947:491	rand_floor_select:floor_31_p_4	3	947	-1	c9b6568ca23d6adabf32ff8dd9028f06328600ff348ea77d9ea04289b753c4bc	Whole interface group identical to 949 source	15be4d3bd9999c65fae9e110059d996fd9bdcf51e54d4b777c525b59e3f19915
component	947:615	rand_floor_select:floor_31_p_5	3	947	-1	c9b6568ca23d6adabf32ff8dd9028f06328600ff348ea77d9ea04289b753c4bc	Whole interface group identical to 949 source	15be4d3bd9999c65fae9e110059d996fd9bdcf51e54d4b777c525b59e3f19915
component	947:180	rand_floor_select:floor_31_p_6	3	947	-1	c9b6568ca23d6adabf32ff8dd9028f06328600ff348ea77d9ea04289b753c4bc	Whole interface group identical to 949 source	15be4d3bd9999c65fae9e110059d996fd9bdcf51e54d4b777c525b59e3f19915
component	947:304	rand_floor_select:floor_31_p_7	3	947	-1	c9b6568ca23d6adabf32ff8dd9028f06328600ff348ea77d9ea04289b753c4bc	Whole interface group identical to 949 source	15be4d3bd9999c65fae9e110059d996fd9bdcf51e54d4b777c525b59e3f19915
component	947:428	rand_floor_select:floor_31_p_8	3	947	-1	c9b6568ca23d6adabf32ff8dd9028f06328600ff348ea77d9ea04289b753c4bc	Whole interface group identical to 949 source	15be4d3bd9999c65fae9e110059d996fd9bdcf51e54d4b777c525b59e3f19915
component	947:552	rand_floor_select:floor_31_p_9	3	947	-1	c9b6568ca23d6adabf32ff8dd9028f06328600ff348ea77d9ea04289b753c4bc	Whole interface group identical to 949 source	15be4d3bd9999c65fae9e110059d996fd9bdcf51e54d4b777c525b59e3f19915
component	947:120	rand_floor_select:floor_32_p_1	3	947	-1	c9b6568ca23d6adabf32ff8dd9028f06328600ff348ea77d9ea04289b753c4bc	Whole interface group identical to 949 source	15be4d3bd9999c65fae9e110059d996fd9bdcf51e54d4b777c525b59e3f19915
component	947:677	rand_floor_select:floor_32_p_10	3	947	-1	c9b6568ca23d6adabf32ff8dd9028f06328600ff348ea77d9ea04289b753c4bc	Whole interface group identical to 949 source	15be4d3bd9999c65fae9e110059d996fd9bdcf51e54d4b777c525b59e3f19915
component	947:244	rand_floor_select:floor_32_p_2	3	947	-1	c9b6568ca23d6adabf32ff8dd9028f06328600ff348ea77d9ea04289b753c4bc	Whole interface group identical to 949 source	15be4d3bd9999c65fae9e110059d996fd9bdcf51e54d4b777c525b59e3f19915
component	947:368	rand_floor_select:floor_32_p_3	3	947	-1	c9b6568ca23d6adabf32ff8dd9028f06328600ff348ea77d9ea04289b753c4bc	Whole interface group identical to 949 source	15be4d3bd9999c65fae9e110059d996fd9bdcf51e54d4b777c525b59e3f19915
component	947:492	rand_floor_select:floor_32_p_4	3	947	-1	c9b6568ca23d6adabf32ff8dd9028f06328600ff348ea77d9ea04289b753c4bc	Whole interface group identical to 949 source	15be4d3bd9999c65fae9e110059d996fd9bdcf51e54d4b777c525b59e3f19915
component	947:616	rand_floor_select:floor_32_p_5	3	947	-1	c9b6568ca23d6adabf32ff8dd9028f06328600ff348ea77d9ea04289b753c4bc	Whole interface group identical to 949 source	15be4d3bd9999c65fae9e110059d996fd9bdcf51e54d4b777c525b59e3f19915
component	947:181	rand_floor_select:floor_32_p_6	3	947	-1	c9b6568ca23d6adabf32ff8dd9028f06328600ff348ea77d9ea04289b753c4bc	Whole interface group identical to 949 source	15be4d3bd9999c65fae9e110059d996fd9bdcf51e54d4b777c525b59e3f19915
component	947:305	rand_floor_select:floor_32_p_7	3	947	-1	c9b6568ca23d6adabf32ff8dd9028f06328600ff348ea77d9ea04289b753c4bc	Whole interface group identical to 949 source	15be4d3bd9999c65fae9e110059d996fd9bdcf51e54d4b777c525b59e3f19915
component	947:429	rand_floor_select:floor_32_p_8	3	947	-1	c9b6568ca23d6adabf32ff8dd9028f06328600ff348ea77d9ea04289b753c4bc	Whole interface group identical to 949 source	15be4d3bd9999c65fae9e110059d996fd9bdcf51e54d4b777c525b59e3f19915
component	947:553	rand_floor_select:floor_32_p_9	3	947	-1	c9b6568ca23d6adabf32ff8dd9028f06328600ff348ea77d9ea04289b753c4bc	Whole interface group identical to 949 source	15be4d3bd9999c65fae9e110059d996fd9bdcf51e54d4b777c525b59e3f19915
component	947:121	rand_floor_select:floor_33_p_1	3	947	-1	c9b6568ca23d6adabf32ff8dd9028f06328600ff348ea77d9ea04289b753c4bc	Whole interface group identical to 949 source	15be4d3bd9999c65fae9e110059d996fd9bdcf51e54d4b777c525b59e3f19915
component	947:678	rand_floor_select:floor_33_p_10	3	947	-1	c9b6568ca23d6adabf32ff8dd9028f06328600ff348ea77d9ea04289b753c4bc	Whole interface group identical to 949 source	15be4d3bd9999c65fae9e110059d996fd9bdcf51e54d4b777c525b59e3f19915
component	947:245	rand_floor_select:floor_33_p_2	3	947	-1	c9b6568ca23d6adabf32ff8dd9028f06328600ff348ea77d9ea04289b753c4bc	Whole interface group identical to 949 source	15be4d3bd9999c65fae9e110059d996fd9bdcf51e54d4b777c525b59e3f19915
component	947:369	rand_floor_select:floor_33_p_3	3	947	-1	c9b6568ca23d6adabf32ff8dd9028f06328600ff348ea77d9ea04289b753c4bc	Whole interface group identical to 949 source	15be4d3bd9999c65fae9e110059d996fd9bdcf51e54d4b777c525b59e3f19915
component	947:493	rand_floor_select:floor_33_p_4	3	947	-1	c9b6568ca23d6adabf32ff8dd9028f06328600ff348ea77d9ea04289b753c4bc	Whole interface group identical to 949 source	15be4d3bd9999c65fae9e110059d996fd9bdcf51e54d4b777c525b59e3f19915
component	947:617	rand_floor_select:floor_33_p_5	3	947	-1	c9b6568ca23d6adabf32ff8dd9028f06328600ff348ea77d9ea04289b753c4bc	Whole interface group identical to 949 source	15be4d3bd9999c65fae9e110059d996fd9bdcf51e54d4b777c525b59e3f19915
component	947:182	rand_floor_select:floor_33_p_6	3	947	-1	c9b6568ca23d6adabf32ff8dd9028f06328600ff348ea77d9ea04289b753c4bc	Whole interface group identical to 949 source	15be4d3bd9999c65fae9e110059d996fd9bdcf51e54d4b777c525b59e3f19915
component	947:306	rand_floor_select:floor_33_p_7	3	947	-1	c9b6568ca23d6adabf32ff8dd9028f06328600ff348ea77d9ea04289b753c4bc	Whole interface group identical to 949 source	15be4d3bd9999c65fae9e110059d996fd9bdcf51e54d4b777c525b59e3f19915
component	947:430	rand_floor_select:floor_33_p_8	3	947	-1	c9b6568ca23d6adabf32ff8dd9028f06328600ff348ea77d9ea04289b753c4bc	Whole interface group identical to 949 source	15be4d3bd9999c65fae9e110059d996fd9bdcf51e54d4b777c525b59e3f19915
component	947:554	rand_floor_select:floor_33_p_9	3	947	-1	c9b6568ca23d6adabf32ff8dd9028f06328600ff348ea77d9ea04289b753c4bc	Whole interface group identical to 949 source	15be4d3bd9999c65fae9e110059d996fd9bdcf51e54d4b777c525b59e3f19915
component	947:122	rand_floor_select:floor_34_p_1	3	947	-1	c9b6568ca23d6adabf32ff8dd9028f06328600ff348ea77d9ea04289b753c4bc	Whole interface group identical to 949 source	15be4d3bd9999c65fae9e110059d996fd9bdcf51e54d4b777c525b59e3f19915
component	947:679	rand_floor_select:floor_34_p_10	3	947	-1	c9b6568ca23d6adabf32ff8dd9028f06328600ff348ea77d9ea04289b753c4bc	Whole interface group identical to 949 source	15be4d3bd9999c65fae9e110059d996fd9bdcf51e54d4b777c525b59e3f19915
component	947:246	rand_floor_select:floor_34_p_2	3	947	-1	c9b6568ca23d6adabf32ff8dd9028f06328600ff348ea77d9ea04289b753c4bc	Whole interface group identical to 949 source	15be4d3bd9999c65fae9e110059d996fd9bdcf51e54d4b777c525b59e3f19915
component	947:370	rand_floor_select:floor_34_p_3	3	947	-1	c9b6568ca23d6adabf32ff8dd9028f06328600ff348ea77d9ea04289b753c4bc	Whole interface group identical to 949 source	15be4d3bd9999c65fae9e110059d996fd9bdcf51e54d4b777c525b59e3f19915
component	947:494	rand_floor_select:floor_34_p_4	3	947	-1	c9b6568ca23d6adabf32ff8dd9028f06328600ff348ea77d9ea04289b753c4bc	Whole interface group identical to 949 source	15be4d3bd9999c65fae9e110059d996fd9bdcf51e54d4b777c525b59e3f19915
component	947:618	rand_floor_select:floor_34_p_5	3	947	-1	c9b6568ca23d6adabf32ff8dd9028f06328600ff348ea77d9ea04289b753c4bc	Whole interface group identical to 949 source	15be4d3bd9999c65fae9e110059d996fd9bdcf51e54d4b777c525b59e3f19915
component	947:183	rand_floor_select:floor_34_p_6	3	947	-1	c9b6568ca23d6adabf32ff8dd9028f06328600ff348ea77d9ea04289b753c4bc	Whole interface group identical to 949 source	15be4d3bd9999c65fae9e110059d996fd9bdcf51e54d4b777c525b59e3f19915
component	947:307	rand_floor_select:floor_34_p_7	3	947	-1	c9b6568ca23d6adabf32ff8dd9028f06328600ff348ea77d9ea04289b753c4bc	Whole interface group identical to 949 source	15be4d3bd9999c65fae9e110059d996fd9bdcf51e54d4b777c525b59e3f19915
component	947:431	rand_floor_select:floor_34_p_8	3	947	-1	c9b6568ca23d6adabf32ff8dd9028f06328600ff348ea77d9ea04289b753c4bc	Whole interface group identical to 949 source	15be4d3bd9999c65fae9e110059d996fd9bdcf51e54d4b777c525b59e3f19915
component	947:555	rand_floor_select:floor_34_p_9	3	947	-1	c9b6568ca23d6adabf32ff8dd9028f06328600ff348ea77d9ea04289b753c4bc	Whole interface group identical to 949 source	15be4d3bd9999c65fae9e110059d996fd9bdcf51e54d4b777c525b59e3f19915
component	947:123	rand_floor_select:floor_35_p_1	3	947	-1	c9b6568ca23d6adabf32ff8dd9028f06328600ff348ea77d9ea04289b753c4bc	Whole interface group identical to 949 source	15be4d3bd9999c65fae9e110059d996fd9bdcf51e54d4b777c525b59e3f19915
component	947:680	rand_floor_select:floor_35_p_10	3	947	-1	c9b6568ca23d6adabf32ff8dd9028f06328600ff348ea77d9ea04289b753c4bc	Whole interface group identical to 949 source	15be4d3bd9999c65fae9e110059d996fd9bdcf51e54d4b777c525b59e3f19915
component	947:247	rand_floor_select:floor_35_p_2	3	947	-1	c9b6568ca23d6adabf32ff8dd9028f06328600ff348ea77d9ea04289b753c4bc	Whole interface group identical to 949 source	15be4d3bd9999c65fae9e110059d996fd9bdcf51e54d4b777c525b59e3f19915
component	947:371	rand_floor_select:floor_35_p_3	3	947	-1	c9b6568ca23d6adabf32ff8dd9028f06328600ff348ea77d9ea04289b753c4bc	Whole interface group identical to 949 source	15be4d3bd9999c65fae9e110059d996fd9bdcf51e54d4b777c525b59e3f19915
component	947:495	rand_floor_select:floor_35_p_4	3	947	-1	c9b6568ca23d6adabf32ff8dd9028f06328600ff348ea77d9ea04289b753c4bc	Whole interface group identical to 949 source	15be4d3bd9999c65fae9e110059d996fd9bdcf51e54d4b777c525b59e3f19915
component	947:619	rand_floor_select:floor_35_p_5	3	947	-1	c9b6568ca23d6adabf32ff8dd9028f06328600ff348ea77d9ea04289b753c4bc	Whole interface group identical to 949 source	15be4d3bd9999c65fae9e110059d996fd9bdcf51e54d4b777c525b59e3f19915
component	947:184	rand_floor_select:floor_35_p_6	3	947	-1	c9b6568ca23d6adabf32ff8dd9028f06328600ff348ea77d9ea04289b753c4bc	Whole interface group identical to 949 source	15be4d3bd9999c65fae9e110059d996fd9bdcf51e54d4b777c525b59e3f19915
component	947:308	rand_floor_select:floor_35_p_7	3	947	-1	c9b6568ca23d6adabf32ff8dd9028f06328600ff348ea77d9ea04289b753c4bc	Whole interface group identical to 949 source	15be4d3bd9999c65fae9e110059d996fd9bdcf51e54d4b777c525b59e3f19915
component	947:432	rand_floor_select:floor_35_p_8	3	947	-1	c9b6568ca23d6adabf32ff8dd9028f06328600ff348ea77d9ea04289b753c4bc	Whole interface group identical to 949 source	15be4d3bd9999c65fae9e110059d996fd9bdcf51e54d4b777c525b59e3f19915
component	947:556	rand_floor_select:floor_35_p_9	3	947	-1	c9b6568ca23d6adabf32ff8dd9028f06328600ff348ea77d9ea04289b753c4bc	Whole interface group identical to 949 source	15be4d3bd9999c65fae9e110059d996fd9bdcf51e54d4b777c525b59e3f19915
component	947:124	rand_floor_select:floor_36_p_1	3	947	-1	c9b6568ca23d6adabf32ff8dd9028f06328600ff348ea77d9ea04289b753c4bc	Whole interface group identical to 949 source	15be4d3bd9999c65fae9e110059d996fd9bdcf51e54d4b777c525b59e3f19915
component	947:681	rand_floor_select:floor_36_p_10	3	947	-1	c9b6568ca23d6adabf32ff8dd9028f06328600ff348ea77d9ea04289b753c4bc	Whole interface group identical to 949 source	15be4d3bd9999c65fae9e110059d996fd9bdcf51e54d4b777c525b59e3f19915
component	947:248	rand_floor_select:floor_36_p_2	3	947	-1	c9b6568ca23d6adabf32ff8dd9028f06328600ff348ea77d9ea04289b753c4bc	Whole interface group identical to 949 source	15be4d3bd9999c65fae9e110059d996fd9bdcf51e54d4b777c525b59e3f19915
component	947:372	rand_floor_select:floor_36_p_3	3	947	-1	c9b6568ca23d6adabf32ff8dd9028f06328600ff348ea77d9ea04289b753c4bc	Whole interface group identical to 949 source	15be4d3bd9999c65fae9e110059d996fd9bdcf51e54d4b777c525b59e3f19915
component	947:496	rand_floor_select:floor_36_p_4	3	947	-1	c9b6568ca23d6adabf32ff8dd9028f06328600ff348ea77d9ea04289b753c4bc	Whole interface group identical to 949 source	15be4d3bd9999c65fae9e110059d996fd9bdcf51e54d4b777c525b59e3f19915
component	947:620	rand_floor_select:floor_36_p_5	3	947	-1	c9b6568ca23d6adabf32ff8dd9028f06328600ff348ea77d9ea04289b753c4bc	Whole interface group identical to 949 source	15be4d3bd9999c65fae9e110059d996fd9bdcf51e54d4b777c525b59e3f19915
component	947:185	rand_floor_select:floor_36_p_6	3	947	-1	c9b6568ca23d6adabf32ff8dd9028f06328600ff348ea77d9ea04289b753c4bc	Whole interface group identical to 949 source	15be4d3bd9999c65fae9e110059d996fd9bdcf51e54d4b777c525b59e3f19915
component	947:309	rand_floor_select:floor_36_p_7	3	947	-1	c9b6568ca23d6adabf32ff8dd9028f06328600ff348ea77d9ea04289b753c4bc	Whole interface group identical to 949 source	15be4d3bd9999c65fae9e110059d996fd9bdcf51e54d4b777c525b59e3f19915
component	947:433	rand_floor_select:floor_36_p_8	3	947	-1	c9b6568ca23d6adabf32ff8dd9028f06328600ff348ea77d9ea04289b753c4bc	Whole interface group identical to 949 source	15be4d3bd9999c65fae9e110059d996fd9bdcf51e54d4b777c525b59e3f19915
component	947:557	rand_floor_select:floor_36_p_9	3	947	-1	c9b6568ca23d6adabf32ff8dd9028f06328600ff348ea77d9ea04289b753c4bc	Whole interface group identical to 949 source	15be4d3bd9999c65fae9e110059d996fd9bdcf51e54d4b777c525b59e3f19915
component	947:125	rand_floor_select:floor_37_p_1	3	947	-1	c9b6568ca23d6adabf32ff8dd9028f06328600ff348ea77d9ea04289b753c4bc	Whole interface group identical to 949 source	15be4d3bd9999c65fae9e110059d996fd9bdcf51e54d4b777c525b59e3f19915
component	947:682	rand_floor_select:floor_37_p_10	3	947	-1	c9b6568ca23d6adabf32ff8dd9028f06328600ff348ea77d9ea04289b753c4bc	Whole interface group identical to 949 source	15be4d3bd9999c65fae9e110059d996fd9bdcf51e54d4b777c525b59e3f19915
component	947:249	rand_floor_select:floor_37_p_2	3	947	-1	c9b6568ca23d6adabf32ff8dd9028f06328600ff348ea77d9ea04289b753c4bc	Whole interface group identical to 949 source	15be4d3bd9999c65fae9e110059d996fd9bdcf51e54d4b777c525b59e3f19915
component	947:373	rand_floor_select:floor_37_p_3	3	947	-1	c9b6568ca23d6adabf32ff8dd9028f06328600ff348ea77d9ea04289b753c4bc	Whole interface group identical to 949 source	15be4d3bd9999c65fae9e110059d996fd9bdcf51e54d4b777c525b59e3f19915
component	947:497	rand_floor_select:floor_37_p_4	3	947	-1	c9b6568ca23d6adabf32ff8dd9028f06328600ff348ea77d9ea04289b753c4bc	Whole interface group identical to 949 source	15be4d3bd9999c65fae9e110059d996fd9bdcf51e54d4b777c525b59e3f19915
component	947:621	rand_floor_select:floor_37_p_5	3	947	-1	c9b6568ca23d6adabf32ff8dd9028f06328600ff348ea77d9ea04289b753c4bc	Whole interface group identical to 949 source	15be4d3bd9999c65fae9e110059d996fd9bdcf51e54d4b777c525b59e3f19915
component	947:186	rand_floor_select:floor_37_p_6	3	947	-1	c9b6568ca23d6adabf32ff8dd9028f06328600ff348ea77d9ea04289b753c4bc	Whole interface group identical to 949 source	15be4d3bd9999c65fae9e110059d996fd9bdcf51e54d4b777c525b59e3f19915
component	947:310	rand_floor_select:floor_37_p_7	3	947	-1	c9b6568ca23d6adabf32ff8dd9028f06328600ff348ea77d9ea04289b753c4bc	Whole interface group identical to 949 source	15be4d3bd9999c65fae9e110059d996fd9bdcf51e54d4b777c525b59e3f19915
component	947:434	rand_floor_select:floor_37_p_8	3	947	-1	c9b6568ca23d6adabf32ff8dd9028f06328600ff348ea77d9ea04289b753c4bc	Whole interface group identical to 949 source	15be4d3bd9999c65fae9e110059d996fd9bdcf51e54d4b777c525b59e3f19915
component	947:558	rand_floor_select:floor_37_p_9	3	947	-1	c9b6568ca23d6adabf32ff8dd9028f06328600ff348ea77d9ea04289b753c4bc	Whole interface group identical to 949 source	15be4d3bd9999c65fae9e110059d996fd9bdcf51e54d4b777c525b59e3f19915
component	947:126	rand_floor_select:floor_38_p_1	3	947	-1	c9b6568ca23d6adabf32ff8dd9028f06328600ff348ea77d9ea04289b753c4bc	Whole interface group identical to 949 source	15be4d3bd9999c65fae9e110059d996fd9bdcf51e54d4b777c525b59e3f19915
component	947:683	rand_floor_select:floor_38_p_10	3	947	-1	c9b6568ca23d6adabf32ff8dd9028f06328600ff348ea77d9ea04289b753c4bc	Whole interface group identical to 949 source	15be4d3bd9999c65fae9e110059d996fd9bdcf51e54d4b777c525b59e3f19915
component	947:250	rand_floor_select:floor_38_p_2	3	947	-1	c9b6568ca23d6adabf32ff8dd9028f06328600ff348ea77d9ea04289b753c4bc	Whole interface group identical to 949 source	15be4d3bd9999c65fae9e110059d996fd9bdcf51e54d4b777c525b59e3f19915
component	947:374	rand_floor_select:floor_38_p_3	3	947	-1	c9b6568ca23d6adabf32ff8dd9028f06328600ff348ea77d9ea04289b753c4bc	Whole interface group identical to 949 source	15be4d3bd9999c65fae9e110059d996fd9bdcf51e54d4b777c525b59e3f19915
component	947:498	rand_floor_select:floor_38_p_4	3	947	-1	c9b6568ca23d6adabf32ff8dd9028f06328600ff348ea77d9ea04289b753c4bc	Whole interface group identical to 949 source	15be4d3bd9999c65fae9e110059d996fd9bdcf51e54d4b777c525b59e3f19915
component	947:622	rand_floor_select:floor_38_p_5	3	947	-1	c9b6568ca23d6adabf32ff8dd9028f06328600ff348ea77d9ea04289b753c4bc	Whole interface group identical to 949 source	15be4d3bd9999c65fae9e110059d996fd9bdcf51e54d4b777c525b59e3f19915
component	947:187	rand_floor_select:floor_38_p_6	3	947	-1	c9b6568ca23d6adabf32ff8dd9028f06328600ff348ea77d9ea04289b753c4bc	Whole interface group identical to 949 source	15be4d3bd9999c65fae9e110059d996fd9bdcf51e54d4b777c525b59e3f19915
component	947:311	rand_floor_select:floor_38_p_7	3	947	-1	c9b6568ca23d6adabf32ff8dd9028f06328600ff348ea77d9ea04289b753c4bc	Whole interface group identical to 949 source	15be4d3bd9999c65fae9e110059d996fd9bdcf51e54d4b777c525b59e3f19915
component	947:435	rand_floor_select:floor_38_p_8	3	947	-1	c9b6568ca23d6adabf32ff8dd9028f06328600ff348ea77d9ea04289b753c4bc	Whole interface group identical to 949 source	15be4d3bd9999c65fae9e110059d996fd9bdcf51e54d4b777c525b59e3f19915
component	947:559	rand_floor_select:floor_38_p_9	3	947	-1	c9b6568ca23d6adabf32ff8dd9028f06328600ff348ea77d9ea04289b753c4bc	Whole interface group identical to 949 source	15be4d3bd9999c65fae9e110059d996fd9bdcf51e54d4b777c525b59e3f19915
component	947:127	rand_floor_select:floor_39_p_1	3	947	-1	c9b6568ca23d6adabf32ff8dd9028f06328600ff348ea77d9ea04289b753c4bc	Whole interface group identical to 949 source	15be4d3bd9999c65fae9e110059d996fd9bdcf51e54d4b777c525b59e3f19915
component	947:684	rand_floor_select:floor_39_p_10	3	947	-1	c9b6568ca23d6adabf32ff8dd9028f06328600ff348ea77d9ea04289b753c4bc	Whole interface group identical to 949 source	15be4d3bd9999c65fae9e110059d996fd9bdcf51e54d4b777c525b59e3f19915
component	947:251	rand_floor_select:floor_39_p_2	3	947	-1	c9b6568ca23d6adabf32ff8dd9028f06328600ff348ea77d9ea04289b753c4bc	Whole interface group identical to 949 source	15be4d3bd9999c65fae9e110059d996fd9bdcf51e54d4b777c525b59e3f19915
component	947:375	rand_floor_select:floor_39_p_3	3	947	-1	c9b6568ca23d6adabf32ff8dd9028f06328600ff348ea77d9ea04289b753c4bc	Whole interface group identical to 949 source	15be4d3bd9999c65fae9e110059d996fd9bdcf51e54d4b777c525b59e3f19915
component	947:499	rand_floor_select:floor_39_p_4	3	947	-1	c9b6568ca23d6adabf32ff8dd9028f06328600ff348ea77d9ea04289b753c4bc	Whole interface group identical to 949 source	15be4d3bd9999c65fae9e110059d996fd9bdcf51e54d4b777c525b59e3f19915
component	947:623	rand_floor_select:floor_39_p_5	3	947	-1	c9b6568ca23d6adabf32ff8dd9028f06328600ff348ea77d9ea04289b753c4bc	Whole interface group identical to 949 source	15be4d3bd9999c65fae9e110059d996fd9bdcf51e54d4b777c525b59e3f19915
component	947:188	rand_floor_select:floor_39_p_6	3	947	-1	c9b6568ca23d6adabf32ff8dd9028f06328600ff348ea77d9ea04289b753c4bc	Whole interface group identical to 949 source	15be4d3bd9999c65fae9e110059d996fd9bdcf51e54d4b777c525b59e3f19915
component	947:312	rand_floor_select:floor_39_p_7	3	947	-1	c9b6568ca23d6adabf32ff8dd9028f06328600ff348ea77d9ea04289b753c4bc	Whole interface group identical to 949 source	15be4d3bd9999c65fae9e110059d996fd9bdcf51e54d4b777c525b59e3f19915
component	947:436	rand_floor_select:floor_39_p_8	3	947	-1	c9b6568ca23d6adabf32ff8dd9028f06328600ff348ea77d9ea04289b753c4bc	Whole interface group identical to 949 source	15be4d3bd9999c65fae9e110059d996fd9bdcf51e54d4b777c525b59e3f19915
component	947:560	rand_floor_select:floor_39_p_9	3	947	-1	c9b6568ca23d6adabf32ff8dd9028f06328600ff348ea77d9ea04289b753c4bc	Whole interface group identical to 949 source	15be4d3bd9999c65fae9e110059d996fd9bdcf51e54d4b777c525b59e3f19915
component	947:91	rand_floor_select:floor_3_p_1	3	947	-1	c9b6568ca23d6adabf32ff8dd9028f06328600ff348ea77d9ea04289b753c4bc	Whole interface group identical to 949 source	15be4d3bd9999c65fae9e110059d996fd9bdcf51e54d4b777c525b59e3f19915
component	947:648	rand_floor_select:floor_3_p_10	3	947	-1	c9b6568ca23d6adabf32ff8dd9028f06328600ff348ea77d9ea04289b753c4bc	Whole interface group identical to 949 source	15be4d3bd9999c65fae9e110059d996fd9bdcf51e54d4b777c525b59e3f19915
component	947:215	rand_floor_select:floor_3_p_2	3	947	-1	c9b6568ca23d6adabf32ff8dd9028f06328600ff348ea77d9ea04289b753c4bc	Whole interface group identical to 949 source	15be4d3bd9999c65fae9e110059d996fd9bdcf51e54d4b777c525b59e3f19915
component	947:339	rand_floor_select:floor_3_p_3	3	947	-1	c9b6568ca23d6adabf32ff8dd9028f06328600ff348ea77d9ea04289b753c4bc	Whole interface group identical to 949 source	15be4d3bd9999c65fae9e110059d996fd9bdcf51e54d4b777c525b59e3f19915
component	947:463	rand_floor_select:floor_3_p_4	3	947	-1	c9b6568ca23d6adabf32ff8dd9028f06328600ff348ea77d9ea04289b753c4bc	Whole interface group identical to 949 source	15be4d3bd9999c65fae9e110059d996fd9bdcf51e54d4b777c525b59e3f19915
component	947:587	rand_floor_select:floor_3_p_5	3	947	-1	c9b6568ca23d6adabf32ff8dd9028f06328600ff348ea77d9ea04289b753c4bc	Whole interface group identical to 949 source	15be4d3bd9999c65fae9e110059d996fd9bdcf51e54d4b777c525b59e3f19915
component	947:152	rand_floor_select:floor_3_p_6	3	947	-1	c9b6568ca23d6adabf32ff8dd9028f06328600ff348ea77d9ea04289b753c4bc	Whole interface group identical to 949 source	15be4d3bd9999c65fae9e110059d996fd9bdcf51e54d4b777c525b59e3f19915
component	947:276	rand_floor_select:floor_3_p_7	3	947	-1	c9b6568ca23d6adabf32ff8dd9028f06328600ff348ea77d9ea04289b753c4bc	Whole interface group identical to 949 source	15be4d3bd9999c65fae9e110059d996fd9bdcf51e54d4b777c525b59e3f19915
component	947:400	rand_floor_select:floor_3_p_8	3	947	-1	c9b6568ca23d6adabf32ff8dd9028f06328600ff348ea77d9ea04289b753c4bc	Whole interface group identical to 949 source	15be4d3bd9999c65fae9e110059d996fd9bdcf51e54d4b777c525b59e3f19915
component	947:524	rand_floor_select:floor_3_p_9	3	947	-1	c9b6568ca23d6adabf32ff8dd9028f06328600ff348ea77d9ea04289b753c4bc	Whole interface group identical to 949 source	15be4d3bd9999c65fae9e110059d996fd9bdcf51e54d4b777c525b59e3f19915
component	947:128	rand_floor_select:floor_40_p_1	3	947	-1	c9b6568ca23d6adabf32ff8dd9028f06328600ff348ea77d9ea04289b753c4bc	Whole interface group identical to 949 source	15be4d3bd9999c65fae9e110059d996fd9bdcf51e54d4b777c525b59e3f19915
component	947:685	rand_floor_select:floor_40_p_10	3	947	-1	c9b6568ca23d6adabf32ff8dd9028f06328600ff348ea77d9ea04289b753c4bc	Whole interface group identical to 949 source	15be4d3bd9999c65fae9e110059d996fd9bdcf51e54d4b777c525b59e3f19915
component	947:252	rand_floor_select:floor_40_p_2	3	947	-1	c9b6568ca23d6adabf32ff8dd9028f06328600ff348ea77d9ea04289b753c4bc	Whole interface group identical to 949 source	15be4d3bd9999c65fae9e110059d996fd9bdcf51e54d4b777c525b59e3f19915
component	947:376	rand_floor_select:floor_40_p_3	3	947	-1	c9b6568ca23d6adabf32ff8dd9028f06328600ff348ea77d9ea04289b753c4bc	Whole interface group identical to 949 source	15be4d3bd9999c65fae9e110059d996fd9bdcf51e54d4b777c525b59e3f19915
component	947:500	rand_floor_select:floor_40_p_4	3	947	-1	c9b6568ca23d6adabf32ff8dd9028f06328600ff348ea77d9ea04289b753c4bc	Whole interface group identical to 949 source	15be4d3bd9999c65fae9e110059d996fd9bdcf51e54d4b777c525b59e3f19915
component	947:624	rand_floor_select:floor_40_p_5	3	947	-1	c9b6568ca23d6adabf32ff8dd9028f06328600ff348ea77d9ea04289b753c4bc	Whole interface group identical to 949 source	15be4d3bd9999c65fae9e110059d996fd9bdcf51e54d4b777c525b59e3f19915
component	947:189	rand_floor_select:floor_40_p_6	3	947	-1	c9b6568ca23d6adabf32ff8dd9028f06328600ff348ea77d9ea04289b753c4bc	Whole interface group identical to 949 source	15be4d3bd9999c65fae9e110059d996fd9bdcf51e54d4b777c525b59e3f19915
component	947:313	rand_floor_select:floor_40_p_7	3	947	-1	c9b6568ca23d6adabf32ff8dd9028f06328600ff348ea77d9ea04289b753c4bc	Whole interface group identical to 949 source	15be4d3bd9999c65fae9e110059d996fd9bdcf51e54d4b777c525b59e3f19915
component	947:437	rand_floor_select:floor_40_p_8	3	947	-1	c9b6568ca23d6adabf32ff8dd9028f06328600ff348ea77d9ea04289b753c4bc	Whole interface group identical to 949 source	15be4d3bd9999c65fae9e110059d996fd9bdcf51e54d4b777c525b59e3f19915
component	947:561	rand_floor_select:floor_40_p_9	3	947	-1	c9b6568ca23d6adabf32ff8dd9028f06328600ff348ea77d9ea04289b753c4bc	Whole interface group identical to 949 source	15be4d3bd9999c65fae9e110059d996fd9bdcf51e54d4b777c525b59e3f19915
component	947:129	rand_floor_select:floor_41_p_1	3	947	-1	c9b6568ca23d6adabf32ff8dd9028f06328600ff348ea77d9ea04289b753c4bc	Whole interface group identical to 949 source	15be4d3bd9999c65fae9e110059d996fd9bdcf51e54d4b777c525b59e3f19915
component	947:686	rand_floor_select:floor_41_p_10	3	947	-1	c9b6568ca23d6adabf32ff8dd9028f06328600ff348ea77d9ea04289b753c4bc	Whole interface group identical to 949 source	15be4d3bd9999c65fae9e110059d996fd9bdcf51e54d4b777c525b59e3f19915
component	947:253	rand_floor_select:floor_41_p_2	3	947	-1	c9b6568ca23d6adabf32ff8dd9028f06328600ff348ea77d9ea04289b753c4bc	Whole interface group identical to 949 source	15be4d3bd9999c65fae9e110059d996fd9bdcf51e54d4b777c525b59e3f19915
component	947:377	rand_floor_select:floor_41_p_3	3	947	-1	c9b6568ca23d6adabf32ff8dd9028f06328600ff348ea77d9ea04289b753c4bc	Whole interface group identical to 949 source	15be4d3bd9999c65fae9e110059d996fd9bdcf51e54d4b777c525b59e3f19915
component	947:501	rand_floor_select:floor_41_p_4	3	947	-1	c9b6568ca23d6adabf32ff8dd9028f06328600ff348ea77d9ea04289b753c4bc	Whole interface group identical to 949 source	15be4d3bd9999c65fae9e110059d996fd9bdcf51e54d4b777c525b59e3f19915
component	947:625	rand_floor_select:floor_41_p_5	3	947	-1	c9b6568ca23d6adabf32ff8dd9028f06328600ff348ea77d9ea04289b753c4bc	Whole interface group identical to 949 source	15be4d3bd9999c65fae9e110059d996fd9bdcf51e54d4b777c525b59e3f19915
component	947:190	rand_floor_select:floor_41_p_6	3	947	-1	c9b6568ca23d6adabf32ff8dd9028f06328600ff348ea77d9ea04289b753c4bc	Whole interface group identical to 949 source	15be4d3bd9999c65fae9e110059d996fd9bdcf51e54d4b777c525b59e3f19915
component	947:314	rand_floor_select:floor_41_p_7	3	947	-1	c9b6568ca23d6adabf32ff8dd9028f06328600ff348ea77d9ea04289b753c4bc	Whole interface group identical to 949 source	15be4d3bd9999c65fae9e110059d996fd9bdcf51e54d4b777c525b59e3f19915
component	947:438	rand_floor_select:floor_41_p_8	3	947	-1	c9b6568ca23d6adabf32ff8dd9028f06328600ff348ea77d9ea04289b753c4bc	Whole interface group identical to 949 source	15be4d3bd9999c65fae9e110059d996fd9bdcf51e54d4b777c525b59e3f19915
component	947:562	rand_floor_select:floor_41_p_9	3	947	-1	c9b6568ca23d6adabf32ff8dd9028f06328600ff348ea77d9ea04289b753c4bc	Whole interface group identical to 949 source	15be4d3bd9999c65fae9e110059d996fd9bdcf51e54d4b777c525b59e3f19915
component	947:130	rand_floor_select:floor_42_p_1	3	947	-1	c9b6568ca23d6adabf32ff8dd9028f06328600ff348ea77d9ea04289b753c4bc	Whole interface group identical to 949 source	15be4d3bd9999c65fae9e110059d996fd9bdcf51e54d4b777c525b59e3f19915
component	947:687	rand_floor_select:floor_42_p_10	3	947	-1	c9b6568ca23d6adabf32ff8dd9028f06328600ff348ea77d9ea04289b753c4bc	Whole interface group identical to 949 source	15be4d3bd9999c65fae9e110059d996fd9bdcf51e54d4b777c525b59e3f19915
component	947:254	rand_floor_select:floor_42_p_2	3	947	-1	c9b6568ca23d6adabf32ff8dd9028f06328600ff348ea77d9ea04289b753c4bc	Whole interface group identical to 949 source	15be4d3bd9999c65fae9e110059d996fd9bdcf51e54d4b777c525b59e3f19915
component	947:378	rand_floor_select:floor_42_p_3	3	947	-1	c9b6568ca23d6adabf32ff8dd9028f06328600ff348ea77d9ea04289b753c4bc	Whole interface group identical to 949 source	15be4d3bd9999c65fae9e110059d996fd9bdcf51e54d4b777c525b59e3f19915
component	947:502	rand_floor_select:floor_42_p_4	3	947	-1	c9b6568ca23d6adabf32ff8dd9028f06328600ff348ea77d9ea04289b753c4bc	Whole interface group identical to 949 source	15be4d3bd9999c65fae9e110059d996fd9bdcf51e54d4b777c525b59e3f19915
component	947:626	rand_floor_select:floor_42_p_5	3	947	-1	c9b6568ca23d6adabf32ff8dd9028f06328600ff348ea77d9ea04289b753c4bc	Whole interface group identical to 949 source	15be4d3bd9999c65fae9e110059d996fd9bdcf51e54d4b777c525b59e3f19915
component	947:191	rand_floor_select:floor_42_p_6	3	947	-1	c9b6568ca23d6adabf32ff8dd9028f06328600ff348ea77d9ea04289b753c4bc	Whole interface group identical to 949 source	15be4d3bd9999c65fae9e110059d996fd9bdcf51e54d4b777c525b59e3f19915
component	947:315	rand_floor_select:floor_42_p_7	3	947	-1	c9b6568ca23d6adabf32ff8dd9028f06328600ff348ea77d9ea04289b753c4bc	Whole interface group identical to 949 source	15be4d3bd9999c65fae9e110059d996fd9bdcf51e54d4b777c525b59e3f19915
component	947:439	rand_floor_select:floor_42_p_8	3	947	-1	c9b6568ca23d6adabf32ff8dd9028f06328600ff348ea77d9ea04289b753c4bc	Whole interface group identical to 949 source	15be4d3bd9999c65fae9e110059d996fd9bdcf51e54d4b777c525b59e3f19915
component	947:563	rand_floor_select:floor_42_p_9	3	947	-1	c9b6568ca23d6adabf32ff8dd9028f06328600ff348ea77d9ea04289b753c4bc	Whole interface group identical to 949 source	15be4d3bd9999c65fae9e110059d996fd9bdcf51e54d4b777c525b59e3f19915
component	947:131	rand_floor_select:floor_43_p_1	3	947	-1	c9b6568ca23d6adabf32ff8dd9028f06328600ff348ea77d9ea04289b753c4bc	Whole interface group identical to 949 source	15be4d3bd9999c65fae9e110059d996fd9bdcf51e54d4b777c525b59e3f19915
component	947:688	rand_floor_select:floor_43_p_10	3	947	-1	c9b6568ca23d6adabf32ff8dd9028f06328600ff348ea77d9ea04289b753c4bc	Whole interface group identical to 949 source	15be4d3bd9999c65fae9e110059d996fd9bdcf51e54d4b777c525b59e3f19915
component	947:255	rand_floor_select:floor_43_p_2	3	947	-1	c9b6568ca23d6adabf32ff8dd9028f06328600ff348ea77d9ea04289b753c4bc	Whole interface group identical to 949 source	15be4d3bd9999c65fae9e110059d996fd9bdcf51e54d4b777c525b59e3f19915
component	947:379	rand_floor_select:floor_43_p_3	3	947	-1	c9b6568ca23d6adabf32ff8dd9028f06328600ff348ea77d9ea04289b753c4bc	Whole interface group identical to 949 source	15be4d3bd9999c65fae9e110059d996fd9bdcf51e54d4b777c525b59e3f19915
component	947:503	rand_floor_select:floor_43_p_4	3	947	-1	c9b6568ca23d6adabf32ff8dd9028f06328600ff348ea77d9ea04289b753c4bc	Whole interface group identical to 949 source	15be4d3bd9999c65fae9e110059d996fd9bdcf51e54d4b777c525b59e3f19915
component	947:627	rand_floor_select:floor_43_p_5	3	947	-1	c9b6568ca23d6adabf32ff8dd9028f06328600ff348ea77d9ea04289b753c4bc	Whole interface group identical to 949 source	15be4d3bd9999c65fae9e110059d996fd9bdcf51e54d4b777c525b59e3f19915
component	947:192	rand_floor_select:floor_43_p_6	3	947	-1	c9b6568ca23d6adabf32ff8dd9028f06328600ff348ea77d9ea04289b753c4bc	Whole interface group identical to 949 source	15be4d3bd9999c65fae9e110059d996fd9bdcf51e54d4b777c525b59e3f19915
component	947:316	rand_floor_select:floor_43_p_7	3	947	-1	c9b6568ca23d6adabf32ff8dd9028f06328600ff348ea77d9ea04289b753c4bc	Whole interface group identical to 949 source	15be4d3bd9999c65fae9e110059d996fd9bdcf51e54d4b777c525b59e3f19915
component	947:440	rand_floor_select:floor_43_p_8	3	947	-1	c9b6568ca23d6adabf32ff8dd9028f06328600ff348ea77d9ea04289b753c4bc	Whole interface group identical to 949 source	15be4d3bd9999c65fae9e110059d996fd9bdcf51e54d4b777c525b59e3f19915
component	947:564	rand_floor_select:floor_43_p_9	3	947	-1	c9b6568ca23d6adabf32ff8dd9028f06328600ff348ea77d9ea04289b753c4bc	Whole interface group identical to 949 source	15be4d3bd9999c65fae9e110059d996fd9bdcf51e54d4b777c525b59e3f19915
component	947:132	rand_floor_select:floor_44_p_1	3	947	-1	c9b6568ca23d6adabf32ff8dd9028f06328600ff348ea77d9ea04289b753c4bc	Whole interface group identical to 949 source	15be4d3bd9999c65fae9e110059d996fd9bdcf51e54d4b777c525b59e3f19915
component	947:689	rand_floor_select:floor_44_p_10	3	947	-1	c9b6568ca23d6adabf32ff8dd9028f06328600ff348ea77d9ea04289b753c4bc	Whole interface group identical to 949 source	15be4d3bd9999c65fae9e110059d996fd9bdcf51e54d4b777c525b59e3f19915
component	947:256	rand_floor_select:floor_44_p_2	3	947	-1	c9b6568ca23d6adabf32ff8dd9028f06328600ff348ea77d9ea04289b753c4bc	Whole interface group identical to 949 source	15be4d3bd9999c65fae9e110059d996fd9bdcf51e54d4b777c525b59e3f19915
component	947:380	rand_floor_select:floor_44_p_3	3	947	-1	c9b6568ca23d6adabf32ff8dd9028f06328600ff348ea77d9ea04289b753c4bc	Whole interface group identical to 949 source	15be4d3bd9999c65fae9e110059d996fd9bdcf51e54d4b777c525b59e3f19915
component	947:504	rand_floor_select:floor_44_p_4	3	947	-1	c9b6568ca23d6adabf32ff8dd9028f06328600ff348ea77d9ea04289b753c4bc	Whole interface group identical to 949 source	15be4d3bd9999c65fae9e110059d996fd9bdcf51e54d4b777c525b59e3f19915
component	947:628	rand_floor_select:floor_44_p_5	3	947	-1	c9b6568ca23d6adabf32ff8dd9028f06328600ff348ea77d9ea04289b753c4bc	Whole interface group identical to 949 source	15be4d3bd9999c65fae9e110059d996fd9bdcf51e54d4b777c525b59e3f19915
component	947:193	rand_floor_select:floor_44_p_6	3	947	-1	c9b6568ca23d6adabf32ff8dd9028f06328600ff348ea77d9ea04289b753c4bc	Whole interface group identical to 949 source	15be4d3bd9999c65fae9e110059d996fd9bdcf51e54d4b777c525b59e3f19915
component	947:317	rand_floor_select:floor_44_p_7	3	947	-1	c9b6568ca23d6adabf32ff8dd9028f06328600ff348ea77d9ea04289b753c4bc	Whole interface group identical to 949 source	15be4d3bd9999c65fae9e110059d996fd9bdcf51e54d4b777c525b59e3f19915
component	947:441	rand_floor_select:floor_44_p_8	3	947	-1	c9b6568ca23d6adabf32ff8dd9028f06328600ff348ea77d9ea04289b753c4bc	Whole interface group identical to 949 source	15be4d3bd9999c65fae9e110059d996fd9bdcf51e54d4b777c525b59e3f19915
component	947:565	rand_floor_select:floor_44_p_9	3	947	-1	c9b6568ca23d6adabf32ff8dd9028f06328600ff348ea77d9ea04289b753c4bc	Whole interface group identical to 949 source	15be4d3bd9999c65fae9e110059d996fd9bdcf51e54d4b777c525b59e3f19915
component	947:133	rand_floor_select:floor_45_p_1	3	947	-1	c9b6568ca23d6adabf32ff8dd9028f06328600ff348ea77d9ea04289b753c4bc	Whole interface group identical to 949 source	15be4d3bd9999c65fae9e110059d996fd9bdcf51e54d4b777c525b59e3f19915
component	947:690	rand_floor_select:floor_45_p_10	3	947	-1	c9b6568ca23d6adabf32ff8dd9028f06328600ff348ea77d9ea04289b753c4bc	Whole interface group identical to 949 source	15be4d3bd9999c65fae9e110059d996fd9bdcf51e54d4b777c525b59e3f19915
component	947:257	rand_floor_select:floor_45_p_2	3	947	-1	c9b6568ca23d6adabf32ff8dd9028f06328600ff348ea77d9ea04289b753c4bc	Whole interface group identical to 949 source	15be4d3bd9999c65fae9e110059d996fd9bdcf51e54d4b777c525b59e3f19915
component	947:381	rand_floor_select:floor_45_p_3	3	947	-1	c9b6568ca23d6adabf32ff8dd9028f06328600ff348ea77d9ea04289b753c4bc	Whole interface group identical to 949 source	15be4d3bd9999c65fae9e110059d996fd9bdcf51e54d4b777c525b59e3f19915
component	947:505	rand_floor_select:floor_45_p_4	3	947	-1	c9b6568ca23d6adabf32ff8dd9028f06328600ff348ea77d9ea04289b753c4bc	Whole interface group identical to 949 source	15be4d3bd9999c65fae9e110059d996fd9bdcf51e54d4b777c525b59e3f19915
component	947:629	rand_floor_select:floor_45_p_5	3	947	-1	c9b6568ca23d6adabf32ff8dd9028f06328600ff348ea77d9ea04289b753c4bc	Whole interface group identical to 949 source	15be4d3bd9999c65fae9e110059d996fd9bdcf51e54d4b777c525b59e3f19915
component	947:194	rand_floor_select:floor_45_p_6	3	947	-1	c9b6568ca23d6adabf32ff8dd9028f06328600ff348ea77d9ea04289b753c4bc	Whole interface group identical to 949 source	15be4d3bd9999c65fae9e110059d996fd9bdcf51e54d4b777c525b59e3f19915
component	947:318	rand_floor_select:floor_45_p_7	3	947	-1	c9b6568ca23d6adabf32ff8dd9028f06328600ff348ea77d9ea04289b753c4bc	Whole interface group identical to 949 source	15be4d3bd9999c65fae9e110059d996fd9bdcf51e54d4b777c525b59e3f19915
component	947:442	rand_floor_select:floor_45_p_8	3	947	-1	c9b6568ca23d6adabf32ff8dd9028f06328600ff348ea77d9ea04289b753c4bc	Whole interface group identical to 949 source	15be4d3bd9999c65fae9e110059d996fd9bdcf51e54d4b777c525b59e3f19915
component	947:566	rand_floor_select:floor_45_p_9	3	947	-1	c9b6568ca23d6adabf32ff8dd9028f06328600ff348ea77d9ea04289b753c4bc	Whole interface group identical to 949 source	15be4d3bd9999c65fae9e110059d996fd9bdcf51e54d4b777c525b59e3f19915
component	947:134	rand_floor_select:floor_46_p_1	3	947	-1	c9b6568ca23d6adabf32ff8dd9028f06328600ff348ea77d9ea04289b753c4bc	Whole interface group identical to 949 source	15be4d3bd9999c65fae9e110059d996fd9bdcf51e54d4b777c525b59e3f19915
component	947:691	rand_floor_select:floor_46_p_10	3	947	-1	c9b6568ca23d6adabf32ff8dd9028f06328600ff348ea77d9ea04289b753c4bc	Whole interface group identical to 949 source	15be4d3bd9999c65fae9e110059d996fd9bdcf51e54d4b777c525b59e3f19915
component	947:258	rand_floor_select:floor_46_p_2	3	947	-1	c9b6568ca23d6adabf32ff8dd9028f06328600ff348ea77d9ea04289b753c4bc	Whole interface group identical to 949 source	15be4d3bd9999c65fae9e110059d996fd9bdcf51e54d4b777c525b59e3f19915
component	947:382	rand_floor_select:floor_46_p_3	3	947	-1	c9b6568ca23d6adabf32ff8dd9028f06328600ff348ea77d9ea04289b753c4bc	Whole interface group identical to 949 source	15be4d3bd9999c65fae9e110059d996fd9bdcf51e54d4b777c525b59e3f19915
component	947:506	rand_floor_select:floor_46_p_4	3	947	-1	c9b6568ca23d6adabf32ff8dd9028f06328600ff348ea77d9ea04289b753c4bc	Whole interface group identical to 949 source	15be4d3bd9999c65fae9e110059d996fd9bdcf51e54d4b777c525b59e3f19915
component	947:630	rand_floor_select:floor_46_p_5	3	947	-1	c9b6568ca23d6adabf32ff8dd9028f06328600ff348ea77d9ea04289b753c4bc	Whole interface group identical to 949 source	15be4d3bd9999c65fae9e110059d996fd9bdcf51e54d4b777c525b59e3f19915
component	947:195	rand_floor_select:floor_46_p_6	3	947	-1	c9b6568ca23d6adabf32ff8dd9028f06328600ff348ea77d9ea04289b753c4bc	Whole interface group identical to 949 source	15be4d3bd9999c65fae9e110059d996fd9bdcf51e54d4b777c525b59e3f19915
component	947:319	rand_floor_select:floor_46_p_7	3	947	-1	c9b6568ca23d6adabf32ff8dd9028f06328600ff348ea77d9ea04289b753c4bc	Whole interface group identical to 949 source	15be4d3bd9999c65fae9e110059d996fd9bdcf51e54d4b777c525b59e3f19915
component	947:443	rand_floor_select:floor_46_p_8	3	947	-1	c9b6568ca23d6adabf32ff8dd9028f06328600ff348ea77d9ea04289b753c4bc	Whole interface group identical to 949 source	15be4d3bd9999c65fae9e110059d996fd9bdcf51e54d4b777c525b59e3f19915
component	947:567	rand_floor_select:floor_46_p_9	3	947	-1	c9b6568ca23d6adabf32ff8dd9028f06328600ff348ea77d9ea04289b753c4bc	Whole interface group identical to 949 source	15be4d3bd9999c65fae9e110059d996fd9bdcf51e54d4b777c525b59e3f19915
component	947:135	rand_floor_select:floor_47_p_1	3	947	-1	c9b6568ca23d6adabf32ff8dd9028f06328600ff348ea77d9ea04289b753c4bc	Whole interface group identical to 949 source	15be4d3bd9999c65fae9e110059d996fd9bdcf51e54d4b777c525b59e3f19915
component	947:692	rand_floor_select:floor_47_p_10	3	947	-1	c9b6568ca23d6adabf32ff8dd9028f06328600ff348ea77d9ea04289b753c4bc	Whole interface group identical to 949 source	15be4d3bd9999c65fae9e110059d996fd9bdcf51e54d4b777c525b59e3f19915
component	947:259	rand_floor_select:floor_47_p_2	3	947	-1	c9b6568ca23d6adabf32ff8dd9028f06328600ff348ea77d9ea04289b753c4bc	Whole interface group identical to 949 source	15be4d3bd9999c65fae9e110059d996fd9bdcf51e54d4b777c525b59e3f19915
component	947:383	rand_floor_select:floor_47_p_3	3	947	-1	c9b6568ca23d6adabf32ff8dd9028f06328600ff348ea77d9ea04289b753c4bc	Whole interface group identical to 949 source	15be4d3bd9999c65fae9e110059d996fd9bdcf51e54d4b777c525b59e3f19915
component	947:507	rand_floor_select:floor_47_p_4	3	947	-1	c9b6568ca23d6adabf32ff8dd9028f06328600ff348ea77d9ea04289b753c4bc	Whole interface group identical to 949 source	15be4d3bd9999c65fae9e110059d996fd9bdcf51e54d4b777c525b59e3f19915
component	947:631	rand_floor_select:floor_47_p_5	3	947	-1	c9b6568ca23d6adabf32ff8dd9028f06328600ff348ea77d9ea04289b753c4bc	Whole interface group identical to 949 source	15be4d3bd9999c65fae9e110059d996fd9bdcf51e54d4b777c525b59e3f19915
component	947:196	rand_floor_select:floor_47_p_6	3	947	-1	c9b6568ca23d6adabf32ff8dd9028f06328600ff348ea77d9ea04289b753c4bc	Whole interface group identical to 949 source	15be4d3bd9999c65fae9e110059d996fd9bdcf51e54d4b777c525b59e3f19915
component	947:320	rand_floor_select:floor_47_p_7	3	947	-1	c9b6568ca23d6adabf32ff8dd9028f06328600ff348ea77d9ea04289b753c4bc	Whole interface group identical to 949 source	15be4d3bd9999c65fae9e110059d996fd9bdcf51e54d4b777c525b59e3f19915
component	947:444	rand_floor_select:floor_47_p_8	3	947	-1	c9b6568ca23d6adabf32ff8dd9028f06328600ff348ea77d9ea04289b753c4bc	Whole interface group identical to 949 source	15be4d3bd9999c65fae9e110059d996fd9bdcf51e54d4b777c525b59e3f19915
component	947:568	rand_floor_select:floor_47_p_9	3	947	-1	c9b6568ca23d6adabf32ff8dd9028f06328600ff348ea77d9ea04289b753c4bc	Whole interface group identical to 949 source	15be4d3bd9999c65fae9e110059d996fd9bdcf51e54d4b777c525b59e3f19915
component	947:136	rand_floor_select:floor_48_p_1	3	947	-1	c9b6568ca23d6adabf32ff8dd9028f06328600ff348ea77d9ea04289b753c4bc	Whole interface group identical to 949 source	15be4d3bd9999c65fae9e110059d996fd9bdcf51e54d4b777c525b59e3f19915
component	947:693	rand_floor_select:floor_48_p_10	3	947	-1	c9b6568ca23d6adabf32ff8dd9028f06328600ff348ea77d9ea04289b753c4bc	Whole interface group identical to 949 source	15be4d3bd9999c65fae9e110059d996fd9bdcf51e54d4b777c525b59e3f19915
component	947:260	rand_floor_select:floor_48_p_2	3	947	-1	c9b6568ca23d6adabf32ff8dd9028f06328600ff348ea77d9ea04289b753c4bc	Whole interface group identical to 949 source	15be4d3bd9999c65fae9e110059d996fd9bdcf51e54d4b777c525b59e3f19915
component	947:384	rand_floor_select:floor_48_p_3	3	947	-1	c9b6568ca23d6adabf32ff8dd9028f06328600ff348ea77d9ea04289b753c4bc	Whole interface group identical to 949 source	15be4d3bd9999c65fae9e110059d996fd9bdcf51e54d4b777c525b59e3f19915
component	947:508	rand_floor_select:floor_48_p_4	3	947	-1	c9b6568ca23d6adabf32ff8dd9028f06328600ff348ea77d9ea04289b753c4bc	Whole interface group identical to 949 source	15be4d3bd9999c65fae9e110059d996fd9bdcf51e54d4b777c525b59e3f19915
component	947:632	rand_floor_select:floor_48_p_5	3	947	-1	c9b6568ca23d6adabf32ff8dd9028f06328600ff348ea77d9ea04289b753c4bc	Whole interface group identical to 949 source	15be4d3bd9999c65fae9e110059d996fd9bdcf51e54d4b777c525b59e3f19915
component	947:197	rand_floor_select:floor_48_p_6	3	947	-1	c9b6568ca23d6adabf32ff8dd9028f06328600ff348ea77d9ea04289b753c4bc	Whole interface group identical to 949 source	15be4d3bd9999c65fae9e110059d996fd9bdcf51e54d4b777c525b59e3f19915
component	947:321	rand_floor_select:floor_48_p_7	3	947	-1	c9b6568ca23d6adabf32ff8dd9028f06328600ff348ea77d9ea04289b753c4bc	Whole interface group identical to 949 source	15be4d3bd9999c65fae9e110059d996fd9bdcf51e54d4b777c525b59e3f19915
component	947:445	rand_floor_select:floor_48_p_8	3	947	-1	c9b6568ca23d6adabf32ff8dd9028f06328600ff348ea77d9ea04289b753c4bc	Whole interface group identical to 949 source	15be4d3bd9999c65fae9e110059d996fd9bdcf51e54d4b777c525b59e3f19915
component	947:569	rand_floor_select:floor_48_p_9	3	947	-1	c9b6568ca23d6adabf32ff8dd9028f06328600ff348ea77d9ea04289b753c4bc	Whole interface group identical to 949 source	15be4d3bd9999c65fae9e110059d996fd9bdcf51e54d4b777c525b59e3f19915
component	947:137	rand_floor_select:floor_49_p_1	3	947	-1	c9b6568ca23d6adabf32ff8dd9028f06328600ff348ea77d9ea04289b753c4bc	Whole interface group identical to 949 source	15be4d3bd9999c65fae9e110059d996fd9bdcf51e54d4b777c525b59e3f19915
component	947:694	rand_floor_select:floor_49_p_10	3	947	-1	c9b6568ca23d6adabf32ff8dd9028f06328600ff348ea77d9ea04289b753c4bc	Whole interface group identical to 949 source	15be4d3bd9999c65fae9e110059d996fd9bdcf51e54d4b777c525b59e3f19915
component	947:261	rand_floor_select:floor_49_p_2	3	947	-1	c9b6568ca23d6adabf32ff8dd9028f06328600ff348ea77d9ea04289b753c4bc	Whole interface group identical to 949 source	15be4d3bd9999c65fae9e110059d996fd9bdcf51e54d4b777c525b59e3f19915
component	947:385	rand_floor_select:floor_49_p_3	3	947	-1	c9b6568ca23d6adabf32ff8dd9028f06328600ff348ea77d9ea04289b753c4bc	Whole interface group identical to 949 source	15be4d3bd9999c65fae9e110059d996fd9bdcf51e54d4b777c525b59e3f19915
component	947:509	rand_floor_select:floor_49_p_4	3	947	-1	c9b6568ca23d6adabf32ff8dd9028f06328600ff348ea77d9ea04289b753c4bc	Whole interface group identical to 949 source	15be4d3bd9999c65fae9e110059d996fd9bdcf51e54d4b777c525b59e3f19915
component	947:633	rand_floor_select:floor_49_p_5	3	947	-1	c9b6568ca23d6adabf32ff8dd9028f06328600ff348ea77d9ea04289b753c4bc	Whole interface group identical to 949 source	15be4d3bd9999c65fae9e110059d996fd9bdcf51e54d4b777c525b59e3f19915
component	947:198	rand_floor_select:floor_49_p_6	3	947	-1	c9b6568ca23d6adabf32ff8dd9028f06328600ff348ea77d9ea04289b753c4bc	Whole interface group identical to 949 source	15be4d3bd9999c65fae9e110059d996fd9bdcf51e54d4b777c525b59e3f19915
component	947:322	rand_floor_select:floor_49_p_7	3	947	-1	c9b6568ca23d6adabf32ff8dd9028f06328600ff348ea77d9ea04289b753c4bc	Whole interface group identical to 949 source	15be4d3bd9999c65fae9e110059d996fd9bdcf51e54d4b777c525b59e3f19915
component	947:446	rand_floor_select:floor_49_p_8	3	947	-1	c9b6568ca23d6adabf32ff8dd9028f06328600ff348ea77d9ea04289b753c4bc	Whole interface group identical to 949 source	15be4d3bd9999c65fae9e110059d996fd9bdcf51e54d4b777c525b59e3f19915
component	947:570	rand_floor_select:floor_49_p_9	3	947	-1	c9b6568ca23d6adabf32ff8dd9028f06328600ff348ea77d9ea04289b753c4bc	Whole interface group identical to 949 source	15be4d3bd9999c65fae9e110059d996fd9bdcf51e54d4b777c525b59e3f19915
component	947:92	rand_floor_select:floor_4_p_1	3	947	-1	c9b6568ca23d6adabf32ff8dd9028f06328600ff348ea77d9ea04289b753c4bc	Whole interface group identical to 949 source	15be4d3bd9999c65fae9e110059d996fd9bdcf51e54d4b777c525b59e3f19915
component	947:649	rand_floor_select:floor_4_p_10	3	947	-1	c9b6568ca23d6adabf32ff8dd9028f06328600ff348ea77d9ea04289b753c4bc	Whole interface group identical to 949 source	15be4d3bd9999c65fae9e110059d996fd9bdcf51e54d4b777c525b59e3f19915
component	947:216	rand_floor_select:floor_4_p_2	3	947	-1	c9b6568ca23d6adabf32ff8dd9028f06328600ff348ea77d9ea04289b753c4bc	Whole interface group identical to 949 source	15be4d3bd9999c65fae9e110059d996fd9bdcf51e54d4b777c525b59e3f19915
component	947:340	rand_floor_select:floor_4_p_3	3	947	-1	c9b6568ca23d6adabf32ff8dd9028f06328600ff348ea77d9ea04289b753c4bc	Whole interface group identical to 949 source	15be4d3bd9999c65fae9e110059d996fd9bdcf51e54d4b777c525b59e3f19915
component	947:464	rand_floor_select:floor_4_p_4	3	947	-1	c9b6568ca23d6adabf32ff8dd9028f06328600ff348ea77d9ea04289b753c4bc	Whole interface group identical to 949 source	15be4d3bd9999c65fae9e110059d996fd9bdcf51e54d4b777c525b59e3f19915
component	947:588	rand_floor_select:floor_4_p_5	3	947	-1	c9b6568ca23d6adabf32ff8dd9028f06328600ff348ea77d9ea04289b753c4bc	Whole interface group identical to 949 source	15be4d3bd9999c65fae9e110059d996fd9bdcf51e54d4b777c525b59e3f19915
component	947:153	rand_floor_select:floor_4_p_6	3	947	-1	c9b6568ca23d6adabf32ff8dd9028f06328600ff348ea77d9ea04289b753c4bc	Whole interface group identical to 949 source	15be4d3bd9999c65fae9e110059d996fd9bdcf51e54d4b777c525b59e3f19915
component	947:277	rand_floor_select:floor_4_p_7	3	947	-1	c9b6568ca23d6adabf32ff8dd9028f06328600ff348ea77d9ea04289b753c4bc	Whole interface group identical to 949 source	15be4d3bd9999c65fae9e110059d996fd9bdcf51e54d4b777c525b59e3f19915
component	947:401	rand_floor_select:floor_4_p_8	3	947	-1	c9b6568ca23d6adabf32ff8dd9028f06328600ff348ea77d9ea04289b753c4bc	Whole interface group identical to 949 source	15be4d3bd9999c65fae9e110059d996fd9bdcf51e54d4b777c525b59e3f19915
component	947:525	rand_floor_select:floor_4_p_9	3	947	-1	c9b6568ca23d6adabf32ff8dd9028f06328600ff348ea77d9ea04289b753c4bc	Whole interface group identical to 949 source	15be4d3bd9999c65fae9e110059d996fd9bdcf51e54d4b777c525b59e3f19915
component	947:138	rand_floor_select:floor_50_p_1	3	947	-1	c9b6568ca23d6adabf32ff8dd9028f06328600ff348ea77d9ea04289b753c4bc	Whole interface group identical to 949 source	15be4d3bd9999c65fae9e110059d996fd9bdcf51e54d4b777c525b59e3f19915
component	947:695	rand_floor_select:floor_50_p_10	3	947	-1	c9b6568ca23d6adabf32ff8dd9028f06328600ff348ea77d9ea04289b753c4bc	Whole interface group identical to 949 source	15be4d3bd9999c65fae9e110059d996fd9bdcf51e54d4b777c525b59e3f19915
component	947:262	rand_floor_select:floor_50_p_2	3	947	-1	c9b6568ca23d6adabf32ff8dd9028f06328600ff348ea77d9ea04289b753c4bc	Whole interface group identical to 949 source	15be4d3bd9999c65fae9e110059d996fd9bdcf51e54d4b777c525b59e3f19915
component	947:386	rand_floor_select:floor_50_p_3	3	947	-1	c9b6568ca23d6adabf32ff8dd9028f06328600ff348ea77d9ea04289b753c4bc	Whole interface group identical to 949 source	15be4d3bd9999c65fae9e110059d996fd9bdcf51e54d4b777c525b59e3f19915
component	947:510	rand_floor_select:floor_50_p_4	3	947	-1	c9b6568ca23d6adabf32ff8dd9028f06328600ff348ea77d9ea04289b753c4bc	Whole interface group identical to 949 source	15be4d3bd9999c65fae9e110059d996fd9bdcf51e54d4b777c525b59e3f19915
component	947:634	rand_floor_select:floor_50_p_5	3	947	-1	c9b6568ca23d6adabf32ff8dd9028f06328600ff348ea77d9ea04289b753c4bc	Whole interface group identical to 949 source	15be4d3bd9999c65fae9e110059d996fd9bdcf51e54d4b777c525b59e3f19915
component	947:199	rand_floor_select:floor_50_p_6	3	947	-1	c9b6568ca23d6adabf32ff8dd9028f06328600ff348ea77d9ea04289b753c4bc	Whole interface group identical to 949 source	15be4d3bd9999c65fae9e110059d996fd9bdcf51e54d4b777c525b59e3f19915
component	947:323	rand_floor_select:floor_50_p_7	3	947	-1	c9b6568ca23d6adabf32ff8dd9028f06328600ff348ea77d9ea04289b753c4bc	Whole interface group identical to 949 source	15be4d3bd9999c65fae9e110059d996fd9bdcf51e54d4b777c525b59e3f19915
component	947:447	rand_floor_select:floor_50_p_8	3	947	-1	c9b6568ca23d6adabf32ff8dd9028f06328600ff348ea77d9ea04289b753c4bc	Whole interface group identical to 949 source	15be4d3bd9999c65fae9e110059d996fd9bdcf51e54d4b777c525b59e3f19915
component	947:571	rand_floor_select:floor_50_p_9	3	947	-1	c9b6568ca23d6adabf32ff8dd9028f06328600ff348ea77d9ea04289b753c4bc	Whole interface group identical to 949 source	15be4d3bd9999c65fae9e110059d996fd9bdcf51e54d4b777c525b59e3f19915
component	947:139	rand_floor_select:floor_51_p_1	3	947	-1	c9b6568ca23d6adabf32ff8dd9028f06328600ff348ea77d9ea04289b753c4bc	Whole interface group identical to 949 source	15be4d3bd9999c65fae9e110059d996fd9bdcf51e54d4b777c525b59e3f19915
component	947:696	rand_floor_select:floor_51_p_10	3	947	-1	c9b6568ca23d6adabf32ff8dd9028f06328600ff348ea77d9ea04289b753c4bc	Whole interface group identical to 949 source	15be4d3bd9999c65fae9e110059d996fd9bdcf51e54d4b777c525b59e3f19915
component	947:263	rand_floor_select:floor_51_p_2	3	947	-1	c9b6568ca23d6adabf32ff8dd9028f06328600ff348ea77d9ea04289b753c4bc	Whole interface group identical to 949 source	15be4d3bd9999c65fae9e110059d996fd9bdcf51e54d4b777c525b59e3f19915
component	947:387	rand_floor_select:floor_51_p_3	3	947	-1	c9b6568ca23d6adabf32ff8dd9028f06328600ff348ea77d9ea04289b753c4bc	Whole interface group identical to 949 source	15be4d3bd9999c65fae9e110059d996fd9bdcf51e54d4b777c525b59e3f19915
component	947:511	rand_floor_select:floor_51_p_4	3	947	-1	c9b6568ca23d6adabf32ff8dd9028f06328600ff348ea77d9ea04289b753c4bc	Whole interface group identical to 949 source	15be4d3bd9999c65fae9e110059d996fd9bdcf51e54d4b777c525b59e3f19915
component	947:635	rand_floor_select:floor_51_p_5	3	947	-1	c9b6568ca23d6adabf32ff8dd9028f06328600ff348ea77d9ea04289b753c4bc	Whole interface group identical to 949 source	15be4d3bd9999c65fae9e110059d996fd9bdcf51e54d4b777c525b59e3f19915
component	947:200	rand_floor_select:floor_51_p_6	3	947	-1	c9b6568ca23d6adabf32ff8dd9028f06328600ff348ea77d9ea04289b753c4bc	Whole interface group identical to 949 source	15be4d3bd9999c65fae9e110059d996fd9bdcf51e54d4b777c525b59e3f19915
component	947:324	rand_floor_select:floor_51_p_7	3	947	-1	c9b6568ca23d6adabf32ff8dd9028f06328600ff348ea77d9ea04289b753c4bc	Whole interface group identical to 949 source	15be4d3bd9999c65fae9e110059d996fd9bdcf51e54d4b777c525b59e3f19915
component	947:448	rand_floor_select:floor_51_p_8	3	947	-1	c9b6568ca23d6adabf32ff8dd9028f06328600ff348ea77d9ea04289b753c4bc	Whole interface group identical to 949 source	15be4d3bd9999c65fae9e110059d996fd9bdcf51e54d4b777c525b59e3f19915
component	947:572	rand_floor_select:floor_51_p_9	3	947	-1	c9b6568ca23d6adabf32ff8dd9028f06328600ff348ea77d9ea04289b753c4bc	Whole interface group identical to 949 source	15be4d3bd9999c65fae9e110059d996fd9bdcf51e54d4b777c525b59e3f19915
component	947:140	rand_floor_select:floor_52_p_1	3	947	-1	c9b6568ca23d6adabf32ff8dd9028f06328600ff348ea77d9ea04289b753c4bc	Whole interface group identical to 949 source	15be4d3bd9999c65fae9e110059d996fd9bdcf51e54d4b777c525b59e3f19915
component	947:697	rand_floor_select:floor_52_p_10	3	947	-1	c9b6568ca23d6adabf32ff8dd9028f06328600ff348ea77d9ea04289b753c4bc	Whole interface group identical to 949 source	15be4d3bd9999c65fae9e110059d996fd9bdcf51e54d4b777c525b59e3f19915
component	947:264	rand_floor_select:floor_52_p_2	3	947	-1	c9b6568ca23d6adabf32ff8dd9028f06328600ff348ea77d9ea04289b753c4bc	Whole interface group identical to 949 source	15be4d3bd9999c65fae9e110059d996fd9bdcf51e54d4b777c525b59e3f19915
component	947:388	rand_floor_select:floor_52_p_3	3	947	-1	c9b6568ca23d6adabf32ff8dd9028f06328600ff348ea77d9ea04289b753c4bc	Whole interface group identical to 949 source	15be4d3bd9999c65fae9e110059d996fd9bdcf51e54d4b777c525b59e3f19915
component	947:512	rand_floor_select:floor_52_p_4	3	947	-1	c9b6568ca23d6adabf32ff8dd9028f06328600ff348ea77d9ea04289b753c4bc	Whole interface group identical to 949 source	15be4d3bd9999c65fae9e110059d996fd9bdcf51e54d4b777c525b59e3f19915
component	947:636	rand_floor_select:floor_52_p_5	3	947	-1	c9b6568ca23d6adabf32ff8dd9028f06328600ff348ea77d9ea04289b753c4bc	Whole interface group identical to 949 source	15be4d3bd9999c65fae9e110059d996fd9bdcf51e54d4b777c525b59e3f19915
component	947:201	rand_floor_select:floor_52_p_6	3	947	-1	c9b6568ca23d6adabf32ff8dd9028f06328600ff348ea77d9ea04289b753c4bc	Whole interface group identical to 949 source	15be4d3bd9999c65fae9e110059d996fd9bdcf51e54d4b777c525b59e3f19915
component	947:325	rand_floor_select:floor_52_p_7	3	947	-1	c9b6568ca23d6adabf32ff8dd9028f06328600ff348ea77d9ea04289b753c4bc	Whole interface group identical to 949 source	15be4d3bd9999c65fae9e110059d996fd9bdcf51e54d4b777c525b59e3f19915
component	947:449	rand_floor_select:floor_52_p_8	3	947	-1	c9b6568ca23d6adabf32ff8dd9028f06328600ff348ea77d9ea04289b753c4bc	Whole interface group identical to 949 source	15be4d3bd9999c65fae9e110059d996fd9bdcf51e54d4b777c525b59e3f19915
component	947:573	rand_floor_select:floor_52_p_9	3	947	-1	c9b6568ca23d6adabf32ff8dd9028f06328600ff348ea77d9ea04289b753c4bc	Whole interface group identical to 949 source	15be4d3bd9999c65fae9e110059d996fd9bdcf51e54d4b777c525b59e3f19915
component	947:141	rand_floor_select:floor_53_p_1	3	947	-1	c9b6568ca23d6adabf32ff8dd9028f06328600ff348ea77d9ea04289b753c4bc	Whole interface group identical to 949 source	15be4d3bd9999c65fae9e110059d996fd9bdcf51e54d4b777c525b59e3f19915
component	947:698	rand_floor_select:floor_53_p_10	3	947	-1	c9b6568ca23d6adabf32ff8dd9028f06328600ff348ea77d9ea04289b753c4bc	Whole interface group identical to 949 source	15be4d3bd9999c65fae9e110059d996fd9bdcf51e54d4b777c525b59e3f19915
component	947:265	rand_floor_select:floor_53_p_2	3	947	-1	c9b6568ca23d6adabf32ff8dd9028f06328600ff348ea77d9ea04289b753c4bc	Whole interface group identical to 949 source	15be4d3bd9999c65fae9e110059d996fd9bdcf51e54d4b777c525b59e3f19915
component	947:389	rand_floor_select:floor_53_p_3	3	947	-1	c9b6568ca23d6adabf32ff8dd9028f06328600ff348ea77d9ea04289b753c4bc	Whole interface group identical to 949 source	15be4d3bd9999c65fae9e110059d996fd9bdcf51e54d4b777c525b59e3f19915
component	947:513	rand_floor_select:floor_53_p_4	3	947	-1	c9b6568ca23d6adabf32ff8dd9028f06328600ff348ea77d9ea04289b753c4bc	Whole interface group identical to 949 source	15be4d3bd9999c65fae9e110059d996fd9bdcf51e54d4b777c525b59e3f19915
component	947:637	rand_floor_select:floor_53_p_5	3	947	-1	c9b6568ca23d6adabf32ff8dd9028f06328600ff348ea77d9ea04289b753c4bc	Whole interface group identical to 949 source	15be4d3bd9999c65fae9e110059d996fd9bdcf51e54d4b777c525b59e3f19915
component	947:202	rand_floor_select:floor_53_p_6	3	947	-1	c9b6568ca23d6adabf32ff8dd9028f06328600ff348ea77d9ea04289b753c4bc	Whole interface group identical to 949 source	15be4d3bd9999c65fae9e110059d996fd9bdcf51e54d4b777c525b59e3f19915
component	947:326	rand_floor_select:floor_53_p_7	3	947	-1	c9b6568ca23d6adabf32ff8dd9028f06328600ff348ea77d9ea04289b753c4bc	Whole interface group identical to 949 source	15be4d3bd9999c65fae9e110059d996fd9bdcf51e54d4b777c525b59e3f19915
component	947:450	rand_floor_select:floor_53_p_8	3	947	-1	c9b6568ca23d6adabf32ff8dd9028f06328600ff348ea77d9ea04289b753c4bc	Whole interface group identical to 949 source	15be4d3bd9999c65fae9e110059d996fd9bdcf51e54d4b777c525b59e3f19915
component	947:574	rand_floor_select:floor_53_p_9	3	947	-1	c9b6568ca23d6adabf32ff8dd9028f06328600ff348ea77d9ea04289b753c4bc	Whole interface group identical to 949 source	15be4d3bd9999c65fae9e110059d996fd9bdcf51e54d4b777c525b59e3f19915
component	947:142	rand_floor_select:floor_54_p_1	3	947	-1	c9b6568ca23d6adabf32ff8dd9028f06328600ff348ea77d9ea04289b753c4bc	Whole interface group identical to 949 source	15be4d3bd9999c65fae9e110059d996fd9bdcf51e54d4b777c525b59e3f19915
component	947:699	rand_floor_select:floor_54_p_10	3	947	-1	c9b6568ca23d6adabf32ff8dd9028f06328600ff348ea77d9ea04289b753c4bc	Whole interface group identical to 949 source	15be4d3bd9999c65fae9e110059d996fd9bdcf51e54d4b777c525b59e3f19915
component	947:266	rand_floor_select:floor_54_p_2	3	947	-1	c9b6568ca23d6adabf32ff8dd9028f06328600ff348ea77d9ea04289b753c4bc	Whole interface group identical to 949 source	15be4d3bd9999c65fae9e110059d996fd9bdcf51e54d4b777c525b59e3f19915
component	947:390	rand_floor_select:floor_54_p_3	3	947	-1	c9b6568ca23d6adabf32ff8dd9028f06328600ff348ea77d9ea04289b753c4bc	Whole interface group identical to 949 source	15be4d3bd9999c65fae9e110059d996fd9bdcf51e54d4b777c525b59e3f19915
component	947:514	rand_floor_select:floor_54_p_4	3	947	-1	c9b6568ca23d6adabf32ff8dd9028f06328600ff348ea77d9ea04289b753c4bc	Whole interface group identical to 949 source	15be4d3bd9999c65fae9e110059d996fd9bdcf51e54d4b777c525b59e3f19915
component	947:638	rand_floor_select:floor_54_p_5	3	947	-1	c9b6568ca23d6adabf32ff8dd9028f06328600ff348ea77d9ea04289b753c4bc	Whole interface group identical to 949 source	15be4d3bd9999c65fae9e110059d996fd9bdcf51e54d4b777c525b59e3f19915
component	947:203	rand_floor_select:floor_54_p_6	3	947	-1	c9b6568ca23d6adabf32ff8dd9028f06328600ff348ea77d9ea04289b753c4bc	Whole interface group identical to 949 source	15be4d3bd9999c65fae9e110059d996fd9bdcf51e54d4b777c525b59e3f19915
component	947:327	rand_floor_select:floor_54_p_7	3	947	-1	c9b6568ca23d6adabf32ff8dd9028f06328600ff348ea77d9ea04289b753c4bc	Whole interface group identical to 949 source	15be4d3bd9999c65fae9e110059d996fd9bdcf51e54d4b777c525b59e3f19915
component	947:451	rand_floor_select:floor_54_p_8	3	947	-1	c9b6568ca23d6adabf32ff8dd9028f06328600ff348ea77d9ea04289b753c4bc	Whole interface group identical to 949 source	15be4d3bd9999c65fae9e110059d996fd9bdcf51e54d4b777c525b59e3f19915
component	947:575	rand_floor_select:floor_54_p_9	3	947	-1	c9b6568ca23d6adabf32ff8dd9028f06328600ff348ea77d9ea04289b753c4bc	Whole interface group identical to 949 source	15be4d3bd9999c65fae9e110059d996fd9bdcf51e54d4b777c525b59e3f19915
component	947:143	rand_floor_select:floor_55_p_1	3	947	-1	c9b6568ca23d6adabf32ff8dd9028f06328600ff348ea77d9ea04289b753c4bc	Whole interface group identical to 949 source	15be4d3bd9999c65fae9e110059d996fd9bdcf51e54d4b777c525b59e3f19915
component	947:700	rand_floor_select:floor_55_p_10	3	947	-1	c9b6568ca23d6adabf32ff8dd9028f06328600ff348ea77d9ea04289b753c4bc	Whole interface group identical to 949 source	15be4d3bd9999c65fae9e110059d996fd9bdcf51e54d4b777c525b59e3f19915
component	947:267	rand_floor_select:floor_55_p_2	3	947	-1	c9b6568ca23d6adabf32ff8dd9028f06328600ff348ea77d9ea04289b753c4bc	Whole interface group identical to 949 source	15be4d3bd9999c65fae9e110059d996fd9bdcf51e54d4b777c525b59e3f19915
component	947:391	rand_floor_select:floor_55_p_3	3	947	-1	c9b6568ca23d6adabf32ff8dd9028f06328600ff348ea77d9ea04289b753c4bc	Whole interface group identical to 949 source	15be4d3bd9999c65fae9e110059d996fd9bdcf51e54d4b777c525b59e3f19915
component	947:515	rand_floor_select:floor_55_p_4	3	947	-1	c9b6568ca23d6adabf32ff8dd9028f06328600ff348ea77d9ea04289b753c4bc	Whole interface group identical to 949 source	15be4d3bd9999c65fae9e110059d996fd9bdcf51e54d4b777c525b59e3f19915
component	947:639	rand_floor_select:floor_55_p_5	3	947	-1	c9b6568ca23d6adabf32ff8dd9028f06328600ff348ea77d9ea04289b753c4bc	Whole interface group identical to 949 source	15be4d3bd9999c65fae9e110059d996fd9bdcf51e54d4b777c525b59e3f19915
component	947:204	rand_floor_select:floor_55_p_6	3	947	-1	c9b6568ca23d6adabf32ff8dd9028f06328600ff348ea77d9ea04289b753c4bc	Whole interface group identical to 949 source	15be4d3bd9999c65fae9e110059d996fd9bdcf51e54d4b777c525b59e3f19915
component	947:328	rand_floor_select:floor_55_p_7	3	947	-1	c9b6568ca23d6adabf32ff8dd9028f06328600ff348ea77d9ea04289b753c4bc	Whole interface group identical to 949 source	15be4d3bd9999c65fae9e110059d996fd9bdcf51e54d4b777c525b59e3f19915
component	947:452	rand_floor_select:floor_55_p_8	3	947	-1	c9b6568ca23d6adabf32ff8dd9028f06328600ff348ea77d9ea04289b753c4bc	Whole interface group identical to 949 source	15be4d3bd9999c65fae9e110059d996fd9bdcf51e54d4b777c525b59e3f19915
component	947:576	rand_floor_select:floor_55_p_9	3	947	-1	c9b6568ca23d6adabf32ff8dd9028f06328600ff348ea77d9ea04289b753c4bc	Whole interface group identical to 949 source	15be4d3bd9999c65fae9e110059d996fd9bdcf51e54d4b777c525b59e3f19915
component	947:144	rand_floor_select:floor_56_p_1	3	947	-1	c9b6568ca23d6adabf32ff8dd9028f06328600ff348ea77d9ea04289b753c4bc	Whole interface group identical to 949 source	15be4d3bd9999c65fae9e110059d996fd9bdcf51e54d4b777c525b59e3f19915
component	947:701	rand_floor_select:floor_56_p_10	3	947	-1	c9b6568ca23d6adabf32ff8dd9028f06328600ff348ea77d9ea04289b753c4bc	Whole interface group identical to 949 source	15be4d3bd9999c65fae9e110059d996fd9bdcf51e54d4b777c525b59e3f19915
component	947:268	rand_floor_select:floor_56_p_2	3	947	-1	c9b6568ca23d6adabf32ff8dd9028f06328600ff348ea77d9ea04289b753c4bc	Whole interface group identical to 949 source	15be4d3bd9999c65fae9e110059d996fd9bdcf51e54d4b777c525b59e3f19915
component	947:392	rand_floor_select:floor_56_p_3	3	947	-1	c9b6568ca23d6adabf32ff8dd9028f06328600ff348ea77d9ea04289b753c4bc	Whole interface group identical to 949 source	15be4d3bd9999c65fae9e110059d996fd9bdcf51e54d4b777c525b59e3f19915
component	947:516	rand_floor_select:floor_56_p_4	3	947	-1	c9b6568ca23d6adabf32ff8dd9028f06328600ff348ea77d9ea04289b753c4bc	Whole interface group identical to 949 source	15be4d3bd9999c65fae9e110059d996fd9bdcf51e54d4b777c525b59e3f19915
component	947:640	rand_floor_select:floor_56_p_5	3	947	-1	c9b6568ca23d6adabf32ff8dd9028f06328600ff348ea77d9ea04289b753c4bc	Whole interface group identical to 949 source	15be4d3bd9999c65fae9e110059d996fd9bdcf51e54d4b777c525b59e3f19915
component	947:205	rand_floor_select:floor_56_p_6	3	947	-1	c9b6568ca23d6adabf32ff8dd9028f06328600ff348ea77d9ea04289b753c4bc	Whole interface group identical to 949 source	15be4d3bd9999c65fae9e110059d996fd9bdcf51e54d4b777c525b59e3f19915
component	947:329	rand_floor_select:floor_56_p_7	3	947	-1	c9b6568ca23d6adabf32ff8dd9028f06328600ff348ea77d9ea04289b753c4bc	Whole interface group identical to 949 source	15be4d3bd9999c65fae9e110059d996fd9bdcf51e54d4b777c525b59e3f19915
component	947:453	rand_floor_select:floor_56_p_8	3	947	-1	c9b6568ca23d6adabf32ff8dd9028f06328600ff348ea77d9ea04289b753c4bc	Whole interface group identical to 949 source	15be4d3bd9999c65fae9e110059d996fd9bdcf51e54d4b777c525b59e3f19915
component	947:577	rand_floor_select:floor_56_p_9	3	947	-1	c9b6568ca23d6adabf32ff8dd9028f06328600ff348ea77d9ea04289b753c4bc	Whole interface group identical to 949 source	15be4d3bd9999c65fae9e110059d996fd9bdcf51e54d4b777c525b59e3f19915
component	947:145	rand_floor_select:floor_57_p_1	3	947	-1	c9b6568ca23d6adabf32ff8dd9028f06328600ff348ea77d9ea04289b753c4bc	Whole interface group identical to 949 source	15be4d3bd9999c65fae9e110059d996fd9bdcf51e54d4b777c525b59e3f19915
component	947:702	rand_floor_select:floor_57_p_10	3	947	-1	c9b6568ca23d6adabf32ff8dd9028f06328600ff348ea77d9ea04289b753c4bc	Whole interface group identical to 949 source	15be4d3bd9999c65fae9e110059d996fd9bdcf51e54d4b777c525b59e3f19915
component	947:269	rand_floor_select:floor_57_p_2	3	947	-1	c9b6568ca23d6adabf32ff8dd9028f06328600ff348ea77d9ea04289b753c4bc	Whole interface group identical to 949 source	15be4d3bd9999c65fae9e110059d996fd9bdcf51e54d4b777c525b59e3f19915
component	947:393	rand_floor_select:floor_57_p_3	3	947	-1	c9b6568ca23d6adabf32ff8dd9028f06328600ff348ea77d9ea04289b753c4bc	Whole interface group identical to 949 source	15be4d3bd9999c65fae9e110059d996fd9bdcf51e54d4b777c525b59e3f19915
component	947:517	rand_floor_select:floor_57_p_4	3	947	-1	c9b6568ca23d6adabf32ff8dd9028f06328600ff348ea77d9ea04289b753c4bc	Whole interface group identical to 949 source	15be4d3bd9999c65fae9e110059d996fd9bdcf51e54d4b777c525b59e3f19915
component	947:641	rand_floor_select:floor_57_p_5	3	947	-1	c9b6568ca23d6adabf32ff8dd9028f06328600ff348ea77d9ea04289b753c4bc	Whole interface group identical to 949 source	15be4d3bd9999c65fae9e110059d996fd9bdcf51e54d4b777c525b59e3f19915
component	947:206	rand_floor_select:floor_57_p_6	3	947	-1	c9b6568ca23d6adabf32ff8dd9028f06328600ff348ea77d9ea04289b753c4bc	Whole interface group identical to 949 source	15be4d3bd9999c65fae9e110059d996fd9bdcf51e54d4b777c525b59e3f19915
component	947:330	rand_floor_select:floor_57_p_7	3	947	-1	c9b6568ca23d6adabf32ff8dd9028f06328600ff348ea77d9ea04289b753c4bc	Whole interface group identical to 949 source	15be4d3bd9999c65fae9e110059d996fd9bdcf51e54d4b777c525b59e3f19915
component	947:454	rand_floor_select:floor_57_p_8	3	947	-1	c9b6568ca23d6adabf32ff8dd9028f06328600ff348ea77d9ea04289b753c4bc	Whole interface group identical to 949 source	15be4d3bd9999c65fae9e110059d996fd9bdcf51e54d4b777c525b59e3f19915
component	947:578	rand_floor_select:floor_57_p_9	3	947	-1	c9b6568ca23d6adabf32ff8dd9028f06328600ff348ea77d9ea04289b753c4bc	Whole interface group identical to 949 source	15be4d3bd9999c65fae9e110059d996fd9bdcf51e54d4b777c525b59e3f19915
component	947:146	rand_floor_select:floor_58_p_1	3	947	-1	c9b6568ca23d6adabf32ff8dd9028f06328600ff348ea77d9ea04289b753c4bc	Whole interface group identical to 949 source	15be4d3bd9999c65fae9e110059d996fd9bdcf51e54d4b777c525b59e3f19915
component	947:703	rand_floor_select:floor_58_p_10	3	947	-1	c9b6568ca23d6adabf32ff8dd9028f06328600ff348ea77d9ea04289b753c4bc	Whole interface group identical to 949 source	15be4d3bd9999c65fae9e110059d996fd9bdcf51e54d4b777c525b59e3f19915
component	947:270	rand_floor_select:floor_58_p_2	3	947	-1	c9b6568ca23d6adabf32ff8dd9028f06328600ff348ea77d9ea04289b753c4bc	Whole interface group identical to 949 source	15be4d3bd9999c65fae9e110059d996fd9bdcf51e54d4b777c525b59e3f19915
component	947:394	rand_floor_select:floor_58_p_3	3	947	-1	c9b6568ca23d6adabf32ff8dd9028f06328600ff348ea77d9ea04289b753c4bc	Whole interface group identical to 949 source	15be4d3bd9999c65fae9e110059d996fd9bdcf51e54d4b777c525b59e3f19915
component	947:518	rand_floor_select:floor_58_p_4	3	947	-1	c9b6568ca23d6adabf32ff8dd9028f06328600ff348ea77d9ea04289b753c4bc	Whole interface group identical to 949 source	15be4d3bd9999c65fae9e110059d996fd9bdcf51e54d4b777c525b59e3f19915
component	947:642	rand_floor_select:floor_58_p_5	3	947	-1	c9b6568ca23d6adabf32ff8dd9028f06328600ff348ea77d9ea04289b753c4bc	Whole interface group identical to 949 source	15be4d3bd9999c65fae9e110059d996fd9bdcf51e54d4b777c525b59e3f19915
component	947:207	rand_floor_select:floor_58_p_6	3	947	-1	c9b6568ca23d6adabf32ff8dd9028f06328600ff348ea77d9ea04289b753c4bc	Whole interface group identical to 949 source	15be4d3bd9999c65fae9e110059d996fd9bdcf51e54d4b777c525b59e3f19915
component	947:331	rand_floor_select:floor_58_p_7	3	947	-1	c9b6568ca23d6adabf32ff8dd9028f06328600ff348ea77d9ea04289b753c4bc	Whole interface group identical to 949 source	15be4d3bd9999c65fae9e110059d996fd9bdcf51e54d4b777c525b59e3f19915
component	947:455	rand_floor_select:floor_58_p_8	3	947	-1	c9b6568ca23d6adabf32ff8dd9028f06328600ff348ea77d9ea04289b753c4bc	Whole interface group identical to 949 source	15be4d3bd9999c65fae9e110059d996fd9bdcf51e54d4b777c525b59e3f19915
component	947:579	rand_floor_select:floor_58_p_9	3	947	-1	c9b6568ca23d6adabf32ff8dd9028f06328600ff348ea77d9ea04289b753c4bc	Whole interface group identical to 949 source	15be4d3bd9999c65fae9e110059d996fd9bdcf51e54d4b777c525b59e3f19915
component	947:147	rand_floor_select:floor_59_p_1	3	947	-1	c9b6568ca23d6adabf32ff8dd9028f06328600ff348ea77d9ea04289b753c4bc	Whole interface group identical to 949 source	15be4d3bd9999c65fae9e110059d996fd9bdcf51e54d4b777c525b59e3f19915
component	947:704	rand_floor_select:floor_59_p_10	3	947	-1	c9b6568ca23d6adabf32ff8dd9028f06328600ff348ea77d9ea04289b753c4bc	Whole interface group identical to 949 source	15be4d3bd9999c65fae9e110059d996fd9bdcf51e54d4b777c525b59e3f19915
component	947:271	rand_floor_select:floor_59_p_2	3	947	-1	c9b6568ca23d6adabf32ff8dd9028f06328600ff348ea77d9ea04289b753c4bc	Whole interface group identical to 949 source	15be4d3bd9999c65fae9e110059d996fd9bdcf51e54d4b777c525b59e3f19915
component	947:395	rand_floor_select:floor_59_p_3	3	947	-1	c9b6568ca23d6adabf32ff8dd9028f06328600ff348ea77d9ea04289b753c4bc	Whole interface group identical to 949 source	15be4d3bd9999c65fae9e110059d996fd9bdcf51e54d4b777c525b59e3f19915
component	947:519	rand_floor_select:floor_59_p_4	3	947	-1	c9b6568ca23d6adabf32ff8dd9028f06328600ff348ea77d9ea04289b753c4bc	Whole interface group identical to 949 source	15be4d3bd9999c65fae9e110059d996fd9bdcf51e54d4b777c525b59e3f19915
component	947:643	rand_floor_select:floor_59_p_5	3	947	-1	c9b6568ca23d6adabf32ff8dd9028f06328600ff348ea77d9ea04289b753c4bc	Whole interface group identical to 949 source	15be4d3bd9999c65fae9e110059d996fd9bdcf51e54d4b777c525b59e3f19915
component	947:208	rand_floor_select:floor_59_p_6	3	947	-1	c9b6568ca23d6adabf32ff8dd9028f06328600ff348ea77d9ea04289b753c4bc	Whole interface group identical to 949 source	15be4d3bd9999c65fae9e110059d996fd9bdcf51e54d4b777c525b59e3f19915
component	947:332	rand_floor_select:floor_59_p_7	3	947	-1	c9b6568ca23d6adabf32ff8dd9028f06328600ff348ea77d9ea04289b753c4bc	Whole interface group identical to 949 source	15be4d3bd9999c65fae9e110059d996fd9bdcf51e54d4b777c525b59e3f19915
component	947:456	rand_floor_select:floor_59_p_8	3	947	-1	c9b6568ca23d6adabf32ff8dd9028f06328600ff348ea77d9ea04289b753c4bc	Whole interface group identical to 949 source	15be4d3bd9999c65fae9e110059d996fd9bdcf51e54d4b777c525b59e3f19915
component	947:580	rand_floor_select:floor_59_p_9	3	947	-1	c9b6568ca23d6adabf32ff8dd9028f06328600ff348ea77d9ea04289b753c4bc	Whole interface group identical to 949 source	15be4d3bd9999c65fae9e110059d996fd9bdcf51e54d4b777c525b59e3f19915
component	947:93	rand_floor_select:floor_5_p_1	3	947	-1	c9b6568ca23d6adabf32ff8dd9028f06328600ff348ea77d9ea04289b753c4bc	Whole interface group identical to 949 source	15be4d3bd9999c65fae9e110059d996fd9bdcf51e54d4b777c525b59e3f19915
component	947:650	rand_floor_select:floor_5_p_10	3	947	-1	c9b6568ca23d6adabf32ff8dd9028f06328600ff348ea77d9ea04289b753c4bc	Whole interface group identical to 949 source	15be4d3bd9999c65fae9e110059d996fd9bdcf51e54d4b777c525b59e3f19915
component	947:217	rand_floor_select:floor_5_p_2	3	947	-1	c9b6568ca23d6adabf32ff8dd9028f06328600ff348ea77d9ea04289b753c4bc	Whole interface group identical to 949 source	15be4d3bd9999c65fae9e110059d996fd9bdcf51e54d4b777c525b59e3f19915
component	947:341	rand_floor_select:floor_5_p_3	3	947	-1	c9b6568ca23d6adabf32ff8dd9028f06328600ff348ea77d9ea04289b753c4bc	Whole interface group identical to 949 source	15be4d3bd9999c65fae9e110059d996fd9bdcf51e54d4b777c525b59e3f19915
component	947:465	rand_floor_select:floor_5_p_4	3	947	-1	c9b6568ca23d6adabf32ff8dd9028f06328600ff348ea77d9ea04289b753c4bc	Whole interface group identical to 949 source	15be4d3bd9999c65fae9e110059d996fd9bdcf51e54d4b777c525b59e3f19915
component	947:589	rand_floor_select:floor_5_p_5	3	947	-1	c9b6568ca23d6adabf32ff8dd9028f06328600ff348ea77d9ea04289b753c4bc	Whole interface group identical to 949 source	15be4d3bd9999c65fae9e110059d996fd9bdcf51e54d4b777c525b59e3f19915
component	947:154	rand_floor_select:floor_5_p_6	3	947	-1	c9b6568ca23d6adabf32ff8dd9028f06328600ff348ea77d9ea04289b753c4bc	Whole interface group identical to 949 source	15be4d3bd9999c65fae9e110059d996fd9bdcf51e54d4b777c525b59e3f19915
component	947:278	rand_floor_select:floor_5_p_7	3	947	-1	c9b6568ca23d6adabf32ff8dd9028f06328600ff348ea77d9ea04289b753c4bc	Whole interface group identical to 949 source	15be4d3bd9999c65fae9e110059d996fd9bdcf51e54d4b777c525b59e3f19915
component	947:402	rand_floor_select:floor_5_p_8	3	947	-1	c9b6568ca23d6adabf32ff8dd9028f06328600ff348ea77d9ea04289b753c4bc	Whole interface group identical to 949 source	15be4d3bd9999c65fae9e110059d996fd9bdcf51e54d4b777c525b59e3f19915
component	947:526	rand_floor_select:floor_5_p_9	3	947	-1	c9b6568ca23d6adabf32ff8dd9028f06328600ff348ea77d9ea04289b753c4bc	Whole interface group identical to 949 source	15be4d3bd9999c65fae9e110059d996fd9bdcf51e54d4b777c525b59e3f19915
component	947:148	rand_floor_select:floor_60_p_1	3	947	-1	c9b6568ca23d6adabf32ff8dd9028f06328600ff348ea77d9ea04289b753c4bc	Whole interface group identical to 949 source	15be4d3bd9999c65fae9e110059d996fd9bdcf51e54d4b777c525b59e3f19915
component	947:705	rand_floor_select:floor_60_p_10	3	947	-1	c9b6568ca23d6adabf32ff8dd9028f06328600ff348ea77d9ea04289b753c4bc	Whole interface group identical to 949 source	15be4d3bd9999c65fae9e110059d996fd9bdcf51e54d4b777c525b59e3f19915
component	947:272	rand_floor_select:floor_60_p_2	3	947	-1	c9b6568ca23d6adabf32ff8dd9028f06328600ff348ea77d9ea04289b753c4bc	Whole interface group identical to 949 source	15be4d3bd9999c65fae9e110059d996fd9bdcf51e54d4b777c525b59e3f19915
component	947:396	rand_floor_select:floor_60_p_3	3	947	-1	c9b6568ca23d6adabf32ff8dd9028f06328600ff348ea77d9ea04289b753c4bc	Whole interface group identical to 949 source	15be4d3bd9999c65fae9e110059d996fd9bdcf51e54d4b777c525b59e3f19915
component	947:520	rand_floor_select:floor_60_p_4	3	947	-1	c9b6568ca23d6adabf32ff8dd9028f06328600ff348ea77d9ea04289b753c4bc	Whole interface group identical to 949 source	15be4d3bd9999c65fae9e110059d996fd9bdcf51e54d4b777c525b59e3f19915
component	947:644	rand_floor_select:floor_60_p_5	3	947	-1	c9b6568ca23d6adabf32ff8dd9028f06328600ff348ea77d9ea04289b753c4bc	Whole interface group identical to 949 source	15be4d3bd9999c65fae9e110059d996fd9bdcf51e54d4b777c525b59e3f19915
component	947:209	rand_floor_select:floor_60_p_6	3	947	-1	c9b6568ca23d6adabf32ff8dd9028f06328600ff348ea77d9ea04289b753c4bc	Whole interface group identical to 949 source	15be4d3bd9999c65fae9e110059d996fd9bdcf51e54d4b777c525b59e3f19915
component	947:333	rand_floor_select:floor_60_p_7	3	947	-1	c9b6568ca23d6adabf32ff8dd9028f06328600ff348ea77d9ea04289b753c4bc	Whole interface group identical to 949 source	15be4d3bd9999c65fae9e110059d996fd9bdcf51e54d4b777c525b59e3f19915
component	947:457	rand_floor_select:floor_60_p_8	3	947	-1	c9b6568ca23d6adabf32ff8dd9028f06328600ff348ea77d9ea04289b753c4bc	Whole interface group identical to 949 source	15be4d3bd9999c65fae9e110059d996fd9bdcf51e54d4b777c525b59e3f19915
component	947:581	rand_floor_select:floor_60_p_9	3	947	-1	c9b6568ca23d6adabf32ff8dd9028f06328600ff348ea77d9ea04289b753c4bc	Whole interface group identical to 949 source	15be4d3bd9999c65fae9e110059d996fd9bdcf51e54d4b777c525b59e3f19915
component	947:94	rand_floor_select:floor_6_p_1	3	947	-1	c9b6568ca23d6adabf32ff8dd9028f06328600ff348ea77d9ea04289b753c4bc	Whole interface group identical to 949 source	15be4d3bd9999c65fae9e110059d996fd9bdcf51e54d4b777c525b59e3f19915
component	947:651	rand_floor_select:floor_6_p_10	3	947	-1	c9b6568ca23d6adabf32ff8dd9028f06328600ff348ea77d9ea04289b753c4bc	Whole interface group identical to 949 source	15be4d3bd9999c65fae9e110059d996fd9bdcf51e54d4b777c525b59e3f19915
component	947:218	rand_floor_select:floor_6_p_2	3	947	-1	c9b6568ca23d6adabf32ff8dd9028f06328600ff348ea77d9ea04289b753c4bc	Whole interface group identical to 949 source	15be4d3bd9999c65fae9e110059d996fd9bdcf51e54d4b777c525b59e3f19915
component	947:342	rand_floor_select:floor_6_p_3	3	947	-1	c9b6568ca23d6adabf32ff8dd9028f06328600ff348ea77d9ea04289b753c4bc	Whole interface group identical to 949 source	15be4d3bd9999c65fae9e110059d996fd9bdcf51e54d4b777c525b59e3f19915
component	947:466	rand_floor_select:floor_6_p_4	3	947	-1	c9b6568ca23d6adabf32ff8dd9028f06328600ff348ea77d9ea04289b753c4bc	Whole interface group identical to 949 source	15be4d3bd9999c65fae9e110059d996fd9bdcf51e54d4b777c525b59e3f19915
component	947:590	rand_floor_select:floor_6_p_5	3	947	-1	c9b6568ca23d6adabf32ff8dd9028f06328600ff348ea77d9ea04289b753c4bc	Whole interface group identical to 949 source	15be4d3bd9999c65fae9e110059d996fd9bdcf51e54d4b777c525b59e3f19915
component	947:155	rand_floor_select:floor_6_p_6	3	947	-1	c9b6568ca23d6adabf32ff8dd9028f06328600ff348ea77d9ea04289b753c4bc	Whole interface group identical to 949 source	15be4d3bd9999c65fae9e110059d996fd9bdcf51e54d4b777c525b59e3f19915
component	947:279	rand_floor_select:floor_6_p_7	3	947	-1	c9b6568ca23d6adabf32ff8dd9028f06328600ff348ea77d9ea04289b753c4bc	Whole interface group identical to 949 source	15be4d3bd9999c65fae9e110059d996fd9bdcf51e54d4b777c525b59e3f19915
component	947:403	rand_floor_select:floor_6_p_8	3	947	-1	c9b6568ca23d6adabf32ff8dd9028f06328600ff348ea77d9ea04289b753c4bc	Whole interface group identical to 949 source	15be4d3bd9999c65fae9e110059d996fd9bdcf51e54d4b777c525b59e3f19915
component	947:527	rand_floor_select:floor_6_p_9	3	947	-1	c9b6568ca23d6adabf32ff8dd9028f06328600ff348ea77d9ea04289b753c4bc	Whole interface group identical to 949 source	15be4d3bd9999c65fae9e110059d996fd9bdcf51e54d4b777c525b59e3f19915
component	947:95	rand_floor_select:floor_7_p_1	3	947	-1	c9b6568ca23d6adabf32ff8dd9028f06328600ff348ea77d9ea04289b753c4bc	Whole interface group identical to 949 source	15be4d3bd9999c65fae9e110059d996fd9bdcf51e54d4b777c525b59e3f19915
component	947:652	rand_floor_select:floor_7_p_10	3	947	-1	c9b6568ca23d6adabf32ff8dd9028f06328600ff348ea77d9ea04289b753c4bc	Whole interface group identical to 949 source	15be4d3bd9999c65fae9e110059d996fd9bdcf51e54d4b777c525b59e3f19915
component	947:219	rand_floor_select:floor_7_p_2	3	947	-1	c9b6568ca23d6adabf32ff8dd9028f06328600ff348ea77d9ea04289b753c4bc	Whole interface group identical to 949 source	15be4d3bd9999c65fae9e110059d996fd9bdcf51e54d4b777c525b59e3f19915
component	947:343	rand_floor_select:floor_7_p_3	3	947	-1	c9b6568ca23d6adabf32ff8dd9028f06328600ff348ea77d9ea04289b753c4bc	Whole interface group identical to 949 source	15be4d3bd9999c65fae9e110059d996fd9bdcf51e54d4b777c525b59e3f19915
component	947:467	rand_floor_select:floor_7_p_4	3	947	-1	c9b6568ca23d6adabf32ff8dd9028f06328600ff348ea77d9ea04289b753c4bc	Whole interface group identical to 949 source	15be4d3bd9999c65fae9e110059d996fd9bdcf51e54d4b777c525b59e3f19915
component	947:591	rand_floor_select:floor_7_p_5	3	947	-1	c9b6568ca23d6adabf32ff8dd9028f06328600ff348ea77d9ea04289b753c4bc	Whole interface group identical to 949 source	15be4d3bd9999c65fae9e110059d996fd9bdcf51e54d4b777c525b59e3f19915
component	947:156	rand_floor_select:floor_7_p_6	3	947	-1	c9b6568ca23d6adabf32ff8dd9028f06328600ff348ea77d9ea04289b753c4bc	Whole interface group identical to 949 source	15be4d3bd9999c65fae9e110059d996fd9bdcf51e54d4b777c525b59e3f19915
component	947:280	rand_floor_select:floor_7_p_7	3	947	-1	c9b6568ca23d6adabf32ff8dd9028f06328600ff348ea77d9ea04289b753c4bc	Whole interface group identical to 949 source	15be4d3bd9999c65fae9e110059d996fd9bdcf51e54d4b777c525b59e3f19915
component	947:404	rand_floor_select:floor_7_p_8	3	947	-1	c9b6568ca23d6adabf32ff8dd9028f06328600ff348ea77d9ea04289b753c4bc	Whole interface group identical to 949 source	15be4d3bd9999c65fae9e110059d996fd9bdcf51e54d4b777c525b59e3f19915
component	947:528	rand_floor_select:floor_7_p_9	3	947	-1	c9b6568ca23d6adabf32ff8dd9028f06328600ff348ea77d9ea04289b753c4bc	Whole interface group identical to 949 source	15be4d3bd9999c65fae9e110059d996fd9bdcf51e54d4b777c525b59e3f19915
component	947:96	rand_floor_select:floor_8_p_1	3	947	-1	c9b6568ca23d6adabf32ff8dd9028f06328600ff348ea77d9ea04289b753c4bc	Whole interface group identical to 949 source	15be4d3bd9999c65fae9e110059d996fd9bdcf51e54d4b777c525b59e3f19915
component	947:653	rand_floor_select:floor_8_p_10	3	947	-1	c9b6568ca23d6adabf32ff8dd9028f06328600ff348ea77d9ea04289b753c4bc	Whole interface group identical to 949 source	15be4d3bd9999c65fae9e110059d996fd9bdcf51e54d4b777c525b59e3f19915
component	947:220	rand_floor_select:floor_8_p_2	3	947	-1	c9b6568ca23d6adabf32ff8dd9028f06328600ff348ea77d9ea04289b753c4bc	Whole interface group identical to 949 source	15be4d3bd9999c65fae9e110059d996fd9bdcf51e54d4b777c525b59e3f19915
component	947:344	rand_floor_select:floor_8_p_3	3	947	-1	c9b6568ca23d6adabf32ff8dd9028f06328600ff348ea77d9ea04289b753c4bc	Whole interface group identical to 949 source	15be4d3bd9999c65fae9e110059d996fd9bdcf51e54d4b777c525b59e3f19915
component	947:468	rand_floor_select:floor_8_p_4	3	947	-1	c9b6568ca23d6adabf32ff8dd9028f06328600ff348ea77d9ea04289b753c4bc	Whole interface group identical to 949 source	15be4d3bd9999c65fae9e110059d996fd9bdcf51e54d4b777c525b59e3f19915
component	947:592	rand_floor_select:floor_8_p_5	3	947	-1	c9b6568ca23d6adabf32ff8dd9028f06328600ff348ea77d9ea04289b753c4bc	Whole interface group identical to 949 source	15be4d3bd9999c65fae9e110059d996fd9bdcf51e54d4b777c525b59e3f19915
component	947:157	rand_floor_select:floor_8_p_6	3	947	-1	c9b6568ca23d6adabf32ff8dd9028f06328600ff348ea77d9ea04289b753c4bc	Whole interface group identical to 949 source	15be4d3bd9999c65fae9e110059d996fd9bdcf51e54d4b777c525b59e3f19915
component	947:281	rand_floor_select:floor_8_p_7	3	947	-1	c9b6568ca23d6adabf32ff8dd9028f06328600ff348ea77d9ea04289b753c4bc	Whole interface group identical to 949 source	15be4d3bd9999c65fae9e110059d996fd9bdcf51e54d4b777c525b59e3f19915
component	947:405	rand_floor_select:floor_8_p_8	3	947	-1	c9b6568ca23d6adabf32ff8dd9028f06328600ff348ea77d9ea04289b753c4bc	Whole interface group identical to 949 source	15be4d3bd9999c65fae9e110059d996fd9bdcf51e54d4b777c525b59e3f19915
component	947:529	rand_floor_select:floor_8_p_9	3	947	-1	c9b6568ca23d6adabf32ff8dd9028f06328600ff348ea77d9ea04289b753c4bc	Whole interface group identical to 949 source	15be4d3bd9999c65fae9e110059d996fd9bdcf51e54d4b777c525b59e3f19915
component	947:97	rand_floor_select:floor_9_p_1	3	947	-1	c9b6568ca23d6adabf32ff8dd9028f06328600ff348ea77d9ea04289b753c4bc	Whole interface group identical to 949 source	15be4d3bd9999c65fae9e110059d996fd9bdcf51e54d4b777c525b59e3f19915
component	947:654	rand_floor_select:floor_9_p_10	3	947	-1	c9b6568ca23d6adabf32ff8dd9028f06328600ff348ea77d9ea04289b753c4bc	Whole interface group identical to 949 source	15be4d3bd9999c65fae9e110059d996fd9bdcf51e54d4b777c525b59e3f19915
component	947:221	rand_floor_select:floor_9_p_2	3	947	-1	c9b6568ca23d6adabf32ff8dd9028f06328600ff348ea77d9ea04289b753c4bc	Whole interface group identical to 949 source	15be4d3bd9999c65fae9e110059d996fd9bdcf51e54d4b777c525b59e3f19915
component	947:345	rand_floor_select:floor_9_p_3	3	947	-1	c9b6568ca23d6adabf32ff8dd9028f06328600ff348ea77d9ea04289b753c4bc	Whole interface group identical to 949 source	15be4d3bd9999c65fae9e110059d996fd9bdcf51e54d4b777c525b59e3f19915
component	947:469	rand_floor_select:floor_9_p_4	3	947	-1	c9b6568ca23d6adabf32ff8dd9028f06328600ff348ea77d9ea04289b753c4bc	Whole interface group identical to 949 source	15be4d3bd9999c65fae9e110059d996fd9bdcf51e54d4b777c525b59e3f19915
component	947:593	rand_floor_select:floor_9_p_5	3	947	-1	c9b6568ca23d6adabf32ff8dd9028f06328600ff348ea77d9ea04289b753c4bc	Whole interface group identical to 949 source	15be4d3bd9999c65fae9e110059d996fd9bdcf51e54d4b777c525b59e3f19915
component	947:158	rand_floor_select:floor_9_p_6	3	947	-1	c9b6568ca23d6adabf32ff8dd9028f06328600ff348ea77d9ea04289b753c4bc	Whole interface group identical to 949 source	15be4d3bd9999c65fae9e110059d996fd9bdcf51e54d4b777c525b59e3f19915
component	947:282	rand_floor_select:floor_9_p_7	3	947	-1	c9b6568ca23d6adabf32ff8dd9028f06328600ff348ea77d9ea04289b753c4bc	Whole interface group identical to 949 source	15be4d3bd9999c65fae9e110059d996fd9bdcf51e54d4b777c525b59e3f19915
component	947:406	rand_floor_select:floor_9_p_8	3	947	-1	c9b6568ca23d6adabf32ff8dd9028f06328600ff348ea77d9ea04289b753c4bc	Whole interface group identical to 949 source	15be4d3bd9999c65fae9e110059d996fd9bdcf51e54d4b777c525b59e3f19915
component	947:530	rand_floor_select:floor_9_p_9	3	947	-1	c9b6568ca23d6adabf32ff8dd9028f06328600ff348ea77d9ea04289b753c4bc	Whole interface group identical to 949 source	15be4d3bd9999c65fae9e110059d996fd9bdcf51e54d4b777c525b59e3f19915
component	947:6	rand_floor_select:floor_bg_image	3	947	-1	c9b6568ca23d6adabf32ff8dd9028f06328600ff348ea77d9ea04289b753c4bc	Whole interface group identical to 949 source	15be4d3bd9999c65fae9e110059d996fd9bdcf51e54d4b777c525b59e3f19915
component	947:4	rand_floor_select:floor_bg_layer	3	947	-1	c9b6568ca23d6adabf32ff8dd9028f06328600ff348ea77d9ea04289b753c4bc	Whole interface group identical to 949 source	15be4d3bd9999c65fae9e110059d996fd9bdcf51e54d4b777c525b59e3f19915
component	947:726	rand_floor_select:floor_box	3	947	-1	c9b6568ca23d6adabf32ff8dd9028f06328600ff348ea77d9ea04289b753c4bc	Whole interface group identical to 949 source	15be4d3bd9999c65fae9e110059d996fd9bdcf51e54d4b777c525b59e3f19915
component	947:7	rand_floor_select:floor_button_1	3	947	-1	c9b6568ca23d6adabf32ff8dd9028f06328600ff348ea77d9ea04289b753c4bc	Whole interface group identical to 949 source	15be4d3bd9999c65fae9e110059d996fd9bdcf51e54d4b777c525b59e3f19915
component	947:18	rand_floor_select:floor_button_10	3	947	-1	c9b6568ca23d6adabf32ff8dd9028f06328600ff348ea77d9ea04289b753c4bc	Whole interface group identical to 949 source	15be4d3bd9999c65fae9e110059d996fd9bdcf51e54d4b777c525b59e3f19915
component	947:19	rand_floor_select:floor_button_11	3	947	-1	c9b6568ca23d6adabf32ff8dd9028f06328600ff348ea77d9ea04289b753c4bc	Whole interface group identical to 949 source	15be4d3bd9999c65fae9e110059d996fd9bdcf51e54d4b777c525b59e3f19915
component	947:20	rand_floor_select:floor_button_12	3	947	-1	c9b6568ca23d6adabf32ff8dd9028f06328600ff348ea77d9ea04289b753c4bc	Whole interface group identical to 949 source	15be4d3bd9999c65fae9e110059d996fd9bdcf51e54d4b777c525b59e3f19915
component	947:21	rand_floor_select:floor_button_13	3	947	-1	c9b6568ca23d6adabf32ff8dd9028f06328600ff348ea77d9ea04289b753c4bc	Whole interface group identical to 949 source	15be4d3bd9999c65fae9e110059d996fd9bdcf51e54d4b777c525b59e3f19915
component	947:22	rand_floor_select:floor_button_14	3	947	-1	c9b6568ca23d6adabf32ff8dd9028f06328600ff348ea77d9ea04289b753c4bc	Whole interface group identical to 949 source	15be4d3bd9999c65fae9e110059d996fd9bdcf51e54d4b777c525b59e3f19915
component	947:24	rand_floor_select:floor_button_15	3	947	-1	c9b6568ca23d6adabf32ff8dd9028f06328600ff348ea77d9ea04289b753c4bc	Whole interface group identical to 949 source	15be4d3bd9999c65fae9e110059d996fd9bdcf51e54d4b777c525b59e3f19915
component	947:25	rand_floor_select:floor_button_16	3	947	-1	c9b6568ca23d6adabf32ff8dd9028f06328600ff348ea77d9ea04289b753c4bc	Whole interface group identical to 949 source	15be4d3bd9999c65fae9e110059d996fd9bdcf51e54d4b777c525b59e3f19915
component	947:26	rand_floor_select:floor_button_17	3	947	-1	c9b6568ca23d6adabf32ff8dd9028f06328600ff348ea77d9ea04289b753c4bc	Whole interface group identical to 949 source	15be4d3bd9999c65fae9e110059d996fd9bdcf51e54d4b777c525b59e3f19915
component	947:27	rand_floor_select:floor_button_18	3	947	-1	c9b6568ca23d6adabf32ff8dd9028f06328600ff348ea77d9ea04289b753c4bc	Whole interface group identical to 949 source	15be4d3bd9999c65fae9e110059d996fd9bdcf51e54d4b777c525b59e3f19915
component	947:28	rand_floor_select:floor_button_19	3	947	-1	c9b6568ca23d6adabf32ff8dd9028f06328600ff348ea77d9ea04289b753c4bc	Whole interface group identical to 949 source	15be4d3bd9999c65fae9e110059d996fd9bdcf51e54d4b777c525b59e3f19915
component	947:8	rand_floor_select:floor_button_2	3	947	-1	c9b6568ca23d6adabf32ff8dd9028f06328600ff348ea77d9ea04289b753c4bc	Whole interface group identical to 949 source	15be4d3bd9999c65fae9e110059d996fd9bdcf51e54d4b777c525b59e3f19915
component	947:30	rand_floor_select:floor_button_20	3	947	-1	c9b6568ca23d6adabf32ff8dd9028f06328600ff348ea77d9ea04289b753c4bc	Whole interface group identical to 949 source	15be4d3bd9999c65fae9e110059d996fd9bdcf51e54d4b777c525b59e3f19915
component	947:31	rand_floor_select:floor_button_21	3	947	-1	c9b6568ca23d6adabf32ff8dd9028f06328600ff348ea77d9ea04289b753c4bc	Whole interface group identical to 949 source	15be4d3bd9999c65fae9e110059d996fd9bdcf51e54d4b777c525b59e3f19915
component	947:32	rand_floor_select:floor_button_22	3	947	-1	c9b6568ca23d6adabf32ff8dd9028f06328600ff348ea77d9ea04289b753c4bc	Whole interface group identical to 949 source	15be4d3bd9999c65fae9e110059d996fd9bdcf51e54d4b777c525b59e3f19915
component	947:33	rand_floor_select:floor_button_23	3	947	-1	c9b6568ca23d6adabf32ff8dd9028f06328600ff348ea77d9ea04289b753c4bc	Whole interface group identical to 949 source	15be4d3bd9999c65fae9e110059d996fd9bdcf51e54d4b777c525b59e3f19915
component	947:34	rand_floor_select:floor_button_24	3	947	-1	c9b6568ca23d6adabf32ff8dd9028f06328600ff348ea77d9ea04289b753c4bc	Whole interface group identical to 949 source	15be4d3bd9999c65fae9e110059d996fd9bdcf51e54d4b777c525b59e3f19915
component	947:36	rand_floor_select:floor_button_25	3	947	-1	c9b6568ca23d6adabf32ff8dd9028f06328600ff348ea77d9ea04289b753c4bc	Whole interface group identical to 949 source	15be4d3bd9999c65fae9e110059d996fd9bdcf51e54d4b777c525b59e3f19915
component	947:37	rand_floor_select:floor_button_26	3	947	-1	c9b6568ca23d6adabf32ff8dd9028f06328600ff348ea77d9ea04289b753c4bc	Whole interface group identical to 949 source	15be4d3bd9999c65fae9e110059d996fd9bdcf51e54d4b777c525b59e3f19915
component	947:38	rand_floor_select:floor_button_27	3	947	-1	c9b6568ca23d6adabf32ff8dd9028f06328600ff348ea77d9ea04289b753c4bc	Whole interface group identical to 949 source	15be4d3bd9999c65fae9e110059d996fd9bdcf51e54d4b777c525b59e3f19915
component	947:39	rand_floor_select:floor_button_28	3	947	-1	c9b6568ca23d6adabf32ff8dd9028f06328600ff348ea77d9ea04289b753c4bc	Whole interface group identical to 949 source	15be4d3bd9999c65fae9e110059d996fd9bdcf51e54d4b777c525b59e3f19915
component	947:40	rand_floor_select:floor_button_29	3	947	-1	c9b6568ca23d6adabf32ff8dd9028f06328600ff348ea77d9ea04289b753c4bc	Whole interface group identical to 949 source	15be4d3bd9999c65fae9e110059d996fd9bdcf51e54d4b777c525b59e3f19915
component	947:9	rand_floor_select:floor_button_3	3	947	-1	c9b6568ca23d6adabf32ff8dd9028f06328600ff348ea77d9ea04289b753c4bc	Whole interface group identical to 949 source	15be4d3bd9999c65fae9e110059d996fd9bdcf51e54d4b777c525b59e3f19915
component	947:42	rand_floor_select:floor_button_30	3	947	-1	c9b6568ca23d6adabf32ff8dd9028f06328600ff348ea77d9ea04289b753c4bc	Whole interface group identical to 949 source	15be4d3bd9999c65fae9e110059d996fd9bdcf51e54d4b777c525b59e3f19915
component	947:43	rand_floor_select:floor_button_31	3	947	-1	c9b6568ca23d6adabf32ff8dd9028f06328600ff348ea77d9ea04289b753c4bc	Whole interface group identical to 949 source	15be4d3bd9999c65fae9e110059d996fd9bdcf51e54d4b777c525b59e3f19915
component	947:44	rand_floor_select:floor_button_32	3	947	-1	c9b6568ca23d6adabf32ff8dd9028f06328600ff348ea77d9ea04289b753c4bc	Whole interface group identical to 949 source	15be4d3bd9999c65fae9e110059d996fd9bdcf51e54d4b777c525b59e3f19915
component	947:45	rand_floor_select:floor_button_33	3	947	-1	c9b6568ca23d6adabf32ff8dd9028f06328600ff348ea77d9ea04289b753c4bc	Whole interface group identical to 949 source	15be4d3bd9999c65fae9e110059d996fd9bdcf51e54d4b777c525b59e3f19915
component	947:46	rand_floor_select:floor_button_34	3	947	-1	c9b6568ca23d6adabf32ff8dd9028f06328600ff348ea77d9ea04289b753c4bc	Whole interface group identical to 949 source	15be4d3bd9999c65fae9e110059d996fd9bdcf51e54d4b777c525b59e3f19915
component	947:48	rand_floor_select:floor_button_35	3	947	-1	c9b6568ca23d6adabf32ff8dd9028f06328600ff348ea77d9ea04289b753c4bc	Whole interface group identical to 949 source	15be4d3bd9999c65fae9e110059d996fd9bdcf51e54d4b777c525b59e3f19915
component	947:49	rand_floor_select:floor_button_36	3	947	-1	c9b6568ca23d6adabf32ff8dd9028f06328600ff348ea77d9ea04289b753c4bc	Whole interface group identical to 949 source	15be4d3bd9999c65fae9e110059d996fd9bdcf51e54d4b777c525b59e3f19915
component	947:50	rand_floor_select:floor_button_37	3	947	-1	c9b6568ca23d6adabf32ff8dd9028f06328600ff348ea77d9ea04289b753c4bc	Whole interface group identical to 949 source	15be4d3bd9999c65fae9e110059d996fd9bdcf51e54d4b777c525b59e3f19915
component	947:51	rand_floor_select:floor_button_38	3	947	-1	c9b6568ca23d6adabf32ff8dd9028f06328600ff348ea77d9ea04289b753c4bc	Whole interface group identical to 949 source	15be4d3bd9999c65fae9e110059d996fd9bdcf51e54d4b777c525b59e3f19915
component	947:52	rand_floor_select:floor_button_39	3	947	-1	c9b6568ca23d6adabf32ff8dd9028f06328600ff348ea77d9ea04289b753c4bc	Whole interface group identical to 949 source	15be4d3bd9999c65fae9e110059d996fd9bdcf51e54d4b777c525b59e3f19915
component	947:10	rand_floor_select:floor_button_4	3	947	-1	c9b6568ca23d6adabf32ff8dd9028f06328600ff348ea77d9ea04289b753c4bc	Whole interface group identical to 949 source	15be4d3bd9999c65fae9e110059d996fd9bdcf51e54d4b777c525b59e3f19915
component	947:54	rand_floor_select:floor_button_40	3	947	-1	c9b6568ca23d6adabf32ff8dd9028f06328600ff348ea77d9ea04289b753c4bc	Whole interface group identical to 949 source	15be4d3bd9999c65fae9e110059d996fd9bdcf51e54d4b777c525b59e3f19915
component	947:55	rand_floor_select:floor_button_41	3	947	-1	c9b6568ca23d6adabf32ff8dd9028f06328600ff348ea77d9ea04289b753c4bc	Whole interface group identical to 949 source	15be4d3bd9999c65fae9e110059d996fd9bdcf51e54d4b777c525b59e3f19915
component	947:56	rand_floor_select:floor_button_42	3	947	-1	c9b6568ca23d6adabf32ff8dd9028f06328600ff348ea77d9ea04289b753c4bc	Whole interface group identical to 949 source	15be4d3bd9999c65fae9e110059d996fd9bdcf51e54d4b777c525b59e3f19915
component	947:57	rand_floor_select:floor_button_43	3	947	-1	c9b6568ca23d6adabf32ff8dd9028f06328600ff348ea77d9ea04289b753c4bc	Whole interface group identical to 949 source	15be4d3bd9999c65fae9e110059d996fd9bdcf51e54d4b777c525b59e3f19915
component	947:58	rand_floor_select:floor_button_44	3	947	-1	c9b6568ca23d6adabf32ff8dd9028f06328600ff348ea77d9ea04289b753c4bc	Whole interface group identical to 949 source	15be4d3bd9999c65fae9e110059d996fd9bdcf51e54d4b777c525b59e3f19915
component	947:60	rand_floor_select:floor_button_45	3	947	-1	c9b6568ca23d6adabf32ff8dd9028f06328600ff348ea77d9ea04289b753c4bc	Whole interface group identical to 949 source	15be4d3bd9999c65fae9e110059d996fd9bdcf51e54d4b777c525b59e3f19915
component	947:61	rand_floor_select:floor_button_46	3	947	-1	c9b6568ca23d6adabf32ff8dd9028f06328600ff348ea77d9ea04289b753c4bc	Whole interface group identical to 949 source	15be4d3bd9999c65fae9e110059d996fd9bdcf51e54d4b777c525b59e3f19915
component	947:62	rand_floor_select:floor_button_47	3	947	-1	c9b6568ca23d6adabf32ff8dd9028f06328600ff348ea77d9ea04289b753c4bc	Whole interface group identical to 949 source	15be4d3bd9999c65fae9e110059d996fd9bdcf51e54d4b777c525b59e3f19915
component	947:63	rand_floor_select:floor_button_48	3	947	-1	c9b6568ca23d6adabf32ff8dd9028f06328600ff348ea77d9ea04289b753c4bc	Whole interface group identical to 949 source	15be4d3bd9999c65fae9e110059d996fd9bdcf51e54d4b777c525b59e3f19915
component	947:64	rand_floor_select:floor_button_49	3	947	-1	c9b6568ca23d6adabf32ff8dd9028f06328600ff348ea77d9ea04289b753c4bc	Whole interface group identical to 949 source	15be4d3bd9999c65fae9e110059d996fd9bdcf51e54d4b777c525b59e3f19915
component	947:12	rand_floor_select:floor_button_5	3	947	-1	c9b6568ca23d6adabf32ff8dd9028f06328600ff348ea77d9ea04289b753c4bc	Whole interface group identical to 949 source	15be4d3bd9999c65fae9e110059d996fd9bdcf51e54d4b777c525b59e3f19915
component	947:66	rand_floor_select:floor_button_50	3	947	-1	c9b6568ca23d6adabf32ff8dd9028f06328600ff348ea77d9ea04289b753c4bc	Whole interface group identical to 949 source	15be4d3bd9999c65fae9e110059d996fd9bdcf51e54d4b777c525b59e3f19915
component	947:67	rand_floor_select:floor_button_51	3	947	-1	c9b6568ca23d6adabf32ff8dd9028f06328600ff348ea77d9ea04289b753c4bc	Whole interface group identical to 949 source	15be4d3bd9999c65fae9e110059d996fd9bdcf51e54d4b777c525b59e3f19915
component	947:68	rand_floor_select:floor_button_52	3	947	-1	c9b6568ca23d6adabf32ff8dd9028f06328600ff348ea77d9ea04289b753c4bc	Whole interface group identical to 949 source	15be4d3bd9999c65fae9e110059d996fd9bdcf51e54d4b777c525b59e3f19915
component	947:69	rand_floor_select:floor_button_53	3	947	-1	c9b6568ca23d6adabf32ff8dd9028f06328600ff348ea77d9ea04289b753c4bc	Whole interface group identical to 949 source	15be4d3bd9999c65fae9e110059d996fd9bdcf51e54d4b777c525b59e3f19915
component	947:70	rand_floor_select:floor_button_54	3	947	-1	c9b6568ca23d6adabf32ff8dd9028f06328600ff348ea77d9ea04289b753c4bc	Whole interface group identical to 949 source	15be4d3bd9999c65fae9e110059d996fd9bdcf51e54d4b777c525b59e3f19915
component	947:72	rand_floor_select:floor_button_55	3	947	-1	c9b6568ca23d6adabf32ff8dd9028f06328600ff348ea77d9ea04289b753c4bc	Whole interface group identical to 949 source	15be4d3bd9999c65fae9e110059d996fd9bdcf51e54d4b777c525b59e3f19915
component	947:73	rand_floor_select:floor_button_56	3	947	-1	c9b6568ca23d6adabf32ff8dd9028f06328600ff348ea77d9ea04289b753c4bc	Whole interface group identical to 949 source	15be4d3bd9999c65fae9e110059d996fd9bdcf51e54d4b777c525b59e3f19915
component	947:74	rand_floor_select:floor_button_57	3	947	-1	c9b6568ca23d6adabf32ff8dd9028f06328600ff348ea77d9ea04289b753c4bc	Whole interface group identical to 949 source	15be4d3bd9999c65fae9e110059d996fd9bdcf51e54d4b777c525b59e3f19915
component	947:76	rand_floor_select:floor_button_58	3	947	-1	c9b6568ca23d6adabf32ff8dd9028f06328600ff348ea77d9ea04289b753c4bc	Whole interface group identical to 949 source	15be4d3bd9999c65fae9e110059d996fd9bdcf51e54d4b777c525b59e3f19915
component	947:75	rand_floor_select:floor_button_59	3	947	-1	c9b6568ca23d6adabf32ff8dd9028f06328600ff348ea77d9ea04289b753c4bc	Whole interface group identical to 949 source	15be4d3bd9999c65fae9e110059d996fd9bdcf51e54d4b777c525b59e3f19915
component	947:13	rand_floor_select:floor_button_6	3	947	-1	c9b6568ca23d6adabf32ff8dd9028f06328600ff348ea77d9ea04289b753c4bc	Whole interface group identical to 949 source	15be4d3bd9999c65fae9e110059d996fd9bdcf51e54d4b777c525b59e3f19915
component	947:78	rand_floor_select:floor_button_60	3	947	-1	c9b6568ca23d6adabf32ff8dd9028f06328600ff348ea77d9ea04289b753c4bc	Whole interface group identical to 949 source	15be4d3bd9999c65fae9e110059d996fd9bdcf51e54d4b777c525b59e3f19915
component	947:14	rand_floor_select:floor_button_7	3	947	-1	c9b6568ca23d6adabf32ff8dd9028f06328600ff348ea77d9ea04289b753c4bc	Whole interface group identical to 949 source	15be4d3bd9999c65fae9e110059d996fd9bdcf51e54d4b777c525b59e3f19915
component	947:15	rand_floor_select:floor_button_8	3	947	-1	c9b6568ca23d6adabf32ff8dd9028f06328600ff348ea77d9ea04289b753c4bc	Whole interface group identical to 949 source	15be4d3bd9999c65fae9e110059d996fd9bdcf51e54d4b777c525b59e3f19915
component	947:16	rand_floor_select:floor_button_9	3	947	-1	c9b6568ca23d6adabf32ff8dd9028f06328600ff348ea77d9ea04289b753c4bc	Whole interface group identical to 949 source	15be4d3bd9999c65fae9e110059d996fd9bdcf51e54d4b777c525b59e3f19915
component	947:210	rand_floor_select:floor_cap_p1	3	947	-1	c9b6568ca23d6adabf32ff8dd9028f06328600ff348ea77d9ea04289b753c4bc	Whole interface group identical to 949 source	15be4d3bd9999c65fae9e110059d996fd9bdcf51e54d4b777c525b59e3f19915
component	947:334	rand_floor_select:floor_cap_p2	3	947	-1	c9b6568ca23d6adabf32ff8dd9028f06328600ff348ea77d9ea04289b753c4bc	Whole interface group identical to 949 source	15be4d3bd9999c65fae9e110059d996fd9bdcf51e54d4b777c525b59e3f19915
component	947:458	rand_floor_select:floor_cap_p3	3	947	-1	c9b6568ca23d6adabf32ff8dd9028f06328600ff348ea77d9ea04289b753c4bc	Whole interface group identical to 949 source	15be4d3bd9999c65fae9e110059d996fd9bdcf51e54d4b777c525b59e3f19915
component	947:582	rand_floor_select:floor_cap_p4	3	947	-1	c9b6568ca23d6adabf32ff8dd9028f06328600ff348ea77d9ea04289b753c4bc	Whole interface group identical to 949 source	15be4d3bd9999c65fae9e110059d996fd9bdcf51e54d4b777c525b59e3f19915
component	947:706	rand_floor_select:floor_cap_p5	3	947	-1	c9b6568ca23d6adabf32ff8dd9028f06328600ff348ea77d9ea04289b753c4bc	Whole interface group identical to 949 source	15be4d3bd9999c65fae9e110059d996fd9bdcf51e54d4b777c525b59e3f19915
component	947:714	rand_floor_select:floor_confirm_layer	3	947	-1	c9b6568ca23d6adabf32ff8dd9028f06328600ff348ea77d9ea04289b753c4bc	Whole interface group identical to 949 source	15be4d3bd9999c65fae9e110059d996fd9bdcf51e54d4b777c525b59e3f19915
component	947:3	rand_floor_select:floor_layer	3	947	-1	c9b6568ca23d6adabf32ff8dd9028f06328600ff348ea77d9ea04289b753c4bc	Whole interface group identical to 949 source	15be4d3bd9999c65fae9e110059d996fd9bdcf51e54d4b777c525b59e3f19915
component	947:713	rand_floor_select:floor_scroll_layer	3	947	-1	c9b6568ca23d6adabf32ff8dd9028f06328600ff348ea77d9ea04289b753c4bc	Whole interface group identical to 949 source	15be4d3bd9999c65fae9e110059d996fd9bdcf51e54d4b777c525b59e3f19915
component	947:5	rand_floor_select:floor_select_layer	3	947	-1	c9b6568ca23d6adabf32ff8dd9028f06328600ff348ea77d9ea04289b753c4bc	Whole interface group identical to 949 source	15be4d3bd9999c65fae9e110059d996fd9bdcf51e54d4b777c525b59e3f19915
component	947:707	rand_floor_select:floor_tooltip	3	947	-1	c9b6568ca23d6adabf32ff8dd9028f06328600ff348ea77d9ea04289b753c4bc	Whole interface group identical to 949 source	15be4d3bd9999c65fae9e110059d996fd9bdcf51e54d4b777c525b59e3f19915
component	947:711	rand_floor_select:floor_tooltip_floor	3	947	-1	c9b6568ca23d6adabf32ff8dd9028f06328600ff348ea77d9ea04289b753c4bc	Whole interface group identical to 949 source	15be4d3bd9999c65fae9e110059d996fd9bdcf51e54d4b777c525b59e3f19915
component	947:712	rand_floor_select:floor_tooltip_theme	3	947	-1	c9b6568ca23d6adabf32ff8dd9028f06328600ff348ea77d9ea04289b753c4bc	Whole interface group identical to 949 source	15be4d3bd9999c65fae9e110059d996fd9bdcf51e54d4b777c525b59e3f19915
component	947:760	rand_floor_select:info_button_active_layer	3	947	-1	c9b6568ca23d6adabf32ff8dd9028f06328600ff348ea77d9ea04289b753c4bc	Whole interface group identical to 949 source	15be4d3bd9999c65fae9e110059d996fd9bdcf51e54d4b777c525b59e3f19915
component	947:761	rand_floor_select:info_button_disabled_layer	3	947	-1	c9b6568ca23d6adabf32ff8dd9028f06328600ff348ea77d9ea04289b753c4bc	Whole interface group identical to 949 source	15be4d3bd9999c65fae9e110059d996fd9bdcf51e54d4b777c525b59e3f19915
component	947:758	rand_floor_select:info_button_hit_layer	3	947	-1	c9b6568ca23d6adabf32ff8dd9028f06328600ff348ea77d9ea04289b753c4bc	Whole interface group identical to 949 source	15be4d3bd9999c65fae9e110059d996fd9bdcf51e54d4b777c525b59e3f19915
component	947:755	rand_floor_select:info_button_layer	3	947	-1	c9b6568ca23d6adabf32ff8dd9028f06328600ff348ea77d9ea04289b753c4bc	Whole interface group identical to 949 source	15be4d3bd9999c65fae9e110059d996fd9bdcf51e54d4b777c525b59e3f19915
component	947:756	rand_floor_select:info_button_on_layer	3	947	-1	c9b6568ca23d6adabf32ff8dd9028f06328600ff348ea77d9ea04289b753c4bc	Whole interface group identical to 949 source	15be4d3bd9999c65fae9e110059d996fd9bdcf51e54d4b777c525b59e3f19915
component	947:757	rand_floor_select:info_button_over_layer	3	947	-1	c9b6568ca23d6adabf32ff8dd9028f06328600ff348ea77d9ea04289b753c4bc	Whole interface group identical to 949 source	15be4d3bd9999c65fae9e110059d996fd9bdcf51e54d4b777c525b59e3f19915
component	947:759	rand_floor_select:info_button_selected_layer	3	947	-1	c9b6568ca23d6adabf32ff8dd9028f06328600ff348ea77d9ea04289b753c4bc	Whole interface group identical to 949 source	15be4d3bd9999c65fae9e110059d996fd9bdcf51e54d4b777c525b59e3f19915
component	947:0	rand_floor_select:mainmodal_window	3	947	-1	c9b6568ca23d6adabf32ff8dd9028f06328600ff348ea77d9ea04289b753c4bc	Whole interface group identical to 949 source	15be4d3bd9999c65fae9e110059d996fd9bdcf51e54d4b777c525b59e3f19915
component	947:1	rand_floor_select:mainmodal_window_background	3	947	-1	c9b6568ca23d6adabf32ff8dd9028f06328600ff348ea77d9ea04289b753c4bc	Whole interface group identical to 949 source	15be4d3bd9999c65fae9e110059d996fd9bdcf51e54d4b777c525b59e3f19915
component	947:753	rand_floor_select:mainmodal_window_border	3	947	-1	c9b6568ca23d6adabf32ff8dd9028f06328600ff348ea77d9ea04289b753c4bc	Whole interface group identical to 949 source	15be4d3bd9999c65fae9e110059d996fd9bdcf51e54d4b777c525b59e3f19915
component	947:754	rand_floor_select:mainmodal_window_close_button	3	947	-1	c9b6568ca23d6adabf32ff8dd9028f06328600ff348ea77d9ea04289b753c4bc	Whole interface group identical to 949 source	15be4d3bd9999c65fae9e110059d996fd9bdcf51e54d4b777c525b59e3f19915
component	947:2	rand_floor_select:mainmodal_window_content	3	947	-1	c9b6568ca23d6adabf32ff8dd9028f06328600ff348ea77d9ea04289b753c4bc	Whole interface group identical to 949 source	15be4d3bd9999c65fae9e110059d996fd9bdcf51e54d4b777c525b59e3f19915
component	947:87	rand_floor_select:player_label_1	3	947	-1	c9b6568ca23d6adabf32ff8dd9028f06328600ff348ea77d9ea04289b753c4bc	Whole interface group identical to 949 source	15be4d3bd9999c65fae9e110059d996fd9bdcf51e54d4b777c525b59e3f19915
component	947:211	rand_floor_select:player_label_2	3	947	-1	c9b6568ca23d6adabf32ff8dd9028f06328600ff348ea77d9ea04289b753c4bc	Whole interface group identical to 949 source	15be4d3bd9999c65fae9e110059d996fd9bdcf51e54d4b777c525b59e3f19915
component	947:335	rand_floor_select:player_label_3	3	947	-1	c9b6568ca23d6adabf32ff8dd9028f06328600ff348ea77d9ea04289b753c4bc	Whole interface group identical to 949 source	15be4d3bd9999c65fae9e110059d996fd9bdcf51e54d4b777c525b59e3f19915
component	947:459	rand_floor_select:player_label_4	3	947	-1	c9b6568ca23d6adabf32ff8dd9028f06328600ff348ea77d9ea04289b753c4bc	Whole interface group identical to 949 source	15be4d3bd9999c65fae9e110059d996fd9bdcf51e54d4b777c525b59e3f19915
component	947:583	rand_floor_select:player_label_5	3	947	-1	c9b6568ca23d6adabf32ff8dd9028f06328600ff348ea77d9ea04289b753c4bc	Whole interface group identical to 949 source	15be4d3bd9999c65fae9e110059d996fd9bdcf51e54d4b777c525b59e3f19915
component	947:722	rand_floor_select:positive_button_disabled_layer	3	947	-1	c9b6568ca23d6adabf32ff8dd9028f06328600ff348ea77d9ea04289b753c4bc	Whole interface group identical to 949 source	15be4d3bd9999c65fae9e110059d996fd9bdcf51e54d4b777c525b59e3f19915
component	947:719	rand_floor_select:positive_button_hit_layer	3	947	-1	c9b6568ca23d6adabf32ff8dd9028f06328600ff348ea77d9ea04289b753c4bc	Whole interface group identical to 949 source	15be4d3bd9999c65fae9e110059d996fd9bdcf51e54d4b777c525b59e3f19915
component	947:716	rand_floor_select:positive_button_layer	3	947	-1	c9b6568ca23d6adabf32ff8dd9028f06328600ff348ea77d9ea04289b753c4bc	Whole interface group identical to 949 source	15be4d3bd9999c65fae9e110059d996fd9bdcf51e54d4b777c525b59e3f19915
component	947:717	rand_floor_select:positive_button_on_layer	3	947	-1	c9b6568ca23d6adabf32ff8dd9028f06328600ff348ea77d9ea04289b753c4bc	Whole interface group identical to 949 source	15be4d3bd9999c65fae9e110059d996fd9bdcf51e54d4b777c525b59e3f19915
component	947:718	rand_floor_select:positive_button_over_layer	3	947	-1	c9b6568ca23d6adabf32ff8dd9028f06328600ff348ea77d9ea04289b753c4bc	Whole interface group identical to 949 source	15be4d3bd9999c65fae9e110059d996fd9bdcf51e54d4b777c525b59e3f19915
component	947:720	rand_floor_select:positive_button_selected_layer	3	947	-1	c9b6568ca23d6adabf32ff8dd9028f06328600ff348ea77d9ea04289b753c4bc	Whole interface group identical to 949 source	15be4d3bd9999c65fae9e110059d996fd9bdcf51e54d4b777c525b59e3f19915
component	947:724	rand_floor_select:positive_button_text	3	947	-1	c9b6568ca23d6adabf32ff8dd9028f06328600ff348ea77d9ea04289b753c4bc	Whole interface group identical to 949 source	15be4d3bd9999c65fae9e110059d996fd9bdcf51e54d4b777c525b59e3f19915
component	947:723	rand_floor_select:positive_button_text_layer	3	947	-1	c9b6568ca23d6adabf32ff8dd9028f06328600ff348ea77d9ea04289b753c4bc	Whole interface group identical to 949 source	15be4d3bd9999c65fae9e110059d996fd9bdcf51e54d4b777c525b59e3f19915
component	947:80	rand_floor_select:progress_bg_layer	3	947	-1	c9b6568ca23d6adabf32ff8dd9028f06328600ff348ea77d9ea04289b753c4bc	Whole interface group identical to 949 source	15be4d3bd9999c65fae9e110059d996fd9bdcf51e54d4b777c525b59e3f19915
component	947:79	rand_floor_select:progress_layer	3	947	-1	c9b6568ca23d6adabf32ff8dd9028f06328600ff348ea77d9ea04289b753c4bc	Whole interface group identical to 949 source	15be4d3bd9999c65fae9e110059d996fd9bdcf51e54d4b777c525b59e3f19915
component	947:88	rand_floor_select:progress_p1_layer	3	947	-1	c9b6568ca23d6adabf32ff8dd9028f06328600ff348ea77d9ea04289b753c4bc	Whole interface group identical to 949 source	15be4d3bd9999c65fae9e110059d996fd9bdcf51e54d4b777c525b59e3f19915
component	947:149	rand_floor_select:progress_p1_layer_1	3	947	-1	c9b6568ca23d6adabf32ff8dd9028f06328600ff348ea77d9ea04289b753c4bc	Whole interface group identical to 949 source	15be4d3bd9999c65fae9e110059d996fd9bdcf51e54d4b777c525b59e3f19915
component	947:212	rand_floor_select:progress_p2_layer	3	947	-1	c9b6568ca23d6adabf32ff8dd9028f06328600ff348ea77d9ea04289b753c4bc	Whole interface group identical to 949 source	15be4d3bd9999c65fae9e110059d996fd9bdcf51e54d4b777c525b59e3f19915
component	947:273	rand_floor_select:progress_p2_layer_1	3	947	-1	c9b6568ca23d6adabf32ff8dd9028f06328600ff348ea77d9ea04289b753c4bc	Whole interface group identical to 949 source	15be4d3bd9999c65fae9e110059d996fd9bdcf51e54d4b777c525b59e3f19915
component	947:336	rand_floor_select:progress_p3_layer	3	947	-1	c9b6568ca23d6adabf32ff8dd9028f06328600ff348ea77d9ea04289b753c4bc	Whole interface group identical to 949 source	15be4d3bd9999c65fae9e110059d996fd9bdcf51e54d4b777c525b59e3f19915
component	947:397	rand_floor_select:progress_p3_layer_1	3	947	-1	c9b6568ca23d6adabf32ff8dd9028f06328600ff348ea77d9ea04289b753c4bc	Whole interface group identical to 949 source	15be4d3bd9999c65fae9e110059d996fd9bdcf51e54d4b777c525b59e3f19915
component	947:460	rand_floor_select:progress_p4_layer	3	947	-1	c9b6568ca23d6adabf32ff8dd9028f06328600ff348ea77d9ea04289b753c4bc	Whole interface group identical to 949 source	15be4d3bd9999c65fae9e110059d996fd9bdcf51e54d4b777c525b59e3f19915
component	947:521	rand_floor_select:progress_p4_layer_1	3	947	-1	c9b6568ca23d6adabf32ff8dd9028f06328600ff348ea77d9ea04289b753c4bc	Whole interface group identical to 949 source	15be4d3bd9999c65fae9e110059d996fd9bdcf51e54d4b777c525b59e3f19915
component	947:584	rand_floor_select:progress_p5_layer	3	947	-1	c9b6568ca23d6adabf32ff8dd9028f06328600ff348ea77d9ea04289b753c4bc	Whole interface group identical to 949 source	15be4d3bd9999c65fae9e110059d996fd9bdcf51e54d4b777c525b59e3f19915
component	947:645	rand_floor_select:progress_p5_layer_1	3	947	-1	c9b6568ca23d6adabf32ff8dd9028f06328600ff348ea77d9ea04289b753c4bc	Whole interface group identical to 949 source	15be4d3bd9999c65fae9e110059d996fd9bdcf51e54d4b777c525b59e3f19915
component	91:32	rand_party_side_new:com_32	3	91	-1	aa122ee8bba3bfc46e4048809bd4d51b8d2840f6304ddaec5237107308c575c4	Whole interface group identical to 949 source	15be4d3bd9999c65fae9e110059d996fd9bdcf51e54d4b777c525b59e3f19915
component	91:38	rand_party_side_new:com_38	3	91	-1	aa122ee8bba3bfc46e4048809bd4d51b8d2840f6304ddaec5237107308c575c4	Whole interface group identical to 949 source	15be4d3bd9999c65fae9e110059d996fd9bdcf51e54d4b777c525b59e3f19915
component	91:48	rand_party_side_new:com_48	3	91	-1	aa122ee8bba3bfc46e4048809bd4d51b8d2840f6304ddaec5237107308c575c4	Whole interface group identical to 949 source	15be4d3bd9999c65fae9e110059d996fd9bdcf51e54d4b777c525b59e3f19915
component	91:35	rand_party_side_new:complexity_box	3	91	-1	aa122ee8bba3bfc46e4048809bd4d51b8d2840f6304ddaec5237107308c575c4	Whole interface group identical to 949 source	15be4d3bd9999c65fae9e110059d996fd9bdcf51e54d4b777c525b59e3f19915
component	91:1	rand_party_side_new:complexity_button	3	91	-1	aa122ee8bba3bfc46e4048809bd4d51b8d2840f6304ddaec5237107308c575c4	Whole interface group identical to 949 source	15be4d3bd9999c65fae9e110059d996fd9bdcf51e54d4b777c525b59e3f19915
component	91:2	rand_party_side_new:complexity_button_disabled_layer	3	91	-1	aa122ee8bba3bfc46e4048809bd4d51b8d2840f6304ddaec5237107308c575c4	Whole interface group identical to 949 source	15be4d3bd9999c65fae9e110059d996fd9bdcf51e54d4b777c525b59e3f19915
component	91:37	rand_party_side_new:complexity_button_layer	3	91	-1	aa122ee8bba3bfc46e4048809bd4d51b8d2840f6304ddaec5237107308c575c4	Whole interface group identical to 949 source	15be4d3bd9999c65fae9e110059d996fd9bdcf51e54d4b777c525b59e3f19915
component	91:34	rand_party_side_new:complexity_title	3	91	-1	aa122ee8bba3bfc46e4048809bd4d51b8d2840f6304ddaec5237107308c575c4	Whole interface group identical to 949 source	15be4d3bd9999c65fae9e110059d996fd9bdcf51e54d4b777c525b59e3f19915
component	91:43	rand_party_side_new:current_floor	3	91	-1	aa122ee8bba3bfc46e4048809bd4d51b8d2840f6304ddaec5237107308c575c4	Whole interface group identical to 949 source	15be4d3bd9999c65fae9e110059d996fd9bdcf51e54d4b777c525b59e3f19915
component	91:8	rand_party_side_new:devider	3	91	-1	aa122ee8bba3bfc46e4048809bd4d51b8d2840f6304ddaec5237107308c575c4	Whole interface group identical to 949 source	15be4d3bd9999c65fae9e110059d996fd9bdcf51e54d4b777c525b59e3f19915
component	91:9	rand_party_side_new:devider_1	3	91	-1	aa122ee8bba3bfc46e4048809bd4d51b8d2840f6304ddaec5237107308c575c4	Whole interface group identical to 949 source	15be4d3bd9999c65fae9e110059d996fd9bdcf51e54d4b777c525b59e3f19915
component	91:10	rand_party_side_new:devider_2	3	91	-1	aa122ee8bba3bfc46e4048809bd4d51b8d2840f6304ddaec5237107308c575c4	Whole interface group identical to 949 source	15be4d3bd9999c65fae9e110059d996fd9bdcf51e54d4b777c525b59e3f19915
component	91:11	rand_party_side_new:devider_3	3	91	-1	aa122ee8bba3bfc46e4048809bd4d51b8d2840f6304ddaec5237107308c575c4	Whole interface group identical to 949 source	15be4d3bd9999c65fae9e110059d996fd9bdcf51e54d4b777c525b59e3f19915
component	91:14	rand_party_side_new:devider_4	3	91	-1	aa122ee8bba3bfc46e4048809bd4d51b8d2840f6304ddaec5237107308c575c4	Whole interface group identical to 949 source	15be4d3bd9999c65fae9e110059d996fd9bdcf51e54d4b777c525b59e3f19915
component	91:13	rand_party_side_new:devider_5	3	91	-1	aa122ee8bba3bfc46e4048809bd4d51b8d2840f6304ddaec5237107308c575c4	Whole interface group identical to 949 source	15be4d3bd9999c65fae9e110059d996fd9bdcf51e54d4b777c525b59e3f19915
component	91:40	rand_party_side_new:devider_6	3	91	-1	aa122ee8bba3bfc46e4048809bd4d51b8d2840f6304ddaec5237107308c575c4	Whole interface group identical to 949 source	15be4d3bd9999c65fae9e110059d996fd9bdcf51e54d4b777c525b59e3f19915
component	91:29	rand_party_side_new:floor_box	3	91	-1	aa122ee8bba3bfc46e4048809bd4d51b8d2840f6304ddaec5237107308c575c4	Whole interface group identical to 949 source	15be4d3bd9999c65fae9e110059d996fd9bdcf51e54d4b777c525b59e3f19915
component	91:3	rand_party_side_new:floor_button	3	91	-1	aa122ee8bba3bfc46e4048809bd4d51b8d2840f6304ddaec5237107308c575c4	Whole interface group identical to 949 source	15be4d3bd9999c65fae9e110059d996fd9bdcf51e54d4b777c525b59e3f19915
component	91:4	rand_party_side_new:floor_button_disabled_layer	3	91	-1	aa122ee8bba3bfc46e4048809bd4d51b8d2840f6304ddaec5237107308c575c4	Whole interface group identical to 949 source	15be4d3bd9999c65fae9e110059d996fd9bdcf51e54d4b777c525b59e3f19915
component	91:31	rand_party_side_new:floor_button_layer	3	91	-1	aa122ee8bba3bfc46e4048809bd4d51b8d2840f6304ddaec5237107308c575c4	Whole interface group identical to 949 source	15be4d3bd9999c65fae9e110059d996fd9bdcf51e54d4b777c525b59e3f19915
component	91:16	rand_party_side_new:floor_layer	3	91	-1	aa122ee8bba3bfc46e4048809bd4d51b8d2840f6304ddaec5237107308c575c4	Whole interface group identical to 949 source	15be4d3bd9999c65fae9e110059d996fd9bdcf51e54d4b777c525b59e3f19915
component	91:28	rand_party_side_new:floor_title	3	91	-1	aa122ee8bba3bfc46e4048809bd4d51b8d2840f6304ddaec5237107308c575c4	Whole interface group identical to 949 source	15be4d3bd9999c65fae9e110059d996fd9bdcf51e54d4b777c525b59e3f19915
component	91:25	rand_party_side_new:form_button	3	91	-1	aa122ee8bba3bfc46e4048809bd4d51b8d2840f6304ddaec5237107308c575c4	Whole interface group identical to 949 source	15be4d3bd9999c65fae9e110059d996fd9bdcf51e54d4b777c525b59e3f19915
component	91:53	rand_party_side_new:info_button_active_layer	3	91	-1	aa122ee8bba3bfc46e4048809bd4d51b8d2840f6304ddaec5237107308c575c4	Whole interface group identical to 949 source	15be4d3bd9999c65fae9e110059d996fd9bdcf51e54d4b777c525b59e3f19915
component	91:54	rand_party_side_new:info_button_disabled_layer	3	91	-1	aa122ee8bba3bfc46e4048809bd4d51b8d2840f6304ddaec5237107308c575c4	Whole interface group identical to 949 source	15be4d3bd9999c65fae9e110059d996fd9bdcf51e54d4b777c525b59e3f19915
component	91:51	rand_party_side_new:info_button_hit_layer	3	91	-1	aa122ee8bba3bfc46e4048809bd4d51b8d2840f6304ddaec5237107308c575c4	Whole interface group identical to 949 source	15be4d3bd9999c65fae9e110059d996fd9bdcf51e54d4b777c525b59e3f19915
component	91:46	rand_party_side_new:info_button_layer	3	91	-1	aa122ee8bba3bfc46e4048809bd4d51b8d2840f6304ddaec5237107308c575c4	Whole interface group identical to 949 source	15be4d3bd9999c65fae9e110059d996fd9bdcf51e54d4b777c525b59e3f19915
component	91:49	rand_party_side_new:info_button_on_layer	3	91	-1	aa122ee8bba3bfc46e4048809bd4d51b8d2840f6304ddaec5237107308c575c4	Whole interface group identical to 949 source	15be4d3bd9999c65fae9e110059d996fd9bdcf51e54d4b777c525b59e3f19915
component	91:50	rand_party_side_new:info_button_over_layer	3	91	-1	aa122ee8bba3bfc46e4048809bd4d51b8d2840f6304ddaec5237107308c575c4	Whole interface group identical to 949 source	15be4d3bd9999c65fae9e110059d996fd9bdcf51e54d4b777c525b59e3f19915
component	91:52	rand_party_side_new:info_button_selected_layer	3	91	-1	aa122ee8bba3bfc46e4048809bd4d51b8d2840f6304ddaec5237107308c575c4	Whole interface group identical to 949 source	15be4d3bd9999c65fae9e110059d996fd9bdcf51e54d4b777c525b59e3f19915
component	91:26	rand_party_side_new:invite_button	3	91	-1	aa122ee8bba3bfc46e4048809bd4d51b8d2840f6304ddaec5237107308c575c4	Whole interface group identical to 949 source	15be4d3bd9999c65fae9e110059d996fd9bdcf51e54d4b777c525b59e3f19915
component	91:44	rand_party_side_new:last_reset	3	91	-1	aa122ee8bba3bfc46e4048809bd4d51b8d2840f6304ddaec5237107308c575c4	Whole interface group identical to 949 source	15be4d3bd9999c65fae9e110059d996fd9bdcf51e54d4b777c525b59e3f19915
component	91:24	rand_party_side_new:leave_big_button	3	91	-1	aa122ee8bba3bfc46e4048809bd4d51b8d2840f6304ddaec5237107308c575c4	Whole interface group identical to 949 source	15be4d3bd9999c65fae9e110059d996fd9bdcf51e54d4b777c525b59e3f19915
component	91:17	rand_party_side_new:leave_button	3	91	-1	aa122ee8bba3bfc46e4048809bd4d51b8d2840f6304ddaec5237107308c575c4	Whole interface group identical to 949 source	15be4d3bd9999c65fae9e110059d996fd9bdcf51e54d4b777c525b59e3f19915
component	91:19	rand_party_side_new:mem1_name	3	91	-1	aa122ee8bba3bfc46e4048809bd4d51b8d2840f6304ddaec5237107308c575c4	Whole interface group identical to 949 source	15be4d3bd9999c65fae9e110059d996fd9bdcf51e54d4b777c525b59e3f19915
component	91:20	rand_party_side_new:mem2_name	3	91	-1	aa122ee8bba3bfc46e4048809bd4d51b8d2840f6304ddaec5237107308c575c4	Whole interface group identical to 949 source	15be4d3bd9999c65fae9e110059d996fd9bdcf51e54d4b777c525b59e3f19915
component	91:21	rand_party_side_new:mem3_name	3	91	-1	aa122ee8bba3bfc46e4048809bd4d51b8d2840f6304ddaec5237107308c575c4	Whole interface group identical to 949 source	15be4d3bd9999c65fae9e110059d996fd9bdcf51e54d4b777c525b59e3f19915
component	91:22	rand_party_side_new:mem4_name	3	91	-1	aa122ee8bba3bfc46e4048809bd4d51b8d2840f6304ddaec5237107308c575c4	Whole interface group identical to 949 source	15be4d3bd9999c65fae9e110059d996fd9bdcf51e54d4b777c525b59e3f19915
component	91:23	rand_party_side_new:mem5_name	3	91	-1	aa122ee8bba3bfc46e4048809bd4d51b8d2840f6304ddaec5237107308c575c4	Whole interface group identical to 949 source	15be4d3bd9999c65fae9e110059d996fd9bdcf51e54d4b777c525b59e3f19915
component	91:7	rand_party_side_new:members_frame	3	91	-1	aa122ee8bba3bfc46e4048809bd4d51b8d2840f6304ddaec5237107308c575c4	Whole interface group identical to 949 source	15be4d3bd9999c65fae9e110059d996fd9bdcf51e54d4b777c525b59e3f19915
component	91:15	rand_party_side_new:misc_layer	3	91	-1	aa122ee8bba3bfc46e4048809bd4d51b8d2840f6304ddaec5237107308c575c4	Whole interface group identical to 949 source	15be4d3bd9999c65fae9e110059d996fd9bdcf51e54d4b777c525b59e3f19915
component	91:12	rand_party_side_new:options_layer	3	91	-1	aa122ee8bba3bfc46e4048809bd4d51b8d2840f6304ddaec5237107308c575c4	Whole interface group identical to 949 source	15be4d3bd9999c65fae9e110059d996fd9bdcf51e54d4b777c525b59e3f19915
component	91:36	rand_party_side_new:party_complexity	3	91	-1	aa122ee8bba3bfc46e4048809bd4d51b8d2840f6304ddaec5237107308c575c4	Whole interface group identical to 949 source	15be4d3bd9999c65fae9e110059d996fd9bdcf51e54d4b777c525b59e3f19915
component	91:33	rand_party_side_new:party_complexity_layer	3	91	-1	aa122ee8bba3bfc46e4048809bd4d51b8d2840f6304ddaec5237107308c575c4	Whole interface group identical to 949 source	15be4d3bd9999c65fae9e110059d996fd9bdcf51e54d4b777c525b59e3f19915
component	91:30	rand_party_side_new:party_floor	3	91	-1	aa122ee8bba3bfc46e4048809bd4d51b8d2840f6304ddaec5237107308c575c4	Whole interface group identical to 949 source	15be4d3bd9999c65fae9e110059d996fd9bdcf51e54d4b777c525b59e3f19915
component	91:27	rand_party_side_new:party_floor_layer	3	91	-1	aa122ee8bba3bfc46e4048809bd4d51b8d2840f6304ddaec5237107308c575c4	Whole interface group identical to 949 source	15be4d3bd9999c65fae9e110059d996fd9bdcf51e54d4b777c525b59e3f19915
component	91:6	rand_party_side_new:party_layer	3	91	-1	aa122ee8bba3bfc46e4048809bd4d51b8d2840f6304ddaec5237107308c575c4	Whole interface group identical to 949 source	15be4d3bd9999c65fae9e110059d996fd9bdcf51e54d4b777c525b59e3f19915
component	91:18	rand_party_side_new:party_leader_icon	3	91	-1	aa122ee8bba3bfc46e4048809bd4d51b8d2840f6304ddaec5237107308c575c4	Whole interface group identical to 949 source	15be4d3bd9999c65fae9e110059d996fd9bdcf51e54d4b777c525b59e3f19915
component	91:39	rand_party_side_new:progress_layer	3	91	-1	aa122ee8bba3bfc46e4048809bd4d51b8d2840f6304ddaec5237107308c575c4	Whole interface group identical to 949 source	15be4d3bd9999c65fae9e110059d996fd9bdcf51e54d4b777c525b59e3f19915
component	91:41	rand_party_side_new:progress_title	3	91	-1	aa122ee8bba3bfc46e4048809bd4d51b8d2840f6304ddaec5237107308c575c4	Whole interface group identical to 949 source	15be4d3bd9999c65fae9e110059d996fd9bdcf51e54d4b777c525b59e3f19915
component	91:0	rand_party_side_new:reset_button	3	91	-1	aa122ee8bba3bfc46e4048809bd4d51b8d2840f6304ddaec5237107308c575c4	Whole interface group identical to 949 source	15be4d3bd9999c65fae9e110059d996fd9bdcf51e54d4b777c525b59e3f19915
component	91:47	rand_party_side_new:reset_button_disabled_layer	3	91	-1	aa122ee8bba3bfc46e4048809bd4d51b8d2840f6304ddaec5237107308c575c4	Whole interface group identical to 949 source	15be4d3bd9999c65fae9e110059d996fd9bdcf51e54d4b777c525b59e3f19915
component	91:45	rand_party_side_new:reset_button_layer	3	91	-1	aa122ee8bba3bfc46e4048809bd4d51b8d2840f6304ddaec5237107308c575c4	Whole interface group identical to 949 source	15be4d3bd9999c65fae9e110059d996fd9bdcf51e54d4b777c525b59e3f19915
component	91:42	rand_party_side_new:reset_title	3	91	-1	aa122ee8bba3bfc46e4048809bd4d51b8d2840f6304ddaec5237107308c575c4	Whole interface group identical to 949 source	15be4d3bd9999c65fae9e110059d996fd9bdcf51e54d4b777c525b59e3f19915
component	91:5	rand_party_side_new:universe_layer	3	91	-1	aa122ee8bba3bfc46e4048809bd4d51b8d2840f6304ddaec5237107308c575c4	Whole interface group identical to 949 source	15be4d3bd9999c65fae9e110059d996fd9bdcf51e54d4b777c525b59e3f19915
component	1448:4	toplevel_v2_parent:blocker_window_1	3	1448	-1	ba5c66ceef45f49c9f1d594be923b724cec82b5a3cf9e82370460fe2ccd3d05f	Whole interface group identical to 949 source	15be4d3bd9999c65fae9e110059d996fd9bdcf51e54d4b777c525b59e3f19915
component	1448:6	toplevel_v2_parent:blocker_window_2	3	1448	-1	ba5c66ceef45f49c9f1d594be923b724cec82b5a3cf9e82370460fe2ccd3d05f	Whole interface group identical to 949 source	15be4d3bd9999c65fae9e110059d996fd9bdcf51e54d4b777c525b59e3f19915
component	1448:8	toplevel_v2_parent:blocker_window_3	3	1448	-1	ba5c66ceef45f49c9f1d594be923b724cec82b5a3cf9e82370460fe2ccd3d05f	Whole interface group identical to 949 source	15be4d3bd9999c65fae9e110059d996fd9bdcf51e54d4b777c525b59e3f19915
component	1448:10	toplevel_v2_parent:blocker_window_4	3	1448	-1	ba5c66ceef45f49c9f1d594be923b724cec82b5a3cf9e82370460fe2ccd3d05f	Whole interface group identical to 949 source	15be4d3bd9999c65fae9e110059d996fd9bdcf51e54d4b777c525b59e3f19915
component	1448:12	toplevel_v2_parent:blocker_window_5	3	1448	-1	ba5c66ceef45f49c9f1d594be923b724cec82b5a3cf9e82370460fe2ccd3d05f	Whole interface group identical to 949 source	15be4d3bd9999c65fae9e110059d996fd9bdcf51e54d4b777c525b59e3f19915
component	1448:17	toplevel_v2_parent:blocker_window_background_1	3	1448	-1	ba5c66ceef45f49c9f1d594be923b724cec82b5a3cf9e82370460fe2ccd3d05f	Whole interface group identical to 949 source	15be4d3bd9999c65fae9e110059d996fd9bdcf51e54d4b777c525b59e3f19915
component	1448:20	toplevel_v2_parent:blocker_window_background_2	3	1448	-1	ba5c66ceef45f49c9f1d594be923b724cec82b5a3cf9e82370460fe2ccd3d05f	Whole interface group identical to 949 source	15be4d3bd9999c65fae9e110059d996fd9bdcf51e54d4b777c525b59e3f19915
component	1448:23	toplevel_v2_parent:blocker_window_background_3	3	1448	-1	ba5c66ceef45f49c9f1d594be923b724cec82b5a3cf9e82370460fe2ccd3d05f	Whole interface group identical to 949 source	15be4d3bd9999c65fae9e110059d996fd9bdcf51e54d4b777c525b59e3f19915
component	1448:26	toplevel_v2_parent:blocker_window_background_4	3	1448	-1	ba5c66ceef45f49c9f1d594be923b724cec82b5a3cf9e82370460fe2ccd3d05f	Whole interface group identical to 949 source	15be4d3bd9999c65fae9e110059d996fd9bdcf51e54d4b777c525b59e3f19915
component	1448:29	toplevel_v2_parent:blocker_window_background_5	3	1448	-1	ba5c66ceef45f49c9f1d594be923b724cec82b5a3cf9e82370460fe2ccd3d05f	Whole interface group identical to 949 source	15be4d3bd9999c65fae9e110059d996fd9bdcf51e54d4b777c525b59e3f19915
component	1448:19	toplevel_v2_parent:blocker_window_border_1	3	1448	-1	ba5c66ceef45f49c9f1d594be923b724cec82b5a3cf9e82370460fe2ccd3d05f	Whole interface group identical to 949 source	15be4d3bd9999c65fae9e110059d996fd9bdcf51e54d4b777c525b59e3f19915
component	1448:22	toplevel_v2_parent:blocker_window_border_2	3	1448	-1	ba5c66ceef45f49c9f1d594be923b724cec82b5a3cf9e82370460fe2ccd3d05f	Whole interface group identical to 949 source	15be4d3bd9999c65fae9e110059d996fd9bdcf51e54d4b777c525b59e3f19915
component	1448:25	toplevel_v2_parent:blocker_window_border_3	3	1448	-1	ba5c66ceef45f49c9f1d594be923b724cec82b5a3cf9e82370460fe2ccd3d05f	Whole interface group identical to 949 source	15be4d3bd9999c65fae9e110059d996fd9bdcf51e54d4b777c525b59e3f19915
component	1448:28	toplevel_v2_parent:blocker_window_border_4	3	1448	-1	ba5c66ceef45f49c9f1d594be923b724cec82b5a3cf9e82370460fe2ccd3d05f	Whole interface group identical to 949 source	15be4d3bd9999c65fae9e110059d996fd9bdcf51e54d4b777c525b59e3f19915
component	1448:31	toplevel_v2_parent:blocker_window_border_5	3	1448	-1	ba5c66ceef45f49c9f1d594be923b724cec82b5a3cf9e82370460fe2ccd3d05f	Whole interface group identical to 949 source	15be4d3bd9999c65fae9e110059d996fd9bdcf51e54d4b777c525b59e3f19915
component	1448:18	toplevel_v2_parent:blocker_window_edit_block_1	3	1448	-1	ba5c66ceef45f49c9f1d594be923b724cec82b5a3cf9e82370460fe2ccd3d05f	Whole interface group identical to 949 source	15be4d3bd9999c65fae9e110059d996fd9bdcf51e54d4b777c525b59e3f19915
component	1448:21	toplevel_v2_parent:blocker_window_edit_block_2	3	1448	-1	ba5c66ceef45f49c9f1d594be923b724cec82b5a3cf9e82370460fe2ccd3d05f	Whole interface group identical to 949 source	15be4d3bd9999c65fae9e110059d996fd9bdcf51e54d4b777c525b59e3f19915
component	1448:24	toplevel_v2_parent:blocker_window_edit_block_3	3	1448	-1	ba5c66ceef45f49c9f1d594be923b724cec82b5a3cf9e82370460fe2ccd3d05f	Whole interface group identical to 949 source	15be4d3bd9999c65fae9e110059d996fd9bdcf51e54d4b777c525b59e3f19915
component	1448:27	toplevel_v2_parent:blocker_window_edit_block_4	3	1448	-1	ba5c66ceef45f49c9f1d594be923b724cec82b5a3cf9e82370460fe2ccd3d05f	Whole interface group identical to 949 source	15be4d3bd9999c65fae9e110059d996fd9bdcf51e54d4b777c525b59e3f19915
component	1448:30	toplevel_v2_parent:blocker_window_edit_block_5	3	1448	-1	ba5c66ceef45f49c9f1d594be923b724cec82b5a3cf9e82370460fe2ccd3d05f	Whole interface group identical to 949 source	15be4d3bd9999c65fae9e110059d996fd9bdcf51e54d4b777c525b59e3f19915
component	1448:15	toplevel_v2_parent:border_layer	3	1448	-1	ba5c66ceef45f49c9f1d594be923b724cec82b5a3cf9e82370460fe2ccd3d05f	Whole interface group identical to 949 source	15be4d3bd9999c65fae9e110059d996fd9bdcf51e54d4b777c525b59e3f19915
component	1448:2	toplevel_v2_parent:bordered_content_layer	3	1448	-1	ba5c66ceef45f49c9f1d594be923b724cec82b5a3cf9e82370460fe2ccd3d05f	Whole interface group identical to 949 source	15be4d3bd9999c65fae9e110059d996fd9bdcf51e54d4b777c525b59e3f19915
component	1448:13	toplevel_v2_parent:com_13	3	1448	-1	ba5c66ceef45f49c9f1d594be923b724cec82b5a3cf9e82370460fe2ccd3d05f	Whole interface group identical to 949 source	15be4d3bd9999c65fae9e110059d996fd9bdcf51e54d4b777c525b59e3f19915
component	1448:14	toplevel_v2_parent:com_14	3	1448	-1	ba5c66ceef45f49c9f1d594be923b724cec82b5a3cf9e82370460fe2ccd3d05f	Whole interface group identical to 949 source	15be4d3bd9999c65fae9e110059d996fd9bdcf51e54d4b777c525b59e3f19915
component	1448:0	toplevel_v2_parent:content_layer	3	1448	-1	ba5c66ceef45f49c9f1d594be923b724cec82b5a3cf9e82370460fe2ccd3d05f	Whole interface group identical to 949 source	15be4d3bd9999c65fae9e110059d996fd9bdcf51e54d4b777c525b59e3f19915
component	1448:1	toplevel_v2_parent:loading_layer	3	1448	-1	ba5c66ceef45f49c9f1d594be923b724cec82b5a3cf9e82370460fe2ccd3d05f	Whole interface group identical to 949 source	15be4d3bd9999c65fae9e110059d996fd9bdcf51e54d4b777c525b59e3f19915
component	1448:16	toplevel_v2_parent:main_layer	3	1448	-1	ba5c66ceef45f49c9f1d594be923b724cec82b5a3cf9e82370460fe2ccd3d05f	Whole interface group identical to 949 source	15be4d3bd9999c65fae9e110059d996fd9bdcf51e54d4b777c525b59e3f19915
component	1448:3	toplevel_v2_parent:suboverlay_layer_1	3	1448	-1	ba5c66ceef45f49c9f1d594be923b724cec82b5a3cf9e82370460fe2ccd3d05f	Whole interface group identical to 949 source	15be4d3bd9999c65fae9e110059d996fd9bdcf51e54d4b777c525b59e3f19915
component	1448:5	toplevel_v2_parent:suboverlay_layer_2	3	1448	-1	ba5c66ceef45f49c9f1d594be923b724cec82b5a3cf9e82370460fe2ccd3d05f	Whole interface group identical to 949 source	15be4d3bd9999c65fae9e110059d996fd9bdcf51e54d4b777c525b59e3f19915
component	1448:7	toplevel_v2_parent:suboverlay_layer_3	3	1448	-1	ba5c66ceef45f49c9f1d594be923b724cec82b5a3cf9e82370460fe2ccd3d05f	Whole interface group identical to 949 source	15be4d3bd9999c65fae9e110059d996fd9bdcf51e54d4b777c525b59e3f19915
component	1448:9	toplevel_v2_parent:suboverlay_layer_4	3	1448	-1	ba5c66ceef45f49c9f1d594be923b724cec82b5a3cf9e82370460fe2ccd3d05f	Whole interface group identical to 949 source	15be4d3bd9999c65fae9e110059d996fd9bdcf51e54d4b777c525b59e3f19915
component	1448:11	toplevel_v2_parent:suboverlay_layer_5	3	1448	-1	ba5c66ceef45f49c9f1d594be923b724cec82b5a3cf9e82370460fe2ccd3d05f	Whole interface group identical to 949 source	15be4d3bd9999c65fae9e110059d996fd9bdcf51e54d4b777c525b59e3f19915
interface	517	bank	3	517	-1	52a9ba405049ffcb4f1430a9c55ca2f6e2737050107a7fe17e70296d97b7e791	Whole interface group identical to 949 source	15be4d3bd9999c65fae9e110059d996fd9bdcf51e54d4b777c525b59e3f19915
interface	623	machinima_skybox_filter	3	623	-1	93d10aa193b3d225910a377249cdae4fdd470283efdbd919e701cfd343dddb95	Whole interface group identical to 949 source	15be4d3bd9999c65fae9e110059d996fd9bdcf51e54d4b777c525b59e3f19915
interface	938	rand_complexity_select	3	938	-1	360c7f49be7910b9019a0056d17a7eea065f084b15f439f9cbc21a73096b5a1d	Whole interface group identical to 949 source	15be4d3bd9999c65fae9e110059d996fd9bdcf51e54d4b777c525b59e3f19915
interface	947	rand_floor_select	3	947	-1	c9b6568ca23d6adabf32ff8dd9028f06328600ff348ea77d9ea04289b753c4bc	Whole interface group identical to 949 source	15be4d3bd9999c65fae9e110059d996fd9bdcf51e54d4b777c525b59e3f19915
interface	91	rand_party_side_new	3	91	-1	aa122ee8bba3bfc46e4048809bd4d51b8d2840f6304ddaec5237107308c575c4	Whole interface group identical to 949 source	15be4d3bd9999c65fae9e110059d996fd9bdcf51e54d4b777c525b59e3f19915
interface	1448	toplevel_v2_parent	3	1448	-1	ba5c66ceef45f49c9f1d594be923b724cec82b5a3cf9e82370460fe2ccd3d05f	Whole interface group identical to 949 source	15be4d3bd9999c65fae9e110059d996fd9bdcf51e54d4b777c525b59e3f19915
varbit	42889	machinima_custom_fog_colour_r_perm	2	69	42889	885f5b91bb8f7d42fd602229a981aa07cfff40cfe154c9f3f1e25133cde55637	949 name; audited 950 variable payload match	7fe5f5282da440c513ba1167f53a636d1709c08909db773ac8002c0d3ccab73a
varbit	42886	machinima_custom_sun_colour_r_perm	2	69	42886	788d3492d3e5cf198c8d169c2f2ea40f5d10783e6a2bb5ed3764595a372bf94d	949 name; audited 950 variable payload match	7fe5f5282da440c513ba1167f53a636d1709c08909db773ac8002c0d3ccab73a
varbit	42892	machinima_custom_volumetric_colour_r_perm	2	69	42892	0e91966c5777cc6ee17f66bf83ad3fece940286ac8825717b17a6a5bd603b2bb	949 name; audited 950 variable payload match	7fe5f5282da440c513ba1167f53a636d1709c08909db773ac8002c0d3ccab73a
varbit	28041	machinima_remember_selection_skybox	2	69	28041	8cc6828872a49c89ed7c10f0e65e9e6fdb964e7ee8bf8fec62574a68c7aecdd1	949 name; audited 950 variable payload match	7fe5f5282da440c513ba1167f53a636d1709c08909db773ac8002c0d3ccab73a
varp	10986	combatv2_buff_necromancy_necrosis_stacks	2	60	10986	890437b70d9b486e3feed1b393b47a8af8dca19c347e2966e67c3f44f182c98b	949 name; audited 950 variable payload match	7fe5f5282da440c513ba1167f53a636d1709c08909db773ac8002c0d3ccab73a
varp	11035	combatv2_buff_necromancy_residual_soul_stacks	2	60	11035	890437b70d9b486e3feed1b393b47a8af8dca19c347e2966e67c3f44f182c98b	949 name; audited 950 variable payload match	7fe5f5282da440c513ba1167f53a636d1709c08909db773ac8002c0d3ccab73a
